timestamp[ns],stream_id,mask
57003141596769,214-1,False
57003141683894,1201-1,False
57003141683894,1201-2,False
57003174928010,214-1,False
57003175012099,1201-1,False
57003175012099,1201-2,False
57003208259249,214-1,False
57003208340299,1201-1,False
57003208340299,1201-2,False
57003241668397,1201-1,False
57003241668397,1201-2,False
57003243344439,214-1,False
57003274895695,214-1,False
57003274996495,1201-1,False
57003274996495,1201-2,False
57003308230505,214-1,False
57003308324594,1201-1,False
57003308324594,1201-2,False
57003341561392,214-1,False
57003341652692,1201-1,False
57003341652692,1201-2,False
57003374892564,214-1,False
57003374980815,1201-1,False
57003374980815,1201-2,False
57003408213572,214-1,False
57003408308998,1201-1,False
57003408308998,1201-2,False
57003441546464,214-1,False
57003441637139,1201-1,False
57003441637139,1201-2,False
57003474871193,214-1,False
57003474965281,1201-1,False
57003474965281,1201-2,False
57003508194679,214-1,False
57003508293392,1201-1,False
57003508293392,1201-2,False
57003541527950,214-1,False
57003541621450,1201-1,False
57003541621450,1201-2,False
57003574859116,214-1,False
57003574949616,1201-1,False
57003574949616,1201-2,False
57003608218718,214-1,False
57003608309768,1201-1,False
57003608309768,1201-2,False
57003641545995,214-1,False
57003641637920,1201-1,False
57003641637920,1201-2,False
57003674876772,214-1,False
57003674966072,1201-1,False
57003674966072,1201-2,False
57003708199349,214-1,False
57003708294224,1201-1,False
57003708294224,1201-2,False
57003741530163,214-1,False
57003741622376,1201-1,False
57003741622376,1201-2,False
57003774861324,214-1,False
57003774950499,1201-1,False
57003774950499,1201-2,False
57003808197094,214-1,False
57003808310558,1201-1,False
57003808310558,1201-2,False
57003841546357,214-1,False
57003841638569,1201-1,False
57003841638569,1201-2,False
57003874874728,214-1,False
57003874966443,1201-1,False
57003874966443,1201-2,False
57003908204871,214-1,False
57003908294871,1201-1,False
57003908294871,1201-2,False
57003941526759,214-1,False
57003941622757,1201-1,False
57003941622757,1201-2,False
57003974892265,214-1,False
57003974950566,1201-1,False
57003974950566,1201-2,False
57004008215217,214-1,False
57004008311267,1201-1,False
57004008311267,1201-2,False
57004041548674,214-1,False
57004041639350,1201-1,False
57004041639350,1201-2,False
57004074869841,214-1,False
57004074967466,1201-1,False
57004074967466,1201-2,False
57004108201033,214-1,False
57004108295583,1201-1,False
57004108295583,1201-2,False
57004141528521,214-1,False
57004141623735,1201-1,False
57004141623735,1201-2,False
57004174856018,214-1,False
57004174951943,1201-1,False
57004174951943,1201-2,False
57004208183478,214-1,False
57004208280067,1201-1,False
57004208280067,1201-2,False
57004241544577,214-1,True
57004241640327,1201-1,True
57004241640327,1201-2,True
57004274871981,214-1,True
57004274968407,1201-1,True
57004274968407,1201-2,True
57004308199398,214-1,True
57004308296486,1201-1,True
57004308296486,1201-2,True
57004341526825,214-1,True
57004341624575,1201-1,True
57004341624575,1201-2,True
57004374857987,214-1,True
57004374952700,1201-1,True
57004374952700,1201-2,True
57004408190789,214-1,True
57004408280840,1201-1,True
57004408280840,1201-2,True
57004441519641,214-1,True
57004441608979,1201-1,True
57004441608979,1201-2,True
57004474827319,214-1,True
57004474937119,1201-1,True
57004474937119,1201-2,True
57004508169883,214-1,True
57004508265259,1201-1,True
57004508265259,1201-2,True
57004541545773,214-1,True
57004541641398,1201-1,True
57004541641398,1201-2,True
57004574876950,214-1,True
57004574969538,1201-1,True
57004574969538,1201-2,True
57004608206214,214-1,True
57004608297678,1201-1,True
57004608297678,1201-2,True
57004641527409,214-1,True
57004641625834,1201-1,True
57004641625834,1201-2,True
57004674863558,214-1,True
57004674954021,1201-1,True
57004674954021,1201-2,True
57004708191002,214-1,True
57004708282127,1201-1,True
57004708282127,1201-2,True
57004741551904,214-1,True
57004741642205,1201-1,True
57004741642205,1201-2,True
57004774879379,214-1,True
57004774970342,1201-1,True
57004774970342,1201-2,True
57004808206854,214-1,True
57004808298479,1201-1,True
57004808298479,1201-2,True
57004841537994,214-1,True
57004841626582,1201-1,True
57004841626582,1201-2,True
57004874865358,214-1,True
57004874954609,1201-1,True
57004874954609,1201-2,True
57004908192823,214-1,True
57004908282748,1201-1,True
57004908282748,1201-2,True
57004941553816,214-1,True
57004941642904,1201-1,True
57004941642904,1201-2,True
57004974881233,214-1,True
57004974970984,1201-1,True
57004974970984,1201-2,True
57005008208679,214-1,True
57005008299142,1201-1,True
57005008299142,1201-2,True
57005041536071,214-1,True
57005041627197,1201-1,True
57005041627197,1201-2,True
57005074863618,214-1,True
57005074955418,1201-1,True
57005074955418,1201-2,True
57005108194692,214-1,True
57005108283442,1201-1,True
57005108283442,1201-2,True
57005141563171,214-1,True
57005141643634,1201-1,True
57005141643634,1201-2,True
57005174883108,214-1,True
57005174971696,1201-1,True
57005174971696,1201-2,True
57005208205213,214-1,True
57005208299764,1201-1,True
57005208299764,1201-2,True
57005241532684,214-1,True
57005241628147,1201-1,True
57005241628147,1201-2,True
57005274865007,214-1,True
57005274956221,1201-1,True
57005274956221,1201-2,True
57005308189976,214-1,True
57005308284439,1201-1,True
57005308284439,1201-2,True
57005341554403,214-1,True
57005341612491,1201-1,True
57005341612491,1201-2,True
57005374882960,214-1,True
57005374972548,1201-1,True
57005374972548,1201-2,True
57005408206679,214-1,True
57005408300680,1201-1,True
57005408300680,1201-2,True
57005441537885,214-1,True
57005441628811,1201-1,True
57005441628811,1201-2,True
57005474865317,214-1,True
57005474956942,1201-1,True
57005474956942,1201-2,True
57005508192773,214-1,True
57005508285073,1201-1,True
57005508285073,1201-2,True
57005541520241,214-1,True
57005541613205,1201-1,True
57005541613205,1201-2,True
57005574881214,214-1,True
57005574973340,1201-1,True
57005574973340,1201-2,True
57005608208685,214-1,True
57005608301485,1201-1,True
57005608301485,1201-2,True
57005641536168,214-1,True
57005641629631,1201-1,True
57005641629631,1201-2,True
57005674863673,214-1,True
57005674957799,1201-1,True
57005674957799,1201-2,True
57005708194922,214-1,True
57005708286011,1201-1,True
57005708286011,1201-2,True
57005741522391,214-1,True
57005741614141,1201-1,True
57005741614141,1201-2,True
57005774883308,214-1,True
57005774974234,1201-1,True
57005774974234,1201-2,True
57005808210766,214-1,True
57005808302354,1201-1,True
57005808302354,1201-2,True
57005841538225,214-1,True
57005841630475,1201-1,True
57005841630475,1201-2,True
57005874865664,214-1,True
57005874958590,1201-1,True
57005874958590,1201-2,True
57005908193076,214-1,True
57005908286664,1201-1,True
57005908286664,1201-2,True
57005941520397,214-1,True
57005941614697,1201-1,True
57005941614697,1201-2,True
57005974881391,214-1,True
57005974974816,1201-1,True
57005974974816,1201-2,True
57006008208842,214-1,True
57006008302968,1201-1,True
57006008302968,1201-2,True
57006041540068,214-1,True
57006041631119,1201-1,True
57006041631119,1201-2,True
57006074867557,214-1,True
57006074959270,1201-1,True
57006074959270,1201-2,True
57006108194996,214-1,True
57006108287421,1201-1,True
57006108287421,1201-2,True
57006141522484,214-1,True
57006141615573,1201-1,True
57006141615573,1201-2,True
57006174898386,214-1,True
57006174991724,1201-1,True
57006174991724,1201-2,True
57006208225875,214-1,True
57006208319876,1201-1,True
57006208319876,1201-2,True
57006241557064,214-1,True
57006241648027,1201-1,True
57006241648027,1201-2,True
57006274884541,214-1,True
57006274976167,1201-1,True
57006274976167,1201-2,True
57006308211971,214-1,True
57006308304271,1201-1,True
57006308304271,1201-2,True
57006341539413,214-1,True
57006341632376,1201-1,True
57006341632376,1201-2,True
57006374866805,214-1,True
57006374960481,1201-1,True
57006374960481,1201-2,True
57006408194247,214-1,True
57006408288585,1201-1,True
57006408288585,1201-2,True
57006441525440,214-1,True
57006441616690,1201-1,True
57006441616690,1201-2,True
57006474852831,214-1,True
57006474944795,1201-1,True
57006474944795,1201-2,True
57006508180274,214-1,True
57006508272899,1201-1,True
57006508272899,1201-2,True
57006541541204,214-1,True
57006541633004,1201-1,True
57006541633004,1201-2,True
57006574868646,214-1,True
57006574961109,1201-1,True
57006574961109,1201-2,True
57006608196114,214-1,True
57006608289239,1201-1,True
57006608289239,1201-2,True
57006641523671,214-1,True
57006641617472,1201-1,True
57006641617472,1201-2,True
57006674888499,214-1,True
57006674945712,1201-1,True
57006674945712,1201-2,True
57006708211930,214-1,True
57006708305553,1201-1,True
57006708305553,1201-2,True
57006741538934,214-1,True
57006741633237,1201-1,True
57006741633237,1201-2,True
57006774871711,214-1,True
57006774962011,1201-1,True
57006774962011,1201-2,True
57006808194097,214-1,True
57006808290186,1201-1,True
57006808290186,1201-2,True
57006841519004,214-1,True
57006841618304,1201-1,True
57006841618304,1201-2,True
57006874853648,214-1,True
57006874946362,1201-1,True
57006874946362,1201-2,True
57006908239276,214-1,True
57006908306489,1201-1,True
57006908306489,1201-2,True
57006941541848,214-1,True
57006941634598,1201-1,True
57006941634598,1201-2,True
57006974872206,214-1,True
57006974962706,1201-1,True
57006974962706,1201-2,True
57007008195745,214-1,True
57007008290833,1201-1,True
57007008290833,1201-2,True
57007041523206,214-1,True
57007041619007,1201-1,True
57007041619007,1201-2,True
57007074850667,214-1,True
57007074947130,1201-1,True
57007074947130,1201-2,True
57007108211590,214-1,True
57007108307215,1201-1,True
57007108307215,1201-2,True
57007141541452,214-1,True
57007141635378,1201-1,True
57007141635378,1201-2,True
57007174864077,214-1,True
57007174963540,1201-1,True
57007174963540,1201-2,True
57007208197805,214-1,True
57007208291680,1201-1,True
57007208291680,1201-2,True
57007241525227,214-1,True
57007241619778,1201-1,True
57007241619778,1201-2,True
57007274856445,214-1,True
57007274947946,1201-1,True
57007274947946,1201-2,True
57007308213696,214-1,True
57007308308071,1201-1,True
57007308308071,1201-2,True
57007341544868,214-1,True
57007341636207,1201-1,True
57007341636207,1201-2,True
57007374872342,214-1,True
57007374964342,1201-1,True
57007374964342,1201-2,True
57007408197052,214-1,True
57007408292477,1201-1,True
57007408292477,1201-2,True
57007441528237,214-1,True
57007441620613,1201-1,True
57007441620613,1201-2,True
57007474858248,214-1,True
57007474948748,1201-1,True
57007474948748,1201-2,True
57007508185708,214-1,True
57007508276884,1201-1,True
57007508276884,1201-2,True
57007541471468,214-1,True
57007541637019,1201-1,True
57007541637019,1201-2,True
57007574871279,214-1,True
57007574965155,1201-1,True
57007574965155,1201-2,True
57007608196577,214-1,True
57007608293290,1201-1,True
57007608293290,1201-2,True
57007641528425,214-1,True
57007641621425,1201-1,True
57007641621425,1201-2,True
57007674852560,214-1,True
57007674949561,1201-1,True
57007674949561,1201-2,True
57007708220245,214-1,True
57007708309708,1201-1,True
57007708309708,1201-2,True
57007741541921,214-1,True
57007741637885,1201-1,True
57007741637885,1201-2,True
57007774877193,214-1,True
57007774965993,1201-1,True
57007774965993,1201-2,True
57007808199697,214-1,True
57007808294036,1201-1,True
57007808294036,1201-2,True
57007841503763,214-1,True
57007841622263,1201-1,True
57007841622263,1201-2,True
57007874854855,214-1,True
57007874950318,1201-1,True
57007874950318,1201-2,True
57007908212508,214-1,True
57007908310433,1201-1,True
57007908310433,1201-2,True
57007941543523,214-1,True
57007941638398,1201-1,True
57007941638398,1201-2,True
57007974870888,214-1,True
57007974966440,1201-1,True
57007974966440,1201-2,True
57008008198582,214-1,True
57008008294795,1201-1,True
57008008294795,1201-2,True
57008041525997,214-1,True
57008041622872,1201-1,True
57008041622872,1201-2,True
57008074853417,214-1,True
57008074950967,1201-1,True
57008074950967,1201-2,True
57008108218154,214-1,True
57008108279155,1201-1,True
57008108279155,1201-2,True
57008141548462,214-1,True
57008141639048,1201-1,True
57008141639048,1201-2,True
57008174869024,214-1,True
57008174966576,1201-1,True
57008174966576,1201-2,True
57008208201516,214-1,True
57008208295068,1201-1,True
57008208295068,1201-2,True
57008241554970,214-1,True
57008241655560,1201-1,True
57008241655560,1201-2,True
57008274888583,214-1,True
57008274983959,1201-1,True
57008274983959,1201-2,True
57008308213213,214-1,True
57008308312051,1201-1,True
57008308312051,1201-2,True
57008341541544,214-1,True
57008341640094,1201-1,True
57008341640094,1201-2,True
57008374872529,214-1,True
57008374968243,1201-1,True
57008374968243,1201-2,True
57008408197266,214-1,True
57008408296391,1201-1,True
57008408296391,1201-2,True
57008441529614,214-1,True
57008441624539,1201-1,True
57008441624539,1201-2,True
57008474860599,214-1,True
57008474952688,1201-1,True
57008474952688,1201-2,True
57008508185335,214-1,True
57008508280836,1201-1,True
57008508280836,1201-2,True
57008541547484,214-1,True
57008541640984,1201-1,True
57008541640984,1201-2,True
57008574872207,214-1,True
57008574969133,1201-1,True
57008574969133,1201-2,True
57008608202030,214-1,True
57008608297281,1201-1,True
57008608297281,1201-2,True
57008641529504,214-1,True
57008641625429,1201-1,True
57008641625429,1201-2,True
57008674859339,214-1,True
57008674953589,1201-1,True
57008674953589,1201-2,True
57008708186799,214-1,True
57008708281724,1201-1,True
57008708281724,1201-2,True
57008741547622,214-1,True
57008741641711,1201-1,True
57008741641711,1201-2,True
57008774875073,214-1,True
57008774969823,1201-1,True
57008774969823,1201-2,True
57008808206223,214-1,True
57008808297936,1201-1,True
57008808297936,1201-2,True
57008841533678,214-1,True
57008841626054,1201-1,True
57008841626054,1201-2,True
57008874864636,214-1,True
57008874954187,1201-1,True
57008874954187,1201-2,True
57008908192119,214-1,True
57008908282333,1201-1,True
57008908282333,1201-2,True
57008941553119,214-1,True
57008941642494,1201-1,True
57008941642494,1201-2,True
57008974880540,214-1,True
57008974970590,1201-1,True
57008974970590,1201-2,True
57009008207972,214-1,True
57009008298686,1201-1,True
57009008298686,1201-2,True
57009041535446,214-1,True
57009041626822,1201-1,True
57009041626822,1201-2,True
57009074866674,214-1,True
57009074955012,1201-1,True
57009074955012,1201-2,True
57009108194023,214-1,True
57009108283023,1201-1,True
57009108283023,1201-2,True
57009141550306,214-1,True
57009141643182,1201-1,True
57009141643182,1201-2,True
57009174876992,214-1,True
57009174971493,1201-1,True
57009174971493,1201-2,True
57009208206091,214-1,True
57009208299680,1201-1,True
57009208299680,1201-2,True
57009241535309,214-1,True
57009241627772,1201-1,True
57009241627772,1201-2,True
57009274854274,214-1,True
57009274955824,1201-1,True
57009274955824,1201-2,True
57009308191971,214-1,True
57009308283971,1201-1,True
57009308283971,1201-2,True
57009341552138,214-1,True
57009341612013,1201-1,True
57009341612013,1201-2,True
57009374878550,214-1,True
57009374972101,1201-1,True
57009374972101,1201-2,True
57009408210192,214-1,True
57009408300242,1201-1,True
57009408300242,1201-2,True
57009441538084,214-1,True
57009441628384,1201-1,True
57009441628384,1201-2,True
57009474859062,214-1,True
57009474956526,1201-1,True
57009474956526,1201-2,True
57009508186542,214-1,True
57009508284667,1201-1,True
57009508284667,1201-2,True
57009541514009,214-1,True
57009541612809,1201-1,True
57009541612809,1201-2,True
57009574874996,214-1,True
57009574972959,1201-1,True
57009574972959,1201-2,True
57009608209009,214-1,True
57009608301134,1201-1,True
57009608301134,1201-2,True
57009641539059,214-1,True
57009641629309,1201-1,True
57009641629309,1201-2,True
57009674860285,214-1,True
57009674957499,1201-1,True
57009674957499,1201-2,True
57009708187823,214-1,True
57009708285698,1201-1,True
57009708285698,1201-2,True
57009741518206,214-1,True
57009741613794,1201-1,True
57009741613794,1201-2,True
57009774882896,214-1,True
57009774973897,1201-1,True
57009774973897,1201-2,True
57009808207771,214-1,True
57009808302022,1201-1,True
57009808302022,1201-2,True
57009841535221,214-1,True
57009841630147,1201-1,True
57009841630147,1201-2,True
57009874862652,214-1,True
57009874958240,1201-1,True
57009874958240,1201-2,True
57009908193723,214-1,True
57009908286274,1201-1,True
57009908286274,1201-2,True
57009941521184,214-1,True
57009941614397,1201-1,True
57009941614397,1201-2,True
57009974882102,214-1,True
57009974974477,1201-1,True
57009974974477,1201-2,True
57010008209575,214-1,True
57010008302626,1201-1,True
57010008302626,1201-2,True
57010041537061,214-1,True
57010041630774,1201-1,True
57010041630774,1201-2,True
57010074864547,214-1,True
57010074958923,1201-1,True
57010074958923,1201-2,True
57010108192021,214-1,True
57010108287071,1201-1,True
57010108287071,1201-2,True
57010141519496,214-1,True
57010141615209,1201-1,True
57010141615209,1201-2,True
57010174880454,214-1,True
57010174975329,1201-1,True
57010174975329,1201-2,True
57010208207935,214-1,True
57010208303485,1201-1,True
57010208303485,1201-2,True
57010241539141,214-1,True
57010241631641,1201-1,True
57010241631641,1201-2,True
57010274866622,214-1,True
57010274959797,1201-1,True
57010274959797,1201-2,True
57010308194115,214-1,True
57010308287953,1201-1,True
57010308287953,1201-2,True
57010341521572,214-1,True
57010341616072,1201-1,True
57010341616072,1201-2,True
57010374928064,214-1,True
57010374976114,1201-1,True
57010374976114,1201-2,True
57010408212042,214-1,True
57010408304255,1201-1,True
57010408304255,1201-2,True
57010441542059,214-1,True
57010441632397,1201-1,True
57010441632397,1201-2,True
57010474869538,214-1,True
57010474960539,1201-1,True
57010474960539,1201-2,True
57010508195592,214-1,True
57010508288680,1201-1,True
57010508288680,1201-2,True
57010541523072,214-1,True
57010541616822,1201-1,True
57010541616822,1201-2,True
57010574887524,214-1,True
57010574976949,1201-1,True
57010574976949,1201-2,True
57010608214080,214-1,True
57010608305005,1201-1,True
57010608305005,1201-2,True
57010641537361,214-1,True
57010641633112,1201-1,True
57010641633112,1201-2,True
57010674869567,214-1,True
57010674961531,1201-1,True
57010674961531,1201-2,True
57010708194992,214-1,True
57010708289617,1201-1,True
57010708289617,1201-2,True
57010741527062,214-1,True
57010741617687,1201-1,True
57010741617687,1201-2,True
57010774887887,214-1,True
57010774945887,1201-1,True
57010774945887,1201-2,True
57010808211420,214-1,True
57010808306008,1201-1,True
57010808306008,1201-2,True
57010841541378,214-1,True
57010841634092,1201-1,True
57010841634092,1201-2,True
57010874868800,214-1,True
57010874962175,1201-1,True
57010874962175,1201-2,True
57010908196242,214-1,True
57010908290292,1201-1,True
57010908290292,1201-2,True
57010941523746,214-1,True
57010941618459,1201-1,True
57010941618459,1201-2,True
57010974851049,214-1,True
57010974946474,1201-1,True
57010974946474,1201-2,True
57011008210368,214-1,True
57011008306543,1201-1,True
57011008306543,1201-2,True
57011041535344,214-1,True
57011041634720,1201-1,True
57011041634720,1201-2,True
57011074862057,214-1,True
57011074962896,1201-1,True
57011074962896,1201-2,True
57011108200521,214-1,True
57011108291072,1201-1,True
57011108291072,1201-2,True
57011141578785,214-1,True
57011141667248,1201-1,True
57011141667248,1201-2,True
57011174906299,214-1,True
57011174995424,1201-1,True
57011174995424,1201-2,True
57011208258262,214-1,True
57011208323600,1201-1,True
57011208323600,1201-2,True
57011241555934,214-1,True
57011241651734,1201-1,True
57011241651734,1201-2,True
57011274887048,214-1,True
57011274979799,1201-1,True
57011274979799,1201-2,True
57011308218296,214-1,True
57011308308009,1201-1,True
57011308308009,1201-2,True
57011341545772,214-1,True
57011341636148,1201-1,True
57011341636148,1201-2,True
57011374814073,214-1,True
57011374964286,1201-1,True
57011374964286,1201-2,True
57011408198999,214-1,True
57011408292425,1201-1,True
57011408292425,1201-2,True
57011441527438,214-1,True
57011441620563,1201-1,True
57011441620563,1201-2,True
57011474851613,214-1,True
57011474948702,1201-1,True
57011474948702,1201-2,True
57011508189290,214-1,True
57011508276840,1201-1,True
57011508276840,1201-2,True
57011541551854,214-1,True
57011541636979,1201-1,True
57011541636979,1201-2,True
57011574868367,214-1,True
57011574965118,1201-1,True
57011574965118,1201-2,True
57011608203506,214-1,True
57011608293256,1201-1,True
57011608293256,1201-2,True
57011641533719,214-1,True
57011641621395,1201-1,True
57011641621395,1201-2,True
57011674892358,214-1,True
57011674981533,1201-1,True
57011674981533,1201-2,True
57011708215102,214-1,True
57011708309652,1201-1,True
57011708309652,1201-2,True
57011741540206,214-1,True
57011741637757,1201-1,True
57011741637757,1201-2,True
57011774870464,214-1,True
57011774965927,1201-1,True
57011774965927,1201-2,True
57011808200329,214-1,True
57011808293917,1201-1,True
57011808293917,1201-2,True
57011841524309,214-1,True
57011841622059,1201-1,True
57011841622059,1201-2,True
57011874854346,214-1,True
57011874950221,1201-1,True
57011874950221,1201-2,True
57011908214070,214-1,True
57011908310283,1201-1,True
57011908310283,1201-2,True
57011941541523,214-1,True
57011941638398,1201-1,True
57011941638398,1201-2,True
57011974868864,214-1,True
57011974966415,1201-1,True
57011974966415,1201-2,True
57012008196463,214-1,True
57012008294714,1201-1,True
57012008294714,1201-2,True
57012041535547,214-1,True
57012041622847,1201-1,True
57012041622847,1201-2,True
57012074858061,214-1,True
57012074950936,1201-1,True
57012074950936,1201-2,True
57012108222601,214-1,True
57012108279101,1201-1,True
57012108279101,1201-2,True
57012141548844,214-1,True
57012141638966,1201-1,True
57012141638966,1201-2,True
57012174869573,214-1,True
57012174966449,1201-1,True
57012174966449,1201-2,True
57012208202560,214-1,True
57012208294987,1201-1,True
57012208294987,1201-2,True
57012241551810,214-1,True
57012241623525,1201-1,True
57012241623525,1201-2,True
57012274853668,214-1,True
57012274951918,1201-1,True
57012274951918,1201-2,True
57012308179817,214-1,True
57012308279905,1201-1,True
57012308279905,1201-2,True
57012341548623,214-1,True
57012341639998,1201-1,True
57012341639998,1201-2,True
57012374872361,214-1,True
57012374968161,1201-1,True
57012374968161,1201-2,True
57012408206149,214-1,True
57012408296325,1201-1,True
57012408296325,1201-2,True
57012441530113,214-1,True
57012441624488,1201-1,True
57012441624488,1201-2,True
57012474858976,214-1,True
57012474952651,1201-1,True
57012474952651,1201-2,True
57012508186476,214-1,True
57012508280815,1201-1,True
57012508280815,1201-2,True
57012541547478,214-1,True
57012541640978,1201-1,True
57012541640978,1201-2,True
57012574874966,214-1,True
57012574969141,1201-1,True
57012574969141,1201-2,True
57012608202466,214-1,True
57012608297305,1201-1,True
57012608297305,1201-2,True
57012641529967,214-1,True
57012641625468,1201-1,True
57012641625468,1201-2,True
57012674861121,214-1,True
57012674953584,1201-1,True
57012674953584,1201-2,True
57012708188464,214-1,True
57012708281589,1201-1,True
57012708281589,1201-2,True
57012741549410,214-1,True
57012741641710,1201-1,True
57012741641710,1201-2,True
57012774876905,214-1,True
57012774969868,1201-1,True
57012774969868,1201-2,True
57012808204401,214-1,True
57012808298027,1201-1,True
57012808298027,1201-2,True
57012841531844,214-1,True
57012841626144,1201-1,True
57012841626144,1201-2,True
57012874859175,214-1,True
57012874954175,1201-1,True
57012874954175,1201-2,True
57012908186638,214-1,True
57012908282313,1201-1,True
57012908282313,1201-2,True
57012941562526,214-1,True
57012941658452,1201-1,True
57012941658452,1201-2,True
57012974893715,214-1,True
57012974986590,1201-1,True
57012974986590,1201-2,True
57013008221178,214-1,True
57013008314729,1201-1,True
57013008314729,1201-2,True
57013041548658,214-1,True
57013041642872,1201-1,True
57013041642872,1201-2,True
57013074876161,214-1,True
57013074971036,1201-1,True
57013074971036,1201-2,True
57013108203626,214-1,True
57013108299176,1201-1,True
57013108299176,1201-2,True
57013141534697,214-1,True
57013141627197,1201-1,True
57013141627197,1201-2,True
57013174862148,214-1,True
57013174955324,1201-1,True
57013174955324,1201-2,True
57013208189772,214-1,True
57013208283611,1201-1,True
57013208283611,1201-2,True
57013241550759,214-1,True
57013241643760,1201-1,True
57013241643760,1201-2,True
57013274878150,214-1,True
57013274971825,1201-1,True
57013274971825,1201-2,True
57013308205428,214-1,True
57013308299804,1201-1,True
57013308299804,1201-2,True
57013341533191,214-1,True
57013341628241,1201-1,True
57013341628241,1201-2,True
57013374860579,214-1,True
57013374956292,1201-1,True
57013374956292,1201-2,True
57013408196437,214-1,True
57013408284401,1201-1,True
57013408284401,1201-2,True
57013441515046,214-1,True
57013441612509,1201-1,True
57013441612509,1201-2,True
57013474844817,214-1,True
57013474940617,1201-1,True
57013474940617,1201-2,True
57013508176925,214-1,True
57013508268726,1201-1,True
57013508268726,1201-2,True
57013541553959,214-1,True
57013541644834,1201-1,True
57013541644834,1201-2,True
57013574872590,214-1,True
57013574972965,1201-1,True
57013574972965,1201-2,True
57013608203615,214-1,True
57013608301165,1201-1,True
57013608301165,1201-2,True
57013641532315,214-1,True
57013641629365,1201-1,True
57013641629365,1201-2,True
57013674864704,214-1,True
57013674957543,1201-1,True
57013674957543,1201-2,True
57013708190807,214-1,True
57013708285682,1201-1,True
57013708285682,1201-2,True
57013741519478,214-1,True
57013741613853,1201-1,True
57013741613853,1201-2,True
57013774880325,214-1,True
57013774973876,1201-1,True
57013774973876,1201-2,True
57013808207804,214-1,True
57013808302017,1201-1,True
57013808302017,1201-2,True
57013841535284,214-1,True
57013841630159,1201-1,True
57013841630159,1201-2,True
57013874866476,214-1,True
57013874958315,1201-1,True
57013874958315,1201-2,True
57013908193971,214-1,True
57013908286471,1201-1,True
57013908286471,1201-2,True
57013941521375,214-1,True
57013941614550,1201-1,True
57013941614550,1201-2,True
57013974886119,214-1,True
57013974974744,1201-1,True
57013974974744,1201-2,True
57014008209860,214-1,True
57014008302860,1201-1,True
57014008302860,1201-2,True
57014041537301,214-1,True
57014041630976,1201-1,True
57014041630976,1201-2,True
57014074864754,214-1,True
57014074959092,1201-1,True
57014074959092,1201-2,True
57014108192158,214-1,True
57014108287208,1201-1,True
57014108287208,1201-2,True
57014141523337,214-1,True
57014141615300,1201-1,True
57014141615300,1201-2,True
57014174880483,214-1,True
57014174975359,1201-1,True
57014174975359,1201-2,True
57014208211732,214-1,True
57014208303532,1201-1,True
57014208303532,1201-2,True
57014241539242,214-1,True
57014241631705,1201-1,True
57014241631705,1201-2,True
57014274866703,214-1,True
57014274959879,1201-1,True
57014274959879,1201-2,True
57014308194214,214-1,True
57014308288052,1201-1,True
57014308288052,1201-2,True
57014341521737,214-1,True
57014341616237,1201-1,True
57014341616237,1201-2,True
57014374882759,214-1,True
57014374976435,1201-1,True
57014374976435,1201-2,True
57014408210221,214-1,True
57014408304560,1201-1,True
57014408304560,1201-2,True
57014441537684,214-1,True
57014441632685,1201-1,True
57014441632685,1201-2,True
57014474868846,214-1,True
57014474960810,1201-1,True
57014474960810,1201-2,True
57014508196309,214-1,True
57014508288935,1201-1,True
57014508288935,1201-2,True
57014541523759,214-1,True
57014541617060,1201-1,True
57014541617060,1201-2,True
57014574884680,214-1,True
57014574977143,1201-1,True
57014574977143,1201-2,True
57014608211955,214-1,True
57014608305080,1201-1,True
57014608305080,1201-2,True
57014641539357,214-1,True
57014641633159,1201-1,True
57014641633159,1201-2,True
57014674867251,214-1,True
57014674961715,1201-1,True
57014674961715,1201-2,True
57014708198383,214-1,True
57014708289808,1201-1,True
57014708289808,1201-2,True
57014741525812,214-1,True
57014741617900,1201-1,True
57014741617900,1201-2,True
57014774886798,214-1,True
57014774946049,1201-1,True
57014774946049,1201-2,True
57014808214329,214-1,True
57014808306255,1201-1,True
57014808306255,1201-2,True
57014841541787,214-1,True
57014841634376,1201-1,True
57014841634376,1201-2,True
57014874869246,214-1,True
57014874962497,1201-1,True
57014874962497,1201-2,True
57014908196583,214-1,True
57014908290546,1201-1,True
57014908290546,1201-2,True
57014941523877,214-1,True
57014941618503,1201-1,True
57014941618503,1201-2,True
57014974855192,214-1,True
57014974946781,1201-1,True
57014974946781,1201-2,True
57015008212436,214-1,True
57015008306900,1201-1,True
57015008306900,1201-2,True
57015041543624,214-1,True
57015041635050,1201-1,True
57015041635050,1201-2,True
57015074871111,214-1,True
57015074963200,1201-1,True
57015074963200,1201-2,True
57015108198574,214-1,True
57015108291324,1201-1,True
57015108291324,1201-2,True
57015141525962,214-1,True
57015141619388,1201-1,True
57015141619388,1201-2,True
57015174853473,214-1,True
57015174947561,1201-1,True
57015174947561,1201-2,True
57015208214591,214-1,True
57015208307842,1201-1,True
57015208307842,1201-2,True
57015241542033,214-1,True
57015241635958,1201-1,True
57015241635958,1201-2,True
57015274869487,214-1,True
57015274964075,1201-1,True
57015274964075,1201-2,True
57015308200676,214-1,True
57015308292227,1201-1,True
57015308292227,1201-2,True
57015341528246,214-1,True
57015341620460,1201-1,True
57015341620460,1201-2,True
57015374855728,214-1,True
57015374948603,1201-1,True
57015374948603,1201-2,True
57015408216653,214-1,True
57015408308703,1201-1,True
57015408308703,1201-2,True
57015441544090,214-1,True
57015441636803,1201-1,True
57015441636803,1201-2,True
57015474871528,214-1,True
57015474964903,1201-1,True
57015474964903,1201-2,True
57015508198915,214-1,True
57015508293003,1201-1,True
57015508293003,1201-2,True
57015541526353,214-1,True
57015541621103,1201-1,True
57015541621103,1201-2,True
57015574857552,214-1,True
57015574949227,1201-1,True
57015574949227,1201-2,True
57015608214833,214-1,True
57015608309421,1201-1,True
57015608309421,1201-2,True
57015641546108,214-1,True
57015641637609,1201-1,True
57015641637609,1201-2,True
57015674873583,214-1,True
57015674965797,1201-1,True
57015674965797,1201-2,True
57015708201101,214-1,True
57015708293977,1201-1,True
57015708293977,1201-2,True
57015741528557,214-1,True
57015741622107,1201-1,True
57015741622107,1201-2,True
57015774855954,214-1,True
57015774950168,1201-1,True
57015774950168,1201-2,True
57015808216932,214-1,True
57015808310308,1201-1,True
57015808310308,1201-2,True
57015841544382,214-1,True
57015841638432,1201-1,True
57015841638432,1201-2,True
57015874871678,214-1,True
57015874966393,1201-1,True
57015874966393,1201-2,True
57015908203080,214-1,True
57015908294755,1201-1,True
57015908294755,1201-2,True
57015941573421,214-1,True
57015941622670,1201-1,True
57015941622670,1201-2,True
57015974852123,214-1,True
57015974950464,1201-1,True
57015974950464,1201-2,True
57016008221058,214-1,True
57016008311108,1201-1,True
57016008311108,1201-2,True
57016041198181,214-1,True
57016041638920,1201-1,True
57016041638920,1201-2,True
57016074874973,214-1,True
57016074966399,1201-1,True
57016074966399,1201-2,True
57016108202793,214-1,True
57016108294882,1201-1,True
57016108294882,1201-2,True
57016141530614,214-1,True
57016141623365,1201-1,True
57016141623365,1201-2,True
57016174862045,214-1,True
57016174951759,1201-1,True
57016174951759,1201-2,True
57016208188435,214-1,True
57016208279935,1201-1,True
57016208279935,1201-2,True
57016241548387,214-1,True
57016241640226,1201-1,True
57016241640226,1201-2,True
57016274880921,214-1,True
57016274968346,1201-1,True
57016274968346,1201-2,True
57016308234667,214-1,True
57016308328467,1201-1,True
57016308328467,1201-2,True
57016341562088,214-1,True
57016341656588,1201-1,True
57016341656588,1201-2,True
57016374871370,214-1,True
57016374984709,1201-1,True
57016374984709,1201-2,True
57016408215079,214-1,True
57016408312830,1201-1,True
57016408312830,1201-2,True
57016441548775,214-1,True
57016441640950,1201-1,True
57016441640950,1201-2,True
57016474870196,214-1,True
57016474969071,1201-1,True
57016474969071,1201-2,True
57016508201354,214-1,True
57016508297192,1201-1,True
57016508297192,1201-2,True
57016541528812,214-1,True
57016541625313,1201-1,True
57016541625313,1201-2,True
57016574856252,214-1,True
57016574953427,1201-1,True
57016574953427,1201-2,True
57016608183734,214-1,True
57016608281573,1201-1,True
57016608281573,1201-2,True
57016641544830,214-1,True
57016641641831,1201-1,True
57016641641831,1201-2,True
57016674872296,214-1,True
57016674969971,1201-1,True
57016674969971,1201-2,True
57016708199737,214-1,True
57016708298112,1201-1,True
57016708298112,1201-2,True
57016741527203,214-1,True
57016741626253,1201-1,True
57016741626253,1201-2,True
57016774858430,214-1,True
57016774954394,1201-1,True
57016774954394,1201-2,True
57016808194886,214-1,True
57016808282511,1201-1,True
57016808282511,1201-2,True
57016841555776,214-1,True
57016841642577,1201-1,True
57016841642577,1201-2,True
57016874883238,214-1,True
57016874970702,1201-1,True
57016874970702,1201-2,True
57016908210701,214-1,True
57016908298827,1201-1,True
57016908298827,1201-2,True
57016941538150,214-1,True
57016941626950,1201-1,True
57016941626950,1201-2,True
57016974865608,214-1,True
57016974955071,1201-1,True
57016974955071,1201-2,True
57017008196775,214-1,True
57017008283201,1201-1,True
57017008283201,1201-2,True
57017041557767,214-1,True
57017041643355,1201-1,True
57017041643355,1201-2,True
57017074881545,214-1,True
57017074971509,1201-1,True
57017074971509,1201-2,True
57017108212708,214-1,True
57017108299633,1201-1,True
57017108299633,1201-2,True
57017141540145,214-1,True
57017141627734,1201-1,True
57017141627734,1201-2,True
57017174867752,214-1,True
57017174956002,1201-1,True
57017174956002,1201-2,True
57017208195245,214-1,True
57017208284170,1201-1,True
57017208284170,1201-2,True
57017241559975,214-1,True
57017241612350,1201-1,True
57017241612350,1201-2,True
57017274883442,214-1,True
57017274972190,1201-1,True
57017274972190,1201-2,True
57017308210258,214-1,True
57017308299721,1201-1,True
57017308299721,1201-2,True
57017341541582,214-1,True
57017341627957,1201-1,True
57017341627957,1201-2,True
57017374869143,214-1,True
57017374956193,1201-1,True
57017374956193,1201-2,True
57017408196679,214-1,True
57017408284430,1201-1,True
57017408284430,1201-2,True
57017444047383,214-1,True
57017444140683,1201-1,True
57017444140683,1201-2,True
57017477374919,214-1,True
57017477468920,1201-1,True
57017477468920,1201-2,True
57017508270888,214-1,True
57017508365138,1201-1,True
57017508365138,1201-2,True
57017541598449,214-1,True
57017541693374,1201-1,True
57017541693374,1201-2,True
57017574929735,214-1,True
57017575021611,1201-1,True
57017575021611,1201-2,True
57017608257280,214-1,True
57017608349830,1201-1,True
57017608349830,1201-2,True
57017641592240,214-1,True
57017641677991,1201-1,True
57017641677991,1201-2,True
57017674927535,214-1,True
57017675006123,1201-1,True
57017675006123,1201-2,True
57017708241704,214-1,True
57017708334254,1201-1,True
57017708334254,1201-2,True
57017741567797,214-1,True
57017741662385,1201-1,True
57017741662385,1201-2,True
57017774898016,214-1,True
57017774990516,1201-1,True
57017774990516,1201-2,True
57017808227059,214-1,True
57017808318647,1201-1,True
57017808318647,1201-2,True
57017841553122,214-1,True
57017841646797,1201-1,True
57017841646797,1201-2,True
57017874874597,214-1,True
57017874974972,1201-1,True
57017874974972,1201-2,True
57017908213584,214-1,True
57017908303047,1201-1,True
57017908303047,1201-2,True
57017941542159,214-1,True
57017941631122,1201-1,True
57017941631122,1201-2,True
57017974868407,214-1,True
57017974959246,1201-1,True
57017974959246,1201-2,True
57018008195992,214-1,True
57018008287492,1201-1,True
57018008287492,1201-2,True
57018041523441,214-1,True
57018041615616,1201-1,True
57018041615616,1201-2,True
57018074884293,214-1,True
57018074975632,1201-1,True
57018074975632,1201-2,True
57018108211744,214-1,True
57018108303744,1201-1,True
57018108303744,1201-2,True
57018141539181,214-1,True
57018141631856,1201-1,True
57018141631856,1201-2,True
57018174868791,214-1,True
57018174960005,1201-1,True
57018174960005,1201-2,True
57018208193856,214-1,True
57018208288282,1201-1,True
57018208288282,1201-2,True
57018241520281,214-1,True
57018241616581,1201-1,True
57018241616581,1201-2,True
57018274881293,214-1,True
57018274976718,1201-1,True
57018274976718,1201-2,True
57018308208626,214-1,True
57018308304752,1201-1,True
57018308304752,1201-2,True
57018341536160,214-1,True
57018341632960,1201-1,True
57018341632960,1201-2,True
57018374867318,214-1,True
57018374961031,1201-1,True
57018374961031,1201-2,True
57018408191019,214-1,True
57018408289144,1201-1,True
57018408289144,1201-2,True
57018441518456,214-1,True
57018441617256,1201-1,True
57018441617256,1201-2,True
57018474881119,214-1,True
57018474945369,1201-1,True
57018474945369,1201-2,True
57018508182481,214-1,True
57018508273481,1201-1,True
57018508273481,1201-2,True
57018541539506,214-1,True
57018541633594,1201-1,True
57018541633594,1201-2,True
57018574863998,214-1,True
57018574961712,1201-1,True
57018574961712,1201-2,True
57018608199784,214-1,True
57018608289581,1201-1,True
57018608289581,1201-2,True
57018641526302,214-1,True
57018641616978,1201-1,True
57018641616978,1201-2,True
57018674882239,214-1,True
57018674977365,1201-1,True
57018674977365,1201-2,True
57018708206000,214-1,True
57018708305751,1201-1,True
57018708305751,1201-2,True
57018741542136,214-1,True
57018741634137,1201-1,True
57018741634137,1201-2,True
57018774871184,214-1,True
57018774962523,1201-1,True
57018774962523,1201-2,True
57018808196100,214-1,True
57018808290851,1201-1,True
57018808290851,1201-2,True
57018841522166,214-1,True
57018841619005,1201-1,True
57018841619005,1201-2,True
57018874884358,214-1,True
57018874979159,1201-1,True
57018874979159,1201-2,True
57018908215554,214-1,True
57018908307305,1201-1,True
57018908307305,1201-2,True
57018941540250,214-1,True
57018941635426,1201-1,True
57018941635426,1201-2,True
57018974871421,214-1,True
57018974963547,1201-1,True
57018974963547,1201-2,True
57019008192585,214-1,True
57019008291674,1201-1,True
57019008291674,1201-2,True
57019041520069,214-1,True
57019041619820,1201-1,True
57019041619820,1201-2,True
57019074881040,214-1,True
57019074979965,1201-1,True
57019074979965,1201-2,True
57019108208523,214-1,True
57019108308111,1201-1,True
57019108308111,1201-2,True
57019141539707,214-1,True
57019141636257,1201-1,True
57019141636257,1201-2,True
57019174867189,214-1,True
57019174964403,1201-1,True
57019174964403,1201-2,True
57019208194673,214-1,True
57019208292548,1201-1,True
57019208292548,1201-2,True
57019241522144,214-1,True
57019241620694,1201-1,True
57019241620694,1201-2,True
57019274883127,214-1,True
57019274980840,1201-1,True
57019274980840,1201-2,True
57019308210609,214-1,True
57019308308985,1201-1,True
57019308308985,1201-2,True
57019341538075,214-1,True
57019341637126,1201-1,True
57019341637126,1201-2,True
57019374865516,214-1,True
57019374965267,1201-1,True
57019374965267,1201-2,True
57019408196733,214-1,True
57019408293408,1201-1,True
57019408293408,1201-2,True
57019441524174,214-1,True
57019441621549,1201-1,True
57019441621549,1201-2,True
57019474851640,214-1,True
57019474949690,1201-1,True
57019474949690,1201-2,True
57019508179118,214-1,True
57019508277831,1201-1,True
57019508277831,1201-2,True
57019541573222,214-1,True
57019541637973,1201-1,True
57019541637973,1201-2,True
57019574873215,214-1,True
57019574966090,1201-1,True
57019574966090,1201-2,True
57019608201801,214-1,True
57019608294176,1201-1,True
57019608294176,1201-2,True
57019641524000,214-1,True
57019641622375,1201-1,True
57019641622375,1201-2,True
57019674860115,214-1,True
57019674950541,1201-1,True
57019674950541,1201-2,True
57019708218565,214-1,True
57019708310690,1201-1,True
57019708310690,1201-2,True
57019741595589,214-1,True
57019741670840,1201-1,True
57019741670840,1201-2,True
57019774908189,214-1,True
57019774998989,1201-1,True
57019774998989,1201-2,True
57019808239388,214-1,True
57019808327139,1201-1,True
57019808327139,1201-2,True
57019841566863,214-1,True
57019841655288,1201-1,True
57019841655288,1201-2,True
57019874891562,214-1,True
57019874983437,1201-1,True
57019874983437,1201-2,True
57019908219017,214-1,True
57019908311567,1201-1,True
57019908311567,1201-2,True
57019941542721,214-1,True
57019941639646,1201-1,True
57019941639646,1201-2,True
57019974870162,214-1,True
57019974967750,1201-1,True
57019974967750,1201-2,True
57020008201304,214-1,True
57020008295854,1201-1,True
57020008295854,1201-2,True
57020041528755,214-1,True
57020041623969,1201-1,True
57020041623969,1201-2,True
57020074856651,214-1,True
57020074952115,1201-1,True
57020074952115,1201-2,True
57020108190601,214-1,True
57020108280276,1201-1,True
57020108280276,1201-2,True
57020141550682,214-1,True
57020141640482,1201-1,True
57020141640482,1201-2,True
57020174880007,214-1,True
57020174968682,1201-1,True
57020174968682,1201-2,True
57020208203082,214-1,True
57020208296882,1201-1,True
57020208296882,1201-2,True
57020241532196,214-1,True
57020241625072,1201-1,True
57020241625072,1201-2,True
57020274858504,214-1,True
57020274953218,1201-1,True
57020274953218,1201-2,True
57020308182626,214-1,True
57020308281301,1201-1,True
57020308281301,1201-2,True
57020341548847,214-1,True
57020341641347,1201-1,True
57020341641347,1201-2,True
57020374871830,214-1,True
57020374969505,1201-1,True
57020374969505,1201-2,True
57020408206038,214-1,True
57020408297664,1201-1,True
57020408297664,1201-2,True
57020441535321,214-1,True
57020441625822,1201-1,True
57020441625822,1201-2,True
57020474856930,214-1,True
57020474953980,1201-1,True
57020474953980,1201-2,True
57020508188550,214-1,True
57020508282138,1201-1,True
57020508282138,1201-2,True
57020541642297,1201-1,True
57020541642297,1201-2,True
57020541870048,214-1,True
57020574878655,214-1,True
57020574970455,1201-1,True
57020574970455,1201-2,True
57020608202650,214-1,True
57020608298613,1201-1,True
57020608298613,1201-2,True
57020641528971,214-1,True
57020641626772,1201-1,True
57020641626772,1201-2,True
57020674860125,214-1,True
57020674954672,1201-1,True
57020674954672,1201-2,True
57020708186928,214-1,True
57020708282143,1201-1,True
57020708282143,1201-2,True
57020741548292,214-1,True
57020741642668,1201-1,True
57020741642668,1201-2,True
57020774876142,214-1,True
57020774971193,1201-1,True
57020774971193,1201-2,True
57020808203846,214-1,True
57020808299558,1201-1,True
57020808299558,1201-2,True
57020841534822,214-1,True
57020841627497,1201-1,True
57020841627497,1201-2,True
57020874862289,214-1,True
57020874955627,1201-1,True
57020874955627,1201-2,True
57020908189823,214-1,True
57020908283823,1201-1,True
57020908283823,1201-2,True
57020941550813,214-1,True
57020941643988,1201-1,True
57020941643988,1201-2,True
57020974877484,214-1,True
57020974972073,1201-1,True
57020974972073,1201-2,True
57021008204952,214-1,True
57021008300202,1201-1,True
57021008300202,1201-2,True
57021041532368,214-1,True
57021041628331,1201-1,True
57021041628331,1201-2,True
57021074859815,214-1,True
57021074956440,1201-1,True
57021074956440,1201-2,True
57021108190913,214-1,True
57021108284501,1201-1,True
57021108284501,1201-2,True
57021141551933,214-1,True
57021141612647,1201-1,True
57021141612647,1201-2,True
57021174879462,214-1,True
57021174972887,1201-1,True
57021174972887,1201-2,True
57021208206986,214-1,True
57021208301075,1201-1,True
57021208301075,1201-2,True
57021241534512,214-1,True
57021241629263,1201-1,True
57021241629263,1201-2,True
57021274862000,214-1,True
57021274957425,1201-1,True
57021274957425,1201-2,True
57021308189424,214-1,True
57021308285513,1201-1,True
57021308285513,1201-2,True
57021341550350,214-1,True
57021341645600,1201-1,True
57021341645600,1201-2,True
57021374877778,214-1,True
57021374973704,1201-1,True
57021374973704,1201-2,True
57021408205270,214-1,True
57021408301858,1201-1,True
57021408301858,1201-2,True
57021441536462,214-1,True
57021441630012,1201-1,True
57021441630012,1201-2,True
57021474863953,214-1,True
57021474958166,1201-1,True
57021474958166,1201-2,True
57021508191445,214-1,True
57021508286320,1201-1,True
57021508286320,1201-2,True
57021541518924,214-1,True
57021541614475,1201-1,True
57021541614475,1201-2,True
57021574879913,214-1,True
57021574974627,1201-1,True
57021574974627,1201-2,True
57021608207397,214-1,True
57021608302773,1201-1,True
57021608302773,1201-2,True
57021641534868,214-1,True
57021641630919,1201-1,True
57021641630919,1201-2,True
57021674862351,214-1,True
57021674959102,1201-1,True
57021674959102,1201-2,True
57021708193682,214-1,True
57021708287358,1201-1,True
57021708287358,1201-2,True
57021741521109,214-1,True
57021741615484,1201-1,True
57021741615484,1201-2,True
57021774880131,214-1,True
57021774975595,1201-1,True
57021774975595,1201-2,True
57021808213873,214-1,True
57021808303711,1201-1,True
57021808303711,1201-2,True
57021841540153,214-1,True
57021841631828,1201-1,True
57021841631828,1201-2,True
57021874867598,214-1,True
57021874959936,1201-1,True
57021874959936,1201-2,True
57021908194982,214-1,True
57021908288032,1201-1,True
57021908288032,1201-2,True
57021941522449,214-1,True
57021941616163,1201-1,True
57021941616163,1201-2,True
57021974902043,214-1,True
57021974992294,1201-1,True
57021974992294,1201-2,True
57022008229499,214-1,True
57022008320425,1201-1,True
57022008320425,1201-2,True
57022041559930,214-1,True
57022041648555,1201-1,True
57022041648555,1201-2,True
57022074882533,214-1,True
57022074976709,1201-1,True
57022074976709,1201-2,True
57022108212604,214-1,True
57022108304905,1201-1,True
57022108304905,1201-2,True
57022141540034,214-1,True
57022141632997,1201-1,True
57022141632997,1201-2,True
57022174871148,214-1,True
57022174961074,1201-1,True
57022174961074,1201-2,True
57022208198751,214-1,True
57022208289339,1201-1,True
57022208289339,1201-2,True
57022241526334,214-1,True
57022241617584,1201-1,True
57022241617584,1201-2,True
57022274891118,214-1,True
57022274945831,1201-1,True
57022274945831,1201-2,True
57022308214485,214-1,True
57022308305571,1201-1,True
57022308305571,1201-2,True
57022341541305,214-1,True
57022341633055,1201-1,True
57022341633055,1201-2,True
57022374868831,214-1,True
57022374961295,1201-1,True
57022374961295,1201-2,True
57022408200159,214-1,True
57022408289534,1201-1,True
57022408289534,1201-2,True
57022441531435,214-1,True
57022441617774,1201-1,True
57022441617774,1201-2,True
57022474855263,214-1,True
57022474946014,1201-1,True
57022474946014,1201-2,True
57022508182827,214-1,True
57022508274253,1201-1,True
57022508274253,1201-2,True
57022541543904,214-1,True
57022541634493,1201-1,True
57022541634493,1201-2,True
57022574871482,214-1,True
57022574962733,1201-1,True
57022574962733,1201-2,True
57022608191379,214-1,True
57022608290967,1201-1,True
57022608290967,1201-2,True
57022641523886,214-1,True
57022641619225,1201-1,True
57022641619225,1201-2,True
57022674857546,214-1,True
57022674947509,1201-1,True
57022674947509,1201-2,True
57022708213351,214-1,True
57022708307564,1201-1,True
57022708307564,1201-2,True
57022741544347,214-1,True
57022741635722,1201-1,True
57022741635722,1201-2,True
57022774876505,214-1,True
57022774963881,1201-1,True
57022774963881,1201-2,True
57022808198694,214-1,True
57022808292033,1201-1,True
57022808292033,1201-2,True
57022841531009,214-1,True
57022841620134,1201-1,True
57022841620134,1201-2,True
57022874854454,214-1,True
57022874948205,1201-1,True
57022874948205,1201-2,True
57022908215296,214-1,True
57022908308421,1201-1,True
57022908308421,1201-2,True
57022941542709,214-1,True
57022941636509,1201-1,True
57022941636509,1201-2,True
57022974872471,214-1,True
57022974964597,1201-1,True
57022974964597,1201-2,True
57023008203676,214-1,True
57023008292727,1201-1,True
57023008292727,1201-2,True
57023041531200,214-1,True
57023041620950,1201-1,True
57023041620950,1201-2,True
57023074858652,214-1,True
57023074949077,1201-1,True
57023074949077,1201-2,True
57023108219635,214-1,True
57023108309224,1201-1,True
57023108309224,1201-2,True
57023141547119,214-1,True
57023141637369,1201-1,True
57023141637369,1201-2,True
57023174874590,214-1,True
57023174965515,1201-1,True
57023174965515,1201-2,True
57023208202085,214-1,True
57023208293673,1201-1,True
57023208293673,1201-2,True
57023241523112,214-1,True
57023241621863,1201-1,True
57023241621863,1201-2,True
57023274858036,214-1,True
57023274949999,1201-1,True
57023274949999,1201-2,True
57023308210344,214-1,True
57023308310095,1201-1,True
57023308310095,1201-2,True
57023341541590,214-1,True
57023341638303,1201-1,True
57023341638303,1201-2,True
57023374868917,214-1,True
57023374966292,1201-1,True
57023374966292,1201-2,True
57023408196246,214-1,True
57023408294296,1201-1,True
57023408294296,1201-2,True
57023441523587,214-1,True
57023441622300,1201-1,True
57023441622300,1201-2,True
57023474850929,214-1,True
57023474950304,1201-1,True
57023474950304,1201-2,True
57023508184308,214-1,True
57023508278308,1201-1,True
57023508278308,1201-2,True
57023541545137,214-1,True
57023541638312,1201-1,True
57023541638312,1201-2,True
57023574872592,214-1,True
57023574966432,1201-1,True
57023574966432,1201-2,True
57023608204097,214-1,True
57023608294898,1201-1,True
57023608294898,1201-2,True
57023641531901,214-1,True
57023641623365,1201-1,True
57023641623365,1201-2,True
57023674859627,214-1,True
57023674951752,1201-1,True
57023674951752,1201-2,True
57023708187117,214-1,True
57023708279917,1201-1,True
57023708279917,1201-2,True
57023741548153,214-1,True
57023741640117,1201-1,True
57023741640117,1201-2,True
57023774875629,214-1,True
57023774968254,1201-1,True
57023774968254,1201-2,True
57023808203092,214-1,True
57023808296392,1201-1,True
57023808296392,1201-2,True
57023841530559,214-1,True
57023841624522,1201-1,True
57023841624522,1201-2,True
57023874861714,214-1,True
57023874952640,1201-1,True
57023874952640,1201-2,True
57023908189179,214-1,True
57023908280767,1201-1,True
57023908280767,1201-2,True
57023941550108,214-1,True
57023941640859,1201-1,True
57023941640859,1201-2,True
57023974877587,214-1,True
57023974969013,1201-1,True
57023974969013,1201-2,True
57024008205078,214-1,True
57024008297167,1201-1,True
57024008297167,1201-2,True
57024041532473,214-1,True
57024041625222,1201-1,True
57024041625222,1201-2,True
57024074859712,214-1,True
57024074953176,1201-1,True
57024074953176,1201-2,True
57024108187480,214-1,True
57024108281605,1201-1,True
57024108281605,1201-2,True
57024141548451,214-1,True
57024141641701,1201-1,True
57024141641701,1201-2,True
57024174875913,214-1,True
57024174969876,1201-1,True
57024174969876,1201-2,True
57024208207176,214-1,True
57024208298051,1201-1,True
57024208298051,1201-2,True
57024241534661,214-1,True
57024241626250,1201-1,True
57024241626250,1201-2,True
57024274869653,214-1,True
57024274954453,1201-1,True
57024274954453,1201-2,True
57024308189551,214-1,True
57024308282476,1201-1,True
57024308282476,1201-2,True
57024341550502,214-1,True
57024341642590,1201-1,True
57024341642590,1201-2,True
57024374877970,214-1,True
57024374970720,1201-1,True
57024374970720,1201-2,True
57024408205425,214-1,True
57024408298850,1201-1,True
57024408298850,1201-2,True
57024441532892,214-1,True
57024441626981,1201-1,True
57024441626981,1201-2,True
57024474864061,214-1,True
57024474955111,1201-1,True
57024474955111,1201-2,True
57024508191528,214-1,True
57024508283241,1201-1,True
57024508283241,1201-2,True
57024541552496,214-1,True
57024541643371,1201-1,True
57024541643371,1201-2,True
57024574883663,214-1,True
57024574971502,1201-1,True
57024574971502,1201-2,True
57024608207450,214-1,True
57024608299664,1201-1,True
57024608299664,1201-2,True
57024641535064,214-1,True
57024641627940,1201-1,True
57024641627940,1201-2,True
57024674862661,214-1,True
57024674956211,1201-1,True
57024674956211,1201-2,True
57024708193780,214-1,True
57024708284280,1201-1,True
57024708284280,1201-2,True
57024741554672,214-1,True
57024741612347,1201-1,True
57024741612347,1201-2,True
57024774878205,214-1,True
57024774972291,1201-1,True
57024774972291,1201-2,True
57024808208771,214-1,True
57024808299772,1201-1,True
57024808299772,1201-2,True
57024841536587,214-1,True
57024841628264,1201-1,True
57024841628264,1201-2,True
57024874864379,214-1,True
57024874956755,1201-1,True
57024874956755,1201-2,True
57024908192095,214-1,True
57024908285145,1201-1,True
57024908285145,1201-2,True
57024941519539,214-1,True
57024941613253,1201-1,True
57024941613253,1201-2,True
57024974880546,214-1,True
57024974973422,1201-1,True
57024974973422,1201-2,True
57025008207996,214-1,True
57025008301547,1201-1,True
57025008301547,1201-2,True
57025041539171,214-1,True
57025041629672,1201-1,True
57025041629672,1201-2,True
57025074866645,214-1,True
57025074957821,1201-1,True
57025074957821,1201-2,True
57025108194145,214-1,True
57025108285983,1201-1,True
57025108285983,1201-2,True
57025141521506,214-1,True
57025141614007,1201-1,True
57025141614007,1201-2,True
57025174882487,214-1,True
57025174974162,1201-1,True
57025174974162,1201-2,True
57025208210012,214-1,True
57025208302351,1201-1,True
57025208302351,1201-2,True
57025241537539,214-1,True
57025241630539,1201-1,True
57025241630539,1201-2,True
57025274865052,214-1,True
57025274958728,1201-1,True
57025274958728,1201-2,True
57025308196290,214-1,True
57025308286916,1201-1,True
57025308286916,1201-2,True
57025341523793,214-1,True
57025341615094,1201-1,True
57025341615094,1201-2,True
57025374882853,214-1,True
57025374975228,1201-1,True
57025374975228,1201-2,True
57025408208903,214-1,True
57025408303328,1201-1,True
57025408303328,1201-2,True
57025441542803,214-1,True
57025441631428,1201-1,True
57025441631428,1201-2,True
57025474870228,214-1,True
57025474959528,1201-1,True
57025474959528,1201-2,True
57025508196703,214-1,True
57025508287628,1201-1,True
57025508287628,1201-2,True
57025541520603,214-1,True
57025541615728,1201-1,True
57025541615728,1201-2,True
57025574877855,214-1,True
57025574975856,1201-1,True
57025574975856,1201-2,True
57025608208141,214-1,True
57025608304067,1201-1,True
57025608304067,1201-2,True
57025641539402,214-1,True
57025641632278,1201-1,True
57025641632278,1201-2,True
57025674866938,214-1,True
57025674960488,1201-1,True
57025674960488,1201-2,True
57025708194486,214-1,True
57025708288699,1201-1,True
57025708288699,1201-2,True
57025741521984,214-1,True
57025741616859,1201-1,True
57025741616859,1201-2,True
57025774882847,214-1,True
57025774976898,1201-1,True
57025774976898,1201-2,True
57025808210313,214-1,True
57025808305026,1201-1,True
57025808305026,1201-2,True
57025841537779,214-1,True
57025841633154,1201-1,True
57025841633154,1201-2,True
57025874865232,214-1,True
57025874961283,1201-1,True
57025874961283,1201-2,True
57025908226198,214-1,True
57025908321411,1201-1,True
57025908321411,1201-2,True
57025941553712,214-1,True
57025941649588,1201-1,True
57025941649588,1201-2,True
57025974884993,214-1,True
57025974977831,1201-1,True
57025974977831,1201-2,True
57026008212102,214-1,True
57026008305600,1201-1,True
57026008305600,1201-2,True
57026041538760,214-1,True
57026041632935,1201-1,True
57026041632935,1201-2,True
57026074866308,214-1,True
57026074961147,1201-1,True
57026074961147,1201-2,True
57026108193807,214-1,True
57026108289358,1201-1,True
57026108289358,1201-2,True
57026141588394,214-1,True
57026141665570,1201-1,True
57026141665570,1201-2,True
57026174923406,214-1,True
57026174993781,1201-1,True
57026174993781,1201-2,True
57026208262117,214-1,True
57026208321993,1201-1,True
57026208321993,1201-2,True
57026241571029,214-1,True
57026241650204,1201-1,True
57026241650204,1201-2,True
57026274898540,214-1,True
57026274978416,1201-1,True
57026274978416,1201-2,True
57026308229827,214-1,True
57026308306627,1201-1,True
57026308306627,1201-2,True
57026341557338,214-1,True
57026341634839,1201-1,True
57026341634839,1201-2,True
57026374884875,214-1,True
57026374963050,1201-1,True
57026374963050,1201-2,True
57026408212423,214-1,True
57026408291262,1201-1,True
57026408291262,1201-2,True
57026441539973,214-1,True
57026441619473,1201-1,True
57026441619473,1201-2,True
57026474867509,214-1,True
57026474947685,1201-1,True
57026474947685,1201-2,True
57026508198771,214-1,True
57026508275896,1201-1,True
57026508275896,1201-2,True
57026541526307,214-1,True
57026541636108,1201-1,True
57026541636108,1201-2,True
57026574887356,214-1,True
57026574964319,1201-1,True
57026574964319,1201-2,True
57026608214905,214-1,True
57026608292531,1201-1,True
57026608292531,1201-2,True
57026641542442,214-1,True
57026641620742,1201-1,True
57026641620742,1201-2,True
57026674869990,214-1,True
57026674980954,1201-1,True
57026674980954,1201-2,True
57026708197520,214-1,True
57026708309146,1201-1,True
57026708309146,1201-2,True
57026741524941,214-1,True
57026741637279,1201-1,True
57026741637279,1201-2,True
57026774856162,214-1,True
57026774965412,1201-1,True
57026774965412,1201-2,True
57026808213346,214-1,True
57026808293521,1201-1,True
57026808293521,1201-2,True
57026841544509,214-1,True
57026841621597,1201-1,True
57026841621597,1201-2,True
57026874872018,214-1,True
57026874949768,1201-1,True
57026874949768,1201-2,True
57026908199410,214-1,True
57026908309874,1201-1,True
57026908309874,1201-2,True
57026941526965,214-1,True
57026941638091,1201-1,True
57026941638091,1201-2,True
57026974854396,214-1,True
57026974966196,1201-1,True
57026974966196,1201-2,True
57027008215294,214-1,True
57027008294257,1201-1,True
57027008294257,1201-2,True
57027041542813,214-1,True
57027041622438,1201-1,True
57027041622438,1201-2,True
57027074903818,214-1,True
57027074998619,1201-1,True
57027074998619,1201-2,True
57027108231336,214-1,True
57027108326799,1201-1,True
57027108326799,1201-2,True
57027141558854,214-1,True
57027141654980,1201-1,True
57027141654980,1201-2,True
57027174886167,214-1,True
57027174983168,1201-1,True
57027174983168,1201-2,True
57027208213682,214-1,True
57027208311358,1201-1,True
57027208311358,1201-2,True
57027241541149,214-1,True
57027241639488,1201-1,True
57027241639488,1201-2,True
57027274868558,214-1,True
57027274967609,1201-1,True
57027274967609,1201-2,True
57027308194641,214-1,True
57027308295730,1201-1,True
57027308295730,1201-2,True
57027341522106,214-1,True
57027341623857,1201-1,True
57027341623857,1201-2,True
57027374858192,214-1,True
57027374951992,1201-1,True
57027374951992,1201-2,True
57027408180512,214-1,True
57027408280101,1201-1,True
57027408280101,1201-2,True
57027441507959,214-1,True
57027441608209,1201-1,True
57027441608209,1201-2,True
57027474835392,214-1,True
57027474936318,1201-1,True
57027474936318,1201-2,True
57027508170051,214-1,True
57027508264426,1201-1,True
57027508264426,1201-2,True
57027541545909,214-1,True
57027541640534,1201-1,True
57027541640534,1201-2,True
57027574877054,214-1,True
57027574968643,1201-1,True
57027574968643,1201-2,True
57027608204501,214-1,True
57027608296751,1201-1,True
57027608296751,1201-2,True
57027641532039,214-1,True
57027641624965,1201-1,True
57027641624965,1201-2,True
57027674859823,214-1,True
57027674953411,1201-1,True
57027674953411,1201-2,True
57027708187145,214-1,True
57027708281393,1201-1,True
57027708281393,1201-2,True
57027741547583,214-1,True
57027741641009,1201-1,True
57027741641009,1201-2,True
57027774875274,214-1,True
57027774969363,1201-1,True
57027774969363,1201-2,True
57027808209003,214-1,True
57027808297717,1201-1,True
57027808297717,1201-2,True
57027841555302,214-1,True
57027841626053,1201-1,True
57027841626053,1201-2,True
57027874867924,214-1,True
57027874954262,1201-1,True
57027874954262,1201-2,True
57027908195273,214-1,True
57027908282273,1201-1,True
57027908282273,1201-2,True
57027941556228,214-1,True
57027941642404,1201-1,True
57027941642404,1201-2,True
57027974883798,214-1,True
57027974970637,1201-1,True
57027974970637,1201-2,True
57028008211370,214-1,True
57028008298870,1201-1,True
57028008298870,1201-2,True
57028041538863,214-1,True
57028041627038,1201-1,True
57028041627038,1201-2,True
57028074869939,214-1,True
57028074955064,1201-1,True
57028074955064,1201-2,True
57028108187012,214-1,True
57028108283009,1201-1,True
57028108283009,1201-2,True
57028141544272,214-1,True
57028141642195,1201-1,True
57028141642195,1201-2,True
57028174873295,214-1,True
57028174969797,1201-1,True
57028174969797,1201-2,True
57028208201449,214-1,True
57028208298626,1201-1,True
57028208298626,1201-2,True
57028241604617,214-1,True
57028241627456,1201-1,True
57028241627456,1201-2,True
57028274860227,214-1,True
57028274956065,1201-1,True
57028274956065,1201-2,True
57028308188701,214-1,True
57028308284039,1201-1,True
57028308284039,1201-2,True
57028341552758,214-1,True
57028341612184,1201-1,True
57028341612184,1201-2,True
57028374875311,214-1,True
57028374972525,1201-1,True
57028374972525,1201-2,True
57028408211412,214-1,True
57028408300662,1201-1,True
57028408300662,1201-2,True
57028441536124,214-1,True
57028441628800,1201-1,True
57028441628800,1201-2,True
57028474863599,214-1,True
57028474956937,1201-1,True
57028474956937,1201-2,True
57028508186899,214-1,True
57028508285075,1201-1,True
57028508285075,1201-2,True
57028541547662,214-1,True
57028541613212,1201-1,True
57028541613212,1201-2,True
57028574882614,214-1,True
57028574973364,1201-1,True
57028574973364,1201-2,True
57028608213635,214-1,True
57028608301560,1201-1,True
57028608301560,1201-2,True
57028641531168,214-1,True
57028641629756,1201-1,True
57028641629756,1201-2,True
57028674862146,214-1,True
57028674957896,1201-1,True
57028674957896,1201-2,True
57028708189460,214-1,True
57028708285923,1201-1,True
57028708285923,1201-2,True
57028741525806,214-1,True
57028741614107,1201-1,True
57028741614107,1201-2,True
57028774880282,214-1,True
57028774974246,1201-1,True
57028774974246,1201-2,True
57028808209866,214-1,True
57028808302367,1201-1,True
57028808302367,1201-2,True
57028841536899,214-1,True
57028841630488,1201-1,True
57028841630488,1201-2,True
57028874867883,214-1,True
57028874958633,1201-1,True
57028874958633,1201-2,True
57028908194017,214-1,True
57028908286817,1201-1,True
57028908286817,1201-2,True
57028941518684,214-1,True
57028941614935,1201-1,True
57028941614935,1201-2,True
57028974883290,214-1,True
57028974975166,1201-1,True
57028974975166,1201-2,True
57029008209602,214-1,True
57029008303316,1201-1,True
57029008303316,1201-2,True
57029041535665,214-1,True
57029041631466,1201-1,True
57029041631466,1201-2,True
57029074863121,214-1,True
57029074959584,1201-1,True
57029074959584,1201-2,True
57029108190486,214-1,True
57029108287611,1201-1,True
57029108287611,1201-2,True
57029141517807,214-1,True
57029141615607,1201-1,True
57029141615607,1201-2,True
57029174878600,214-1,True
57029174975564,1201-1,True
57029174975564,1201-2,True
57029208206234,214-1,True
57029208303860,1201-1,True
57029208303860,1201-2,True
57029241545030,214-1,True
57029241632156,1201-1,True
57029241632156,1201-2,True
57029274865155,214-1,True
57029274960406,1201-1,True
57029274960406,1201-2,True
57029308192660,214-1,True
57029308288586,1201-1,True
57029308288586,1201-2,True
57029341520296,214-1,True
57029341616884,1201-1,True
57029341616884,1201-2,True
57029374881145,214-1,True
57029374976895,1201-1,True
57029374976895,1201-2,True
57029408208489,214-1,True
57029408304914,1201-1,True
57029408304914,1201-2,True
57029441543058,214-1,True
57029441632933,1201-1,True
57029441632933,1201-2,True
57029474867864,214-1,True
57029474960952,1201-1,True
57029474960952,1201-2,True
57029508195007,214-1,True
57029508288971,1201-1,True
57029508288971,1201-2,True
57029541594276,214-1,True
57029541680989,1201-1,True
57029541680989,1201-2,True
57029574941629,214-1,True
57029575009218,1201-1,True
57029575009218,1201-2,True
57029608259600,214-1,True
57029608337901,1201-1,True
57029608337901,1201-2,True
57029641572216,214-1,True
57029641666054,1201-1,True
57029641666054,1201-2,True
57029674903407,214-1,True
57029674994207,1201-1,True
57029674994207,1201-2,True
57029708230897,214-1,True
57029708322360,1201-1,True
57029708322360,1201-2,True
57029741558388,214-1,True
57029741650514,1201-1,True
57029741650514,1201-2,True
57029774891580,214-1,True
57029774978668,1201-1,True
57029774978668,1201-2,True
57029808208110,214-1,True
57029808306824,1201-1,True
57029808306824,1201-2,True
57029841538131,214-1,True
57029841634970,1201-1,True
57029841634970,1201-2,True
57029874871565,214-1,True
57029874963115,1201-1,True
57029874963115,1201-2,True
57029908200423,214-1,True
57029908291261,1201-1,True
57029908291261,1201-2,True
57029941579282,214-1,True
57029941667407,1201-1,True
57029941667407,1201-2,True
57029974897377,214-1,True
57029974995553,1201-1,True
57029974995553,1201-2,True
57030008227648,214-1,True
57030008323699,1201-1,True
57030008323699,1201-2,True
57030041551594,214-1,True
57030041651844,1201-1,True
57030041651844,1201-2,True
57030074889277,214-1,True
57030074979990,1201-1,True
57030074979990,1201-2,True
57030108215384,214-1,True
57030108308135,1201-1,True
57030108308135,1201-2,True
57030141542851,214-1,True
57030141636276,1201-1,True
57030141636276,1201-2,True
57030174873618,214-1,True
57030174964418,1201-1,True
57030174964418,1201-2,True
57030208265141,214-1,True
57030208292566,1201-1,True
57030208292566,1201-2,True
57030241527932,214-1,True
57030241620732,1201-1,True
57030241620732,1201-2,True
57030274888723,214-1,True
57030274980899,1201-1,True
57030274980899,1201-2,True
57030308260890,214-1,True
57030308341065,1201-1,True
57030308341065,1201-2,True
57030341597018,214-1,True
57030341669232,1201-1,True
57030341669232,1201-2,True
57030374903097,214-1,True
57030374997398,1201-1,True
57030374997398,1201-2,True
57030408233726,214-1,True
57030408325564,1201-1,True
57030408325564,1201-2,True
57030441561392,214-1,True
57030441653731,1201-1,True
57030441653731,1201-2,True
57030474890808,214-1,True
57030474981897,1201-1,True
57030474981897,1201-2,True
57030508213225,214-1,True
57030508310063,1201-1,True
57030508310063,1201-2,True
57030541543054,214-1,True
57030541638230,1201-1,True
57030541638230,1201-2,True
57030574921096,214-1,True
57030574966396,1201-1,True
57030574966396,1201-2,True
57030608232512,214-1,True
57030608326562,1201-1,True
57030608326562,1201-2,True
57030641560015,214-1,True
57030641654729,1201-1,True
57030641654729,1201-2,True
57030674891202,214-1,True
57030674982877,1201-1,True
57030674982877,1201-2,True
57030708218650,214-1,True
57030708310989,1201-1,True
57030708310989,1201-2,True
57030741545909,214-1,True
57030741638907,1201-1,True
57030741638907,1201-2,True
57030774872712,214-1,True
57030774966388,1201-1,True
57030774966388,1201-2,True
57030808200353,214-1,True
57030808294729,1201-1,True
57030808294729,1201-2,True
57030841531769,214-1,True
57030841623070,1201-1,True
57030841623070,1201-2,True
57030874859447,214-1,True
57030874951411,1201-1,True
57030874951411,1201-2,True
57030908216876,214-1,True
57030908311752,1201-1,True
57030908311752,1201-2,True
57030941548225,214-1,True
57030941640025,1201-1,True
57030941640025,1201-2,True
57030974875596,214-1,True
57030974968096,1201-1,True
57030974968096,1201-2,True
57031008202992,214-1,True
57031008296167,1201-1,True
57031008296167,1201-2,True
57031041530400,214-1,True
57031041624238,1201-1,True
57031041624238,1201-2,True
57031074857809,214-1,True
57031074952309,1201-1,True
57031074952309,1201-2,True
57031108188997,214-1,True
57031108280461,1201-1,True
57031108280461,1201-2,True
57031141546471,214-1,True
57031141640810,1201-1,True
57031141640810,1201-2,True
57031174888896,214-1,True
57031174969021,1201-1,True
57031174969021,1201-2,True
57031208205268,214-1,True
57031208297232,1201-1,True
57031208297232,1201-2,True
57031241532817,214-1,True
57031241625443,1201-1,True
57031241625443,1201-2,True
57031274860353,214-1,True
57031274953654,1201-1,True
57031274953654,1201-2,True
57031308187891,214-1,True
57031308281855,1201-1,True
57031308281855,1201-2,True
57031341548898,214-1,True
57031341642023,1201-1,True
57031341642023,1201-2,True
57031374876386,214-1,True
57031374970186,1201-1,True
57031374970186,1201-2,True
57031408203886,214-1,True
57031408298350,1201-1,True
57031408298350,1201-2,True
57031441535088,214-1,True
57031441626513,1201-1,True
57031441626513,1201-2,True
57031474862588,214-1,True
57031474954676,1201-1,True
57031474954676,1201-2,True
57031508190039,214-1,True
57031508282840,1201-1,True
57031508282840,1201-2,True
57031541551078,214-1,True
57031541643003,1201-1,True
57031541643003,1201-2,True
57031574878578,214-1,True
57031574971166,1201-1,True
57031574971166,1201-2,True
57031608206029,214-1,True
57031608299330,1201-1,True
57031608299330,1201-2,True
57031641533529,214-1,True
57031641627493,1201-1,True
57031641627493,1201-2,True
57031674872176,214-1,True
57031674955640,1201-1,True
57031674955640,1201-2,True
57031708192182,214-1,True
57031708283770,1201-1,True
57031708283770,1201-2,True
57031741549494,214-1,True
57031741643957,1201-1,True
57031741643957,1201-2,True
57031774882100,214-1,True
57031774971899,1201-1,True
57031774971899,1201-2,True
57031808209302,214-1,True
57031808299804,1201-1,True
57031808299804,1201-2,True
57031841537182,214-1,True
57031841628357,1201-1,True
57031841628357,1201-2,True
57031874864613,214-1,True
57031874956452,1201-1,True
57031874956452,1201-2,True
57031908192146,214-1,True
57031908284646,1201-1,True
57031908284646,1201-2,True
57031941519565,214-1,True
57031941612741,1201-1,True
57031941612741,1201-2,True
57031974880648,214-1,True
57031974972986,1201-1,True
57031974972986,1201-2,True
57032008208115,214-1,True
57032008301116,1201-1,True
57032008301116,1201-2,True
57032041539282,214-1,True
57032041629246,1201-1,True
57032041629246,1201-2,True
57032074860250,214-1,True
57032074957375,1201-1,True
57032074957375,1201-2,True
57032108241955,214-1,True
57032108333505,1201-1,True
57032108333505,1201-2,True
57032141564335,214-1,True
57032141661635,1201-1,True
57032141661635,1201-2,True
57032174911590,214-1,True
57032174989765,1201-1,True
57032174989765,1201-2,True
57032208221441,214-1,True
57032208317942,1201-1,True
57032208317942,1201-2,True
57032241554133,214-1,True
57032241646222,1201-1,True
57032241646222,1201-2,True
57032274881629,214-1,True
57032274974379,1201-1,True
57032274974379,1201-2,True
57032308209109,214-1,True
57032308302534,1201-1,True
57032308302534,1201-2,True
57032341570101,214-1,True
57032341662690,1201-1,True
57032341662690,1201-2,True
57032374898007,214-1,True
57032374990845,1201-1,True
57032374990845,1201-2,True
57032408225700,214-1,True
57032408319000,1201-1,True
57032408319000,1201-2,True
57032441547105,214-1,True
57032441647155,1201-1,True
57032441647155,1201-2,True
57032474882685,214-1,True
57032474975311,1201-1,True
57032474975311,1201-2,True
57032508211541,214-1,True
57032508303466,1201-1,True
57032508303466,1201-2,True
57032541542946,214-1,True
57032541631621,1201-1,True
57032541631621,1201-2,True
57032574868313,214-1,True
57032574959776,1201-1,True
57032574959776,1201-2,True
57032608230468,214-1,True
57032608319932,1201-1,True
57032608319932,1201-2,True
57032641556787,214-1,True
57032641648087,1201-1,True
57032641648087,1201-2,True
57032674931068,214-1,True
57032674976243,1201-1,True
57032674976243,1201-2,True
57032708215042,214-1,True
57032708304380,1201-1,True
57032708304380,1201-2,True
57032741542484,214-1,True
57032741632484,1201-1,True
57032741632484,1201-2,True
57032774873729,214-1,True
57032774960693,1201-1,True
57032774960693,1201-2,True
57032808194413,214-1,True
57032808288876,1201-1,True
57032808288876,1201-2,True
57032841525981,214-1,True
57032841616981,1201-1,True
57032841616981,1201-2,True
57032874883455,214-1,True
57032874977081,1201-1,True
57032874977081,1201-2,True
57032908206312,214-1,True
57032908305111,1201-1,True
57032908305111,1201-2,True
57032941540317,214-1,True
57032941633069,1201-1,True
57032941633069,1201-2,True
57032974864723,214-1,True
57032974961437,1201-1,True
57032974961437,1201-2,True
57033008202235,214-1,True
57033008289409,1201-1,True
57033008289409,1201-2,True
57033041528415,214-1,True
57033041617255,1201-1,True
57033041617255,1201-2,True
57033074876465,214-1,True
57033074977965,1201-1,True
57033074977965,1201-2,True
57033108215022,214-1,True
57033108306023,1201-1,True
57033108306023,1201-2,True
57033141542589,214-1,True
57033141634264,1201-1,True
57033141634264,1201-2,True
57033174870167,214-1,True
57033174962506,1201-1,True
57033174962506,1201-2,True
57033208197729,214-1,True
57033208290730,1201-1,True
57033208290730,1201-2,True
57033241525225,214-1,True
57033241618901,1201-1,True
57033241618901,1201-2,True
57033274885821,214-1,True
57033274979071,1201-1,True
57033274979071,1201-2,True
57033308205649,214-1,True
57033308307237,1201-1,True
57033308307237,1201-2,True
57033341541712,214-1,True
57033341635388,1201-1,True
57033341635388,1201-2,True
57033374902538,214-1,True
57033374995539,1201-1,True
57033374995539,1201-2,True
57033408224889,214-1,True
57033408323690,1201-1,True
57033408323690,1201-2,True
57033441558415,214-1,True
57033441651840,1201-1,True
57033441651840,1201-2,True
57033474884528,214-1,True
57033474979991,1201-1,True
57033474979991,1201-2,True
57033508214341,214-1,True
57033508308142,1201-1,True
57033508308142,1201-2,True
57033541536704,214-1,True
57033541636293,1201-1,True
57033541636293,1201-2,True
57033574865355,214-1,True
57033574964443,1201-1,True
57033574964443,1201-2,True
57033608198919,214-1,True
57033608292594,1201-1,True
57033608292594,1201-2,True
57033641525037,214-1,True
57033641620750,1201-1,True
57033641620750,1201-2,True
57033674856273,214-1,True
57033674948949,1201-1,True
57033674948949,1201-2,True
57033708217353,214-1,True
57033708309192,1201-1,True
57033708309192,1201-2,True
57033741544808,214-1,True
57033741637308,1201-1,True
57033741637308,1201-2,True
57033774872250,214-1,True
57033774965425,1201-1,True
57033774965425,1201-2,True
57033808199710,214-1,True
57033808293549,1201-1,True
57033808293549,1201-2,True
57033841529317,214-1,True
57033841621693,1201-1,True
57033841621693,1201-2,True
57033874854209,214-1,True
57033874949834,1201-1,True
57033874949834,1201-2,True
57033908211476,214-1,True
57033908309976,1201-1,True
57033908309976,1201-2,True
57033941542677,214-1,True
57033941638141,1201-1,True
57033941638141,1201-2,True
57033974870227,214-1,True
57033974966352,1201-1,True
57033974966352,1201-2,True
57034008198796,214-1,True
57034008294471,1201-1,True
57034008294471,1201-2,True
57034041523653,214-1,True
57034041622529,1201-1,True
57034041622529,1201-2,True
57034074885790,214-1,True
57034074950665,1201-1,True
57034074950665,1201-2,True
57034108216785,214-1,True
57034108278836,1201-1,True
57034108278836,1201-2,True
57034141545297,214-1,True
57034141638845,1201-1,True
57034141638845,1201-2,True
57034174872205,214-1,True
57034174966419,1201-1,True
57034174966419,1201-2,True
57034208239535,214-1,True
57034208294836,1201-1,True
57034208294836,1201-2,True
57034241524951,214-1,True
57034241623252,1201-1,True
57034241623252,1201-2,True
57034274852651,214-1,True
57034274951652,1201-1,True
57034274951652,1201-2,True
57034308180252,214-1,True
57034308279927,1201-1,True
57034308279927,1201-2,True
57034341541165,214-1,True
57034341640004,1201-1,True
57034341640004,1201-2,True
57034374868637,214-1,True
57034374968137,1201-1,True
57034374968137,1201-2,True
57034408199845,214-1,True
57034408296270,1201-1,True
57034408296270,1201-2,True
57034441524528,214-1,True
57034441624404,1201-1,True
57034441624404,1201-2,True
57034474865699,214-1,True
57034474952537,1201-1,True
57034474952537,1201-2,True
57034508183170,214-1,True
57034508280671,1201-1,True
57034508280671,1201-2,True
57034541567466,214-1,True
57034541656804,1201-1,True
57034541656804,1201-2,True
57034574891187,214-1,True
57034574984937,1201-1,True
57034574984937,1201-2,True
57034608216166,214-1,True
57034608313130,1201-1,True
57034608313130,1201-2,True
57034641539855,214-1,True
57034641641444,1201-1,True
57034641641444,1201-2,True
57034674882251,214-1,True
57034674969590,1201-1,True
57034674969590,1201-2,True
57034708207147,214-1,True
57034708297736,1201-1,True
57034708297736,1201-2,True
57034741538171,214-1,True
57034741625922,1201-1,True
57034741625922,1201-2,True
57034774866912,214-1,True
57034774954162,1201-1,True
57034774954162,1201-2,True
57034808187995,214-1,True
57034808282208,1201-1,True
57034808282208,1201-2,True
57034841548758,214-1,True
57034841642309,1201-1,True
57034841642309,1201-2,True
57034874873662,214-1,True
57034874970463,1201-1,True
57034874970463,1201-2,True
57034908209778,214-1,True
57034908298617,1201-1,True
57034908298617,1201-2,True
57034941539578,214-1,True
57034941626753,1201-1,True
57034941626753,1201-2,True
57034974867004,214-1,True
57034974954843,1201-1,True
57034974954843,1201-2,True
57035008194467,214-1,True
57035008282967,1201-1,True
57035008282967,1201-2,True
57035041555478,214-1,True
57035041643154,1201-1,True
57035041643154,1201-2,True
57035074883030,214-1,True
57035074971368,1201-1,True
57035074971368,1201-2,True
57035108210492,214-1,True
57035108299492,1201-1,True
57035108299492,1201-2,True
57035141537883,214-1,True
57035141627597,1201-1,True
57035141627597,1201-2,True
57035174869271,214-1,True
57035174955896,1201-1,True
57035174955896,1201-2,True
57035208196751,214-1,True
57035208284052,1201-1,True
57035208284052,1201-2,True
57035241557787,214-1,True
57035241612250,1201-1,True
57035241612250,1201-2,True
57035274884992,214-1,True
57035274972115,1201-1,True
57035274972115,1201-2,True
57035308211885,214-1,True
57035308299724,1201-1,True
57035308299724,1201-2,True
57035341539471,214-1,True
57035341627971,1201-1,True
57035341627971,1201-2,True
57035374867043,214-1,True
57035374956218,1201-1,True
57035374956218,1201-2,True
57035408194627,214-1,True
57035408284466,1201-1,True
57035408284466,1201-2,True
57035441525912,214-1,True
57035441612713,1201-1,True
57035441612713,1201-2,True
57035474853496,214-1,True
57035474940960,1201-1,True
57035474940960,1201-2,True
57035508181082,214-1,True
57035508269207,1201-1,True
57035508269207,1201-2,True
57035541552366,214-1,True
57035541629455,1201-1,True
57035541629455,1201-2,True
57035574883621,214-1,True
57035574957671,1201-1,True
57035574957671,1201-2,True
57035608208776,214-1,True
57035608285827,1201-1,True
57035608285827,1201-2,True
57035641540053,214-1,True
57035641614054,1201-1,True
57035641614054,1201-2,True
57035674867523,214-1,True
57035674974198,1201-1,True
57035674974198,1201-2,True
57035708196827,214-1,True
57035708302377,1201-1,True
57035708302377,1201-2,True
57035741552756,214-1,True
57035741630556,1201-1,True
57035741630556,1201-2,True
57035774880267,214-1,True
57035774958730,1201-1,True
57035774958730,1201-2,True
57035808218879,214-1,True
57035808286842,1201-1,True
57035808286842,1201-2,True
57035841536674,214-1,True
57035841614888,1201-1,True
57035841614888,1201-2,True
57035874871868,214-1,True
57035874975119,1201-1,True
57035874975119,1201-2,True
57035908201856,214-1,True
57035908303231,1201-1,True
57035908303231,1201-2,True
57035941558131,214-1,True
57035941631344,1201-1,True
57035941631344,1201-2,True
57035974883483,214-1,True
57035974959483,1201-1,True
57035974959483,1201-2,True
57036008204938,214-1,True
57036008287689,1201-1,True
57036008287689,1201-2,True
57036041542581,214-1,True
57036041615794,1201-1,True
57036041615794,1201-2,True
57036074870170,214-1,True
57036074975795,1201-1,True
57036074975795,1201-2,True
57036108196461,214-1,True
57036108303962,1201-1,True
57036108303962,1201-2,True
57036141555328,214-1,True
57036141632128,1201-1,True
57036141632128,1201-2,True
57036174881886,214-1,True
57036174960312,1201-1,True
57036174960312,1201-2,True
57036208209704,214-1,True
57036208288580,1201-1,True
57036208288580,1201-2,True
57036241543859,214-1,True
57036241616909,1201-1,True
57036241616909,1201-2,True
57036274865283,214-1,True
57036274977083,1201-1,True
57036274977083,1201-2,True
57036308190301,214-1,True
57036308305139,1201-1,True
57036308305139,1201-2,True
57036341520527,214-1,True
57036341633241,1201-1,True
57036341633241,1201-2,True
57036374879140,214-1,True
57036374961565,1201-1,True
57036374961565,1201-2,True
57036408206586,214-1,True
57036408289712,1201-1,True
57036408289712,1201-2,True
57036441534058,214-1,True
57036441617859,1201-1,True
57036441617859,1201-2,True
57036474861542,214-1,True
57036474946005,1201-1,True
57036474946005,1201-2,True
57036508192727,214-1,True
57036508274152,1201-1,True
57036508274152,1201-2,True
57036541531374,214-1,True
57036541634299,1201-1,True
57036541634299,1201-2,True
57036574885896,214-1,True
57036574962446,1201-1,True
57036574962446,1201-2,True
57036608215718,214-1,True
57036608290593,1201-1,True
57036608290593,1201-2,True
57036641574151,214-1,True
57036641666740,1201-1,True
57036641666740,1201-2,True
57036674898836,214-1,True
57036674994887,1201-1,True
57036674994887,1201-2,True
57036708226320,214-1,True
57036708323033,1201-1,True
57036708323033,1201-2,True
57036741552430,214-1,True
57036741651180,1201-1,True
57036741651180,1201-2,True
57036774879905,214-1,True
57036774979330,1201-1,True
57036774979330,1201-2,True
57036808207403,214-1,True
57036808307491,1201-1,True
57036808307491,1201-2,True
57036841538607,214-1,True
57036841635658,1201-1,True
57036841635658,1201-2,True
57036874866111,214-1,True
57036874963824,1201-1,True
57036874963824,1201-2,True
57036908193623,214-1,True
57036908291998,1201-1,True
57036908291998,1201-2,True
57036941521069,214-1,True
57036941620157,1201-1,True
57036941620157,1201-2,True
57036974848464,214-1,True
57036974948215,1201-1,True
57036974948215,1201-2,True
57037008213158,214-1,True
57037008308333,1201-1,True
57037008308333,1201-2,True
57037041536928,214-1,True
57037041636517,1201-1,True
57037041636517,1201-2,True
57037074864449,214-1,True
57037074964700,1201-1,True
57037074964700,1201-2,True
57037108195614,214-1,True
57037108292827,1201-1,True
57037108292827,1201-2,True
57037141522965,214-1,True
57037141620841,1201-1,True
57037141620841,1201-2,True
57037174872101,214-1,True
57037174949064,1201-1,True
57037174949064,1201-2,True
57037208212055,214-1,True
57037208309356,1201-1,True
57037208309356,1201-2,True
57037241544430,214-1,True
57037241637481,1201-1,True
57037241637481,1201-2,True
57037274871892,214-1,True
57037274965606,1201-1,True
57037274965606,1201-2,True
57037308199360,214-1,True
57037308293786,1201-1,True
57037308293786,1201-2,True
57037341526956,214-1,True
57037341622044,1201-1,True
57037341622044,1201-2,True
57037374858073,214-1,True
57037374950073,1201-1,True
57037374950073,1201-2,True
57037408215279,214-1,True
57037408310205,1201-1,True
57037408310205,1201-2,True
57037441546498,214-1,True
57037441638336,1201-1,True
57037441638336,1201-2,True
57037474873917,214-1,True
57037474966467,1201-1,True
57037474966467,1201-2,True
57037508201385,214-1,True
57037508294599,1201-1,True
57037508294599,1201-2,True
57037541528854,214-1,True
57037541622730,1201-1,True
57037541622730,1201-2,True
57037574856348,214-1,True
57037574950899,1201-1,True
57037574950899,1201-2,True
57037608221182,214-1,True
57037608279146,1201-1,True
57037608279146,1201-2,True
57037641544672,214-1,True
57037641639045,1201-1,True
57037641639045,1201-2,True
57037674871512,214-1,True
57037674966563,1201-1,True
57037674966563,1201-2,True
57037708203053,214-1,True
57037708295055,1201-1,True
57037708295055,1201-2,True
57037741530870,214-1,True
57037741623546,1201-1,True
57037741623546,1201-2,True
57037774853270,214-1,True
57037774951946,1201-1,True
57037774951946,1201-2,True
57037808191726,214-1,True
57037808280102,1201-1,True
57037808280102,1201-2,True
57037841546523,214-1,True
57037841640324,1201-1,True
57037841640324,1201-2,True
57037874872347,214-1,True
57037874968436,1201-1,True
57037874968436,1201-2,True
57037908202123,214-1,True
57037908296548,1201-1,True
57037908296548,1201-2,True
57037941529390,214-1,True
57037941624690,1201-1,True
57037941624690,1201-2,True
57037974864402,214-1,True
57037974952902,1201-1,True
57037974952902,1201-2,True
57038008191801,214-1,True
57038008281014,1201-1,True
57038008281014,1201-2,True
57038041544812,214-1,True
57038041641062,1201-1,True
57038041641062,1201-2,True
57038074872303,214-1,True
57038074969229,1201-1,True
57038074969229,1201-2,True
57038108200970,214-1,True
57038108297395,1201-1,True
57038108297395,1201-2,True
57038141525718,214-1,True
57038141625557,1201-1,True
57038141625557,1201-2,True
57038174853208,214-1,True
57038174953708,1201-1,True
57038174953708,1201-2,True
57038208184469,214-1,True
57038208281933,1201-1,True
57038208281933,1201-2,True
57038241541908,214-1,True
57038241642246,1201-1,True
57038241642246,1201-2,True
57038274869300,214-1,True
57038274970350,1201-1,True
57038274970350,1201-2,True
57038308200491,214-1,True
57038308298454,1201-1,True
57038308298454,1201-2,True
57038341527931,214-1,True
57038341626556,1201-1,True
57038341626556,1201-2,True
57038374859079,214-1,True
57038374954668,1201-1,True
57038374954668,1201-2,True
57038408182826,214-1,True
57038408282826,1201-1,True
57038408282826,1201-2,True
57038441510309,214-1,True
57038441610984,1201-1,True
57038441610984,1201-2,True
57038474841517,214-1,True
57038474939143,1201-1,True
57038474939143,1201-2,True
57038508169001,214-1,True
57038508267301,1201-1,True
57038508267301,1201-2,True
57038541544909,214-1,True
57038541643460,1201-1,True
57038541643460,1201-2,True
57038574872386,214-1,True
57038574971599,1201-1,True
57038574971599,1201-2,True
57038608207076,214-1,True
57038608299752,1201-1,True
57038608299752,1201-2,True
57038641535912,214-1,True
57038641628088,1201-1,True
57038641628088,1201-2,True
57038674860933,214-1,True
57038674956308,1201-1,True
57038674956308,1201-2,True
57038708188327,214-1,True
57038708284377,1201-1,True
57038708284377,1201-2,True
57038741549231,214-1,True
57038741612444,1201-1,True
57038741612444,1201-2,True
57038774873637,214-1,True
57038774972309,1201-1,True
57038774972309,1201-2,True
57038808200468,214-1,True
57038808299808,1201-1,True
57038808299808,1201-2,True
57038841528290,214-1,True
57038841628291,1201-1,True
57038841628291,1201-2,True
57038874856098,214-1,True
57038874956774,1201-1,True
57038874956774,1201-2,True
57038908183847,214-1,True
57038908285186,1201-1,True
57038908285186,1201-2,True
57038941515065,214-1,True
57038941613365,1201-1,True
57038941613365,1201-2,True
57038974875821,214-1,True
57038974973496,1201-1,True
57038974973496,1201-2,True
57039008207002,214-1,True
57039008301627,1201-1,True
57039008301627,1201-2,True
57039041534458,214-1,True
57039041629758,1201-1,True
57039041629758,1201-2,True
57039074861926,214-1,True
57039074957889,1201-1,True
57039074957889,1201-2,True
57039108189395,214-1,True
57039108286021,1201-1,True
57039108286021,1201-2,True
57039141516872,214-1,True
57039141614172,1201-1,True
57039141614172,1201-2,True
57039174881199,214-1,True
57039174974374,1201-1,True
57039174974374,1201-2,True
57039208208719,214-1,True
57039208302558,1201-1,True
57039208302558,1201-2,True
57039241532315,214-1,True
57039241630741,1201-1,True
57039241630741,1201-2,True
57039274871976,214-1,True
57039274958940,1201-1,True
57039274958940,1201-2,True
57039308199488,214-1,True
57039308287164,1201-1,True
57039308287164,1201-2,True
57039341521863,214-1,True
57039341615288,1201-1,True
57039341615288,1201-2,True
57039374887419,214-1,True
57039374975345,1201-1,True
57039374975345,1201-2,True
57039408207459,214-1,True
57039408303509,1201-1,True
57039408303509,1201-2,True
57039441534748,214-1,True
57039441631673,1201-1,True
57039441631673,1201-2,True
57039474868337,214-1,True
57039474959838,1201-1,True
57039474959838,1201-2,True
57039508193452,214-1,True
57039508288002,1201-1,True
57039508288002,1201-2,True
57039541524703,214-1,True
57039541616167,1201-1,True
57039541616167,1201-2,True
57039574881933,214-1,True
57039574976308,1201-1,True
57039574976308,1201-2,True
57039608213111,214-1,True
57039608304412,1201-1,True
57039608304412,1201-2,True
57039641540647,214-1,True
57039641632610,1201-1,True
57039641632610,1201-2,True
57039674868133,214-1,True
57039674960808,1201-1,True
57039674960808,1201-2,True
57039708195668,214-1,True
57039708289006,1201-1,True
57039708289006,1201-2,True
57039741523204,214-1,True
57039741617205,1201-1,True
57039741617205,1201-2,True
57039774884199,214-1,True
57039774977374,1201-1,True
57039774977374,1201-2,True
57039808211491,214-1,True
57039808305327,1201-1,True
57039808305327,1201-2,True
57039841538688,214-1,True
57039841633190,1201-1,True
57039841633190,1201-2,True
57039874870327,214-1,True
57039874961790,1201-1,True
57039874961790,1201-2,True
57039908197732,214-1,True
57039908289858,1201-1,True
57039908289858,1201-2,True
57039941529868,214-1,True
57039941617994,1201-1,True
57039941617994,1201-2,True
57039974853664,214-1,True
57039974946165,1201-1,True
57039974946165,1201-2,True
57040008211002,214-1,True
57040008306378,1201-1,True
57040008306378,1201-2,True
57040041538402,214-1,True
57040041634490,1201-1,True
57040041634490,1201-2,True
57040074865853,214-1,True
57040074962603,1201-1,True
57040074962603,1201-2,True
57040108197082,214-1,True
57040108290758,1201-1,True
57040108290758,1201-2,True
57040141524573,214-1,True
57040141618948,1201-1,True
57040141618948,1201-2,True
57040174851911,214-1,True
57040174946961,1201-1,True
57040174946961,1201-2,True
57040208213065,214-1,True
57040208307279,1201-1,True
57040208307279,1201-2,True
57040241540670,214-1,True
57040241635546,1201-1,True
57040241635546,1201-2,True
57040274868261,214-1,True
57040274963812,1201-1,True
57040274963812,1201-2,True
57040308195755,214-1,True
57040308291968,1201-1,True
57040308291968,1201-2,True
57040341523000,214-1,True
57040341619875,1201-1,True
57040341619875,1201-2,True
57040374854204,214-1,True
57040374948043,1201-1,True
57040374948043,1201-2,True
57040408211488,214-1,True
57040408308201,1201-1,True
57040408308201,1201-2,True
57040441538984,214-1,True
57040441636360,1201-1,True
57040441636360,1201-2,True
57040474870179,214-1,True
57040474964518,1201-1,True
57040474964518,1201-2,True
57040508199463,214-1,True
57040508292676,1201-1,True
57040508292676,1201-2,True
57040541528334,214-1,True
57040541620835,1201-1,True
57040541620835,1201-2,True
57040574853471,214-1,True
57040574948971,1201-1,True
57040574948971,1201-2,True
57040608218533,214-1,True
57040608309084,1201-1,True
57040608309084,1201-2,True
57040641538896,214-1,True
57040641637321,1201-1,True
57040641637321,1201-2,True
57040674871558,214-1,True
57040674965559,1201-1,True
57040674965559,1201-2,True
57040708205536,214-1,True
57040708293749,1201-1,True
57040708293749,1201-2,True
57040741529474,214-1,True
57040741621850,1201-1,True
57040741621850,1201-2,True
57040774858427,214-1,True
57040774950102,1201-1,True
57040774950102,1201-2,True
57040808218445,214-1,True
57040808310245,1201-1,True
57040808310245,1201-2,True
57040841542293,214-1,True
57040841638256,1201-1,True
57040841638256,1201-2,True
57040874872286,214-1,True
57040874966374,1201-1,True
57040874966374,1201-2,True
57040908203735,214-1,True
57040908294573,1201-1,True
57040908294573,1201-2,True
57040941504019,214-1,True
57040941622769,1201-1,True
57040941622769,1201-2,True
57040974853755,214-1,True
57040974950843,1201-1,True
57040974950843,1201-2,True
57041008214733,214-1,True
57041008278983,1201-1,True
57041008278983,1201-2,True
57041041541944,214-1,True
57041041638867,1201-1,True
57041041638867,1201-2,True
57041074868854,214-1,True
57041074966444,1201-1,True
57041074966444,1201-2,True
57041108196655,214-1,True
57041108294906,1201-1,True
57041108294906,1201-2,True
57041141524442,214-1,True
57041141623368,1201-1,True
57041141623368,1201-2,True
57041174852203,214-1,True
57041174951792,1201-1,True
57041174951792,1201-2,True
57041208179832,214-1,True
57041208280082,1201-1,True
57041208280082,1201-2,True
57041241545544,214-1,True
57041241640295,1201-1,True
57041241640295,1201-2,True
57041274901445,214-1,True
57041274968445,1201-1,True
57041274968445,1201-2,True
57041308204006,214-1,True
57041308296595,1201-1,True
57041308296595,1201-2,True
57041341527544,214-1,True
57041341624719,1201-1,True
57041341624719,1201-2,True
57041374858446,214-1,True
57041374952785,1201-1,True
57041374952785,1201-2,True
57041408192160,214-1,True
57041408280910,1201-1,True
57041408280910,1201-2,True
57041441515697,214-1,True
57041441609036,1201-1,True
57041441609036,1201-2,True
57041474846661,214-1,True
57041474937161,1201-1,True
57041474937161,1201-2,True
57041508168986,214-1,True
57041508265287,1201-1,True
57041508265287,1201-2,True
57041541544662,214-1,True
57041541641412,1201-1,True
57041541641412,1201-2,True
57041574876787,214-1,True
57041574969538,1201-1,True
57041574969538,1201-2,True
57041608204238,214-1,True
57041608297663,1201-1,True
57041608297663,1201-2,True
57041641536451,214-1,True
57041641625878,1201-1,True
57041641625878,1201-2,True
57041674856548,214-1,True
57041674954299,1201-1,True
57041674954299,1201-2,True
57041708191550,214-1,True
57041708282514,1201-1,True
57041708282514,1201-2,True
57041741551158,214-1,True
57041741642659,1201-1,True
57041741642659,1201-2,True
57041774874638,214-1,True
57041774970763,1201-1,True
57041774970763,1201-2,True
57041808205817,214-1,True
57041808298867,1201-1,True
57041808298867,1201-2,True
57041841530709,214-1,True
57041841627010,1201-1,True
57041841627010,1201-2,True
57041874858240,214-1,True
57041874955203,1201-1,True
57041874955203,1201-2,True
57041908185619,214-1,True
57041908283245,1201-1,True
57041908283245,1201-2,True
57041941546615,214-1,True
57041941643416,1201-1,True
57041941643416,1201-2,True
57041974874089,214-1,True
57041974971552,1201-1,True
57041974971552,1201-2,True
57042008209473,214-1,True
57042008299724,1201-1,True
57042008299724,1201-2,True
57042041534616,214-1,True
57042041627916,1201-1,True
57042041627916,1201-2,True
57042074866001,214-1,True
57042074956002,1201-1,True
57042074956002,1201-2,True
57042108188851,214-1,True
57042108284227,1201-1,True
57042108284227,1201-2,True
57042141554913,214-1,True
57042141612338,1201-1,True
57042141612338,1201-2,True
57042174879685,214-1,True
57042174972147,1201-1,True
57042174972147,1201-2,True
57042208210588,214-1,True
57042208299764,1201-1,True
57042208299764,1201-2,True
57042241538433,214-1,True
57042241628272,1201-1,True
57042241628272,1201-2,True
57042274866229,214-1,True
57042274956781,1201-1,True
57042274956781,1201-2,True
57042308197732,214-1,True
57042308285196,1201-1,True
57042308285196,1201-2,True
57042341525184,214-1,True
57042341613360,1201-1,True
57042341613360,1201-2,True
57042374886284,214-1,True
57042374973585,1201-1,True
57042374973585,1201-2,True
57042408213746,214-1,True
57042408301710,1201-1,True
57042408301710,1201-2,True
57042441541159,214-1,True
57042441629835,1201-1,True
57042441629835,1201-2,True
57042474868621,214-1,True
57042474957960,1201-1,True
57042474957960,1201-2,True
57042508196084,214-1,True
57042508286085,1201-1,True
57042508286085,1201-2,True
57042541523534,214-1,True
57042541614210,1201-1,True
57042541614210,1201-2,True
57042574884511,214-1,True
57042574974350,1201-1,True
57042574974350,1201-2,True
57042608212035,214-1,True
57042608302536,1201-1,True
57042608302536,1201-2,True
57042641569346,214-1,True
57042641630721,1201-1,True
57042641630721,1201-2,True
57042674870782,214-1,True
57042674958907,1201-1,True
57042674958907,1201-2,True
57042708198292,214-1,True
57042708287093,1201-1,True
57042708287093,1201-2,True
57042741525796,214-1,True
57042741615259,1201-1,True
57042741615259,1201-2,True
57042774886756,214-1,True
57042774975382,1201-1,True
57042774975382,1201-2,True
57042808214247,214-1,True
57042808303547,1201-1,True
57042808303547,1201-2,True
57042841541749,214-1,True
57042841631713,1201-1,True
57042841631713,1201-2,True
57042874872953,214-1,True
57042874959878,1201-1,True
57042874959878,1201-2,True
57042908200456,214-1,True
57042908288044,1201-1,True
57042908288044,1201-2,True
57042941527959,214-1,True
57042941616210,1201-1,True
57042941616210,1201-2,True
57042974888950,214-1,True
57042974976375,1201-1,True
57042974976375,1201-2,True
57043008216447,214-1,True
57043008304536,1201-1,True
57043008304536,1201-2,True
57043041543881,214-1,True
57043041632682,1201-1,True
57043041632682,1201-2,True
57043074870952,214-1,True
57043074960828,1201-1,True
57043074960828,1201-2,True
57043108190942,214-1,True
57043108288942,1201-1,True
57043108288942,1201-2,True
57043141523246,214-1,True
57043141616997,1201-1,True
57043141616997,1201-2,True
57043174885229,214-1,True
57043174977193,1201-1,True
57043174977193,1201-2,True
57043208203856,214-1,True
57043208305318,1201-1,True
57043208305318,1201-2,True
57043241537319,214-1,True
57043241633197,1201-1,True
57043241633197,1201-2,True
57043274868827,214-1,True
57043274961827,1201-1,True
57043274961827,1201-2,True
57043308196225,214-1,True
57043308289938,1201-1,True
57043308289938,1201-2,True
57043341523717,214-1,True
57043341618093,1201-1,True
57043341618093,1201-2,True
57043374899622,214-1,True
57043374994247,1201-1,True
57043374994247,1201-2,True
57043408227101,214-1,True
57043408322402,1201-1,True
57043408322402,1201-2,True
57043441558306,214-1,True
57043441650556,1201-1,True
57043441650556,1201-2,True
57043474885786,214-1,True
57043474978711,1201-1,True
57043474978711,1201-2,True
57043508213277,214-1,True
57043508306866,1201-1,True
57043508306866,1201-2,True
57043541540770,214-1,True
57043541635020,1201-1,True
57043541635020,1201-2,True
57043574868211,214-1,True
57043574963175,1201-1,True
57043574963175,1201-2,True
57043608199454,214-1,True
57043608291329,1201-1,True
57043608291329,1201-2,True
57043641526980,214-1,True
57043641619531,1201-1,True
57043641619531,1201-2,True
57043674854552,214-1,True
57043674947802,1201-1,True
57043674947802,1201-2,True
57043708215497,214-1,True
57043708307873,1201-1,True
57043708307873,1201-2,True
57043741542926,214-1,True
57043741636014,1201-1,True
57043741636014,1201-2,True
57043774870406,214-1,True
57043774964156,1201-1,True
57043774964156,1201-2,True
57043808197901,214-1,True
57043808292327,1201-1,True
57043808292327,1201-2,True
57043841525459,214-1,True
57043841620547,1201-1,True
57043841620547,1201-2,True
57043874856636,214-1,True
57043874948687,1201-1,True
57043874948687,1201-2,True
57043908213972,214-1,True
57043908308898,1201-1,True
57043908308898,1201-2,True
57043941545164,214-1,True
57043941637039,1201-1,True
57043941637039,1201-2,True
57043974872631,214-1,True
57043974965181,1201-1,True
57043974965181,1201-2,True
57044008200098,214-1,True
57044008293311,1201-1,True
57044008293311,1201-2,True
57044041527509,214-1,True
57044041621384,1201-1,True
57044041621384,1201-2,True
57044074854910,214-1,True
57044074949461,1201-1,True
57044074949461,1201-2,True
57044108215994,214-1,True
57044108309708,1201-1,True
57044108309708,1201-2,True
57044141543475,214-1,True
57044141637850,1201-1,True
57044141637850,1201-2,True
57044174870955,214-1,True
57044174966006,1201-1,True
57044174966006,1201-2,True
57044208202157,214-1,True
57044208294158,1201-1,True
57044208294158,1201-2,True
57044241529753,214-1,True
57044241622428,1201-1,True
57044241622428,1201-2,True
57044274857252,214-1,True
57044274950627,1201-1,True
57044274950627,1201-2,True
57044308219173,214-1,True
57044308310723,1201-1,True
57044308310723,1201-2,True
57044341540181,214-1,True
57044341638679,1201-1,True
57044341638679,1201-2,True
57044374867011,214-1,True
57044374966386,1201-1,True
57044374966386,1201-2,True
57044408204367,214-1,True
57044408294618,1201-1,True
57044408294618,1201-2,True
57044441533099,214-1,True
57044441622850,1201-1,True
57044441622850,1201-2,True
57044474859456,214-1,True
57044474951081,1201-1,True
57044474951081,1201-2,True
57044508193062,214-1,True
57044508279313,1201-1,True
57044508279313,1201-2,True
57044541549044,214-1,True
57044541639545,1201-1,True
57044541639545,1201-2,True
57044574949277,214-1,True
57044574967777,1201-1,True
57044574967777,1201-2,True
57044608202133,214-1,True
57044608296008,1201-1,True
57044608296008,1201-2,True
57044641534602,214-1,True
57044641624278,1201-1,True
57044641624278,1201-2,True
57044674861824,214-1,True
57044674952574,1201-1,True
57044674952574,1201-2,True
57044708184111,214-1,True
57044708280611,1201-1,True
57044708280611,1201-2,True
57044741544816,214-1,True
57044741640691,1201-1,True
57044741640691,1201-2,True
57044774876999,214-1,True
57044774968875,1201-1,True
57044774968875,1201-2,True
57044808201969,214-1,True
57044808297058,1201-1,True
57044808297058,1201-2,True
57044841525528,214-1,True
57044841625241,1201-1,True
57044841625241,1201-2,True
57044874856549,214-1,True
57044874953425,1201-1,True
57044874953425,1201-2,True
57044908187766,214-1,True
57044908281605,1201-1,True
57044908281605,1201-2,True
57044941554841,214-1,True
57044941641767,1201-1,True
57044941641767,1201-2,True
57044974898404,214-1,True
57044974969904,1201-1,True
57044974969904,1201-2,True
57045008205829,214-1,True
57045008298042,1201-1,True
57045008298042,1201-2,True
57045041533309,214-1,True
57045041626185,1201-1,True
57045041626185,1201-2,True
57045074864539,214-1,True
57045074954340,1201-1,True
57045074954340,1201-2,True
57045108191964,214-1,True
57045108282464,1201-1,True
57045108282464,1201-2,True
57045141552934,214-1,True
57045141642559,1201-1,True
57045141642559,1201-2,True
57045174880429,214-1,True
57045174970768,1201-1,True
57045174970768,1201-2,True
57045208207975,214-1,True
57045208298976,1201-1,True
57045208298976,1201-2,True
57045241535496,214-1,True
57045241627172,1201-1,True
57045241627172,1201-2,True
57045274862985,214-1,True
57045274955324,1201-1,True
57045274955324,1201-2,True
57045308190485,214-1,True
57045308283486,1201-1,True
57045308283486,1201-2,True
57045341551531,214-1,True
57045341643707,1201-1,True
57045341643707,1201-2,True
57045374884296,214-1,True
57045374971846,1201-1,True
57045374971846,1201-2,True
57045408205919,214-1,True
57045408299969,1201-1,True
57045408299969,1201-2,True
57045441530254,214-1,True
57045441628092,1201-1,True
57045441628092,1201-2,True
57045474867165,214-1,True
57045474956215,1201-1,True
57045474956215,1201-2,True
57045508189213,214-1,True
57045508284338,1201-1,True
57045508284338,1201-2,True
57045541551586,214-1,True
57045541612461,1201-1,True
57045541612461,1201-2,True
57045574875450,214-1,True
57045574972322,1201-1,True
57045574972322,1201-2,True
57045608203802,214-1,True
57045608299767,1201-1,True
57045608299767,1201-2,True
57045641530748,214-1,True
57045641628338,1201-1,True
57045641628338,1201-2,True
57045674861194,214-1,True
57045674956909,1201-1,True
57045674956909,1201-2,True
57045708186715,214-1,True
57045708285429,1201-1,True
57045708285429,1201-2,True
57045741525691,214-1,True
57045741613691,1201-1,True
57045741613691,1201-2,True
57045774886514,214-1,True
57045774973689,1201-1,True
57045774973689,1201-2,True
57045808214047,214-1,True
57045808301885,1201-1,True
57045808301885,1201-2,True
57045841541581,214-1,True
57045841630081,1201-1,True
57045841630081,1201-2,True
57045874869074,214-1,True
57045874958249,1201-1,True
57045874958249,1201-2,True
57045908200226,214-1,True
57045908286351,1201-1,True
57045908286351,1201-2,True
57045941527705,214-1,True
57045941614506,1201-1,True
57045941614506,1201-2,True
57045974884985,214-1,True
57045974974660,1201-1,True
57045974974660,1201-2,True
57046008216190,214-1,True
57046008302815,1201-1,True
57046008302815,1201-2,True
57046041543669,214-1,True
57046041630970,1201-1,True
57046041630970,1201-2,True
57046074871161,214-1,True
57046074959125,1201-1,True
57046074959125,1201-2,True
57046108198604,214-1,True
57046108287279,1201-1,True
57046108287279,1201-2,True
57046141526072,214-1,True
57046141615410,1201-1,True
57046141615410,1201-2,True
57046174887004,214-1,True
57046174975504,1201-1,True
57046174975504,1201-2,True
57046208214532,214-1,True
57046208303708,1201-1,True
57046208303708,1201-2,True
57046241545785,214-1,True
57046241631911,1201-1,True
57046241631911,1201-2,True
57046274917614,214-1,True
57046274960114,1201-1,True
57046274960114,1201-2,True
57046308229067,214-1,True
57046308320318,1201-1,True
57046308320318,1201-2,True
57046341557753,214-1,True
57046341648504,1201-1,True
57046341648504,1201-2,True
57046374885220,214-1,True
57046374976645,1201-1,True
57046374976645,1201-2,True
57046408212723,214-1,True
57046408304812,1201-1,True
57046408304812,1201-2,True
57046441543728,214-1,True
57046441632978,1201-1,True
57046441632978,1201-2,True
57046474867270,214-1,True
57046474961145,1201-1,True
57046474961145,1201-2,True
57046508194761,214-1,True
57046508289312,1201-1,True
57046508289312,1201-2,True
57046541524603,214-1,True
57046541617478,1201-1,True
57046541617478,1201-2,True
57046574885353,214-1,True
57046574945603,1201-1,True
57046574945603,1201-2,True
57046608213851,214-1,True
57046608305601,1201-1,True
57046608305601,1201-2,True
57046641535076,214-1,True
57046641633753,1201-1,True
57046641633753,1201-2,True
57046674872651,214-1,True
57046674962240,1201-1,True
57046674962240,1201-2,True
57046708201333,214-1,True
57046708290422,1201-1,True
57046708290422,1201-2,True
57046741525096,214-1,True
57046741618559,1201-1,True
57046741618559,1201-2,True
57046774886071,214-1,True
57046774978696,1201-1,True
57046774978696,1201-2,True
57046808213531,214-1,True
57046808306831,1201-1,True
57046808306831,1201-2,True
57046841544709,214-1,True
57046841634960,1201-1,True
57046841634960,1201-2,True
57046874872162,214-1,True
57046874963088,1201-1,True
57046874963088,1201-2,True
57046908199628,214-1,True
57046908291216,1201-1,True
57046908291216,1201-2,True
57046941527094,214-1,True
57046941619344,1201-1,True
57046941619344,1201-2,True
57046974854514,214-1,True
57046974947477,1201-1,True
57046974947477,1201-2,True
57047008215542,214-1,True
57047008307630,1201-1,True
57047008307630,1201-2,True
57047041543000,214-1,True
57047041635801,1201-1,True
57047041635801,1201-2,True
57047074870508,214-1,True
57047074963971,1201-1,True
57047074963971,1201-2,True
57047108201766,214-1,True
57047108292142,1201-1,True
57047108292142,1201-2,True
57047141529224,214-1,True
57047141620312,1201-1,True
57047141620312,1201-2,True
57047174856736,214-1,True
57047174948486,1201-1,True
57047174948486,1201-2,True
57047208217739,214-1,True
57047208308664,1201-1,True
57047208308664,1201-2,True
57047241545234,214-1,True
57047241636822,1201-1,True
57047241636822,1201-2,True
57047274872730,214-1,True
57047274964980,1201-1,True
57047274964980,1201-2,True
57047308195513,214-1,True
57047308293138,1201-1,True
57047308293138,1201-2,True
57047341527871,214-1,True
57047341621297,1201-1,True
57047341621297,1201-2,True
57047374852617,214-1,True
57047374949456,1201-1,True
57047374949456,1201-2,True
57047408213193,214-1,True
57047408309619,1201-1,True
57047408309619,1201-2,True
57047441549106,214-1,True
57047441637781,1201-1,True
57047441637781,1201-2,True
57047474874980,214-1,True
57047474965943,1201-1,True
57047474965943,1201-2,True
57047508204605,214-1,True
57047508294106,1201-1,True
57047508294106,1201-2,True
57047541531893,214-1,True
57047541622268,1201-1,True
57047541622268,1201-2,True
57047574855214,214-1,True
57047574950427,1201-1,True
57047574950427,1201-2,True
57047608213467,214-1,True
57047608310592,1201-1,True
57047608310592,1201-2,True
57047641547000,214-1,True
57047641638713,1201-1,True
57047641638713,1201-2,True
57047674875359,214-1,True
57047674966786,1201-1,True
57047674966786,1201-2,True
57047708205667,214-1,True
57047708295417,1201-1,True
57047708295417,1201-2,True
57047741535383,214-1,True
57047741623472,1201-1,True
57047741623472,1201-2,True
57047774858886,214-1,True
57047774951599,1201-1,True
57047774951599,1201-2,True
57047808184913,214-1,True
57047808279664,1201-1,True
57047808279664,1201-2,True
57047841548437,214-1,True
57047841639813,1201-1,True
57047841639813,1201-2,True
57047874878220,214-1,True
57047874967934,1201-1,True
57047874967934,1201-2,True
57047908205466,214-1,True
57047908296055,1201-1,True
57047908296055,1201-2,True
57047941531766,214-1,True
57047941624191,1201-1,True
57047941624191,1201-2,True
57047974857923,214-1,True
57047974952387,1201-1,True
57047974952387,1201-2,True
57048008185485,214-1,True
57048008280611,1201-1,True
57048008280611,1201-2,True
57048041546496,214-1,True
57048041640796,1201-1,True
57048041640796,1201-2,True
57048074875952,214-1,True
57048074968952,1201-1,True
57048074968952,1201-2,True
57048108200895,214-1,True
57048108297108,1201-1,True
57048108297108,1201-2,True
57048141528389,214-1,True
57048141625264,1201-1,True
57048141625264,1201-2,True
57048174855832,214-1,True
57048174953420,1201-1,True
57048174953420,1201-2,True
57048208183339,214-1,True
57048208281589,1201-1,True
57048208281589,1201-2,True
57048241544367,214-1,True
57048241641792,1201-1,True
57048241641792,1201-2,True
57048274871891,214-1,True
57048274969980,1201-1,True
57048274969980,1201-2,True
57048308203166,214-1,True
57048308298167,1201-1,True
57048308298167,1201-2,True
57048341535171,214-1,True
57048341626347,1201-1,True
57048341626347,1201-2,True
57048374856580,214-1,True
57048374954505,1201-1,True
57048374954505,1201-2,True
57048408238738,214-1,True
57048408330664,1201-1,True
57048408330664,1201-2,True
57048441561572,214-1,True
57048441658822,1201-1,True
57048441658822,1201-2,True
57048474894142,214-1,True
57048474986981,1201-1,True
57048474986981,1201-2,True
57048508225338,214-1,True
57048508315139,1201-1,True
57048508315139,1201-2,True
57048541555584,214-1,True
57048541643297,1201-1,True
57048541643297,1201-2,True
57048574883080,214-1,True
57048574971456,1201-1,True
57048574971456,1201-2,True
57048608210582,214-1,True
57048608299633,1201-1,True
57048608299633,1201-2,True
57048641538158,214-1,True
57048641627872,1201-1,True
57048641627872,1201-2,True
57048674869396,214-1,True
57048674956071,1201-1,True
57048674956071,1201-2,True
57048708196791,214-1,True
57048708284130,1201-1,True
57048708284130,1201-2,True
57048741557803,214-1,True
57048741612303,1201-1,True
57048741612303,1201-2,True
57048774885074,214-1,True
57048774972247,1201-1,True
57048774972247,1201-2,True
57048808211942,214-1,True
57048808299781,1201-1,True
57048808299781,1201-2,True
57048841539754,214-1,True
57048841628256,1201-1,True
57048841628256,1201-2,True
57048874867554,214-1,True
57048874956731,1201-1,True
57048874956731,1201-2,True
57048908209201,214-1,True
57048908285127,1201-1,True
57048908285127,1201-2,True
57048941516903,214-1,True
57048941613279,1201-1,True
57048941613279,1201-2,True
57048974878077,214-1,True
57048974973416,1201-1,True
57048974973416,1201-2,True
57049008208315,214-1,True
57049008301566,1201-1,True
57049008301566,1201-2,True
57049041537590,214-1,True
57049041629716,1201-1,True
57049041629716,1201-2,True
57049074864121,214-1,True
57049074957871,1201-1,True
57049074957871,1201-2,True
57049108190633,214-1,False
57049108286008,1201-1,False
57049108286008,1201-2,False
57049141520974,214-1,False
57049141614063,1201-1,False
57049141614063,1201-2,False
57049174884709,214-1,False
57049174974209,1201-1,False
57049174974209,1201-2,False
57049208206969,214-1,False
57049208302433,1201-1,False
57049208302433,1201-2,False
57049241529855,214-1,False
57049241630656,1201-1,False
57049241630656,1201-2,False
57049274904629,214-1,False
57049274958879,1201-1,False
57049274958879,1201-2,False
57049308219852,214-1,False
57049308319103,1201-1,False
57049308319103,1201-2,False
57049341551291,214-1,False
57049341647291,1201-1,False
57049341647291,1201-2,False
57049374881261,214-1,False
57049374975386,1201-1,False
57049374975386,1201-2,False
57049408208717,214-1,False
57049408303517,1201-1,False
57049408303517,1201-2,False
57049441547348,214-1,False
57049441631648,1201-1,False
57049441631648,1201-2,False
57049474863654,214-1,False
57049474959780,1201-1,False
57049474959780,1201-2,False
57049508191110,214-1,False
57049508287911,1201-1,False
57049508287911,1201-2,False
57049541522292,214-1,False
57049541616042,1201-1,False
57049541616042,1201-2,False
57049574879573,214-1,False
57049574976199,1201-1,False
57049574976199,1201-2,False
57049608210831,214-1,False
57049608304419,1201-1,False
57049608304419,1201-2,False
57049641538348,214-1,False
57049641632598,1201-1,False
57049641632598,1201-2,False
57049674865852,214-1,False
57049674960778,1201-1,False
57049674960778,1201-2,False
57049708193409,214-1,False
57049708288998,1201-1,False
57049708288998,1201-2,False
57049741524703,214-1,False
57049741617253,1201-1,False
57049741617253,1201-2,False
57049774881855,214-1,False
57049774977280,1201-1,False
57049774977280,1201-2,False
57049808209209,214-1,False
57049808305296,1201-1,False
57049808305296,1201-2,False
57049841536375,214-1,False
57049841633177,1201-1,False
57049841633177,1201-2,False
57049874868095,214-1,False
57049874961808,1201-1,False
57049874961808,1201-2,False
57049908195577,214-1,False
57049908289952,1201-1,False
57049908289952,1201-2,False
57049941522965,214-1,False
57049941618053,1201-1,False
57049941618053,1201-2,False
57049974850514,214-1,False
57049974946265,1201-1,False
57049974946265,1201-2,False
57050008211491,214-1,False
57050008306416,1201-1,False
57050008306416,1201-2,False
57050041538994,214-1,False
57050041634583,1201-1,False
57050041634583,1201-2,False
57050074866499,214-1,False
57050074962749,1201-1,False
57050074962749,1201-2,False
57050108193970,214-1,False
57050108290895,1201-1,False
57050108290895,1201-2,False
57050141525097,214-1,False
57050141618972,1201-1,False
57050141618972,1201-2,False
57050174852529,214-1,False
57050174947080,1201-1,False
57050174947080,1201-2,False
57050208213616,214-1,False
57050208307330,1201-1,False
57050208307330,1201-2,False
57050241541175,214-1,False
57050241635551,1201-1,False
57050241635551,1201-2,False
57050274874058,214-1,False
57050274963772,1201-1,False
57050274963772,1201-2,False
57050308201554,214-1,False
57050308291980,1201-1,False
57050308291980,1201-2,False
57050341529077,214-1,False
57050341620165,1201-1,False
57050341620165,1201-2,False
57050374856616,214-1,False
57050374948366,1201-1,False
57050374948366,1201-2,False
57050408217543,214-1,False
57050408308468,1201-1,False
57050408308468,1201-2,False
57050441544982,214-1,False
57050441636570,1201-1,False
57050441636570,1201-2,False
57050474876122,214-1,False
57050474964672,1201-1,False
57050474964672,1201-2,False
57050508203561,214-1,False
57050508292775,1201-1,False
57050508292775,1201-2,False
57050541531001,214-1,False
57050541620877,1201-1,False
57050541620877,1201-2,False
57050574858479,214-1,False
57050574949030,1201-1,False
57050574949030,1201-2,False
57050608219595,214-1,False
57050608309308,1201-1,False
57050608309308,1201-2,False
57050641550816,214-1,False
57050641637492,1201-1,False
57050641637492,1201-2,False
57050674874624,214-1,False
57050674965675,1201-1,False
57050674965675,1201-2,False
57050708202145,214-1,False
57050708293858,1201-1,False
57050708293858,1201-2,False
57050741596666,214-1,False
57050741670042,1201-1,False
57050741670042,1201-2,False
57050774909300,214-1,False
57050774998225,1201-1,False
57050774998225,1201-2,False
57050808236783,214-1,False
57050808326408,1201-1,False
57050808326408,1201-2,False
57050841562166,214-1,False
57050841654592,1201-1,False
57050841654592,1201-2,False
57050874889686,214-1,False
57050874982775,1201-1,False
57050874982775,1201-2,False
57050908213424,214-1,False
57050908310924,1201-1,False
57050908310924,1201-2,False
57050941544576,214-1,False
57050941639001,1201-1,False
57050941639001,1201-2,False
57050974872088,214-1,False
57050974967176,1201-1,False
57050974967176,1201-2,False
57051008199551,214-1,False
57051008295351,1201-1,False
57051008295351,1201-2,False
57051041526982,214-1,True
57051041623444,1201-1,True
57051041623444,1201-2,True
57051074854304,214-1,True
57051074951430,1201-1,True
57051074951430,1201-2,True
57051108219211,214-1,True
57051108279761,1201-1,True
57051108279761,1201-2,True
57051141549638,214-1,True
57051141639889,1201-1,True
57051141639889,1201-2,True
57051174868563,214-1,True
57051174968114,1201-1,True
57051174968114,1201-2,True
57051208202375,214-1,True
57051208296339,1201-1,True
57051208296339,1201-2,True
57051241534077,214-1,True
57051241624541,1201-1,True
57051241624541,1201-2,True
57051274859180,214-1,True
57051274952680,1201-1,True
57051274952680,1201-2,True
57051308182769,214-1,True
57051308280857,1201-1,True
57051308280857,1201-2,True
57051341545947,214-1,True
57051341641072,1201-1,True
57051341641072,1201-2,True
57051374928857,214-1,True
57051374969232,1201-1,True
57051374969232,1201-2,True
57051408204016,214-1,True
57051408297391,1201-1,True
57051408297391,1201-2,True
57051441537338,214-1,True
57051441625551,1201-1,True
57051441625551,1201-2,True
57051474860910,214-1,True
57051474953711,1201-1,True
57051474953711,1201-2,True
57051508187032,214-1,True
57051508281870,1201-1,True
57051508281870,1201-2,True
57051541546654,214-1,True
57051541642030,1201-1,True
57051541642030,1201-2,True
57051574874139,214-1,True
57051574970189,1201-1,True
57051574970189,1201-2,True
57051608211386,214-1,True
57051608298349,1201-1,True
57051608298349,1201-2,True
57051641527708,214-1,True
57051641626509,1201-1,True
57051641626509,1201-2,True
57051674855226,214-1,True
57051674954690,1201-1,True
57051674954690,1201-2,True
57051708186513,214-1,True
57051708282939,1201-1,True
57051708282939,1201-2,True
57051741543847,214-1,True
57051741643147,1201-1,True
57051741643147,1201-2,True
57051774875014,214-1,True
57051774971264,1201-1,True
57051774971264,1201-2,True
57051808202583,214-1,True
57051808299508,1201-1,True
57051808299508,1201-2,True
57051841530021,214-1,True
57051841627610,1201-1,True
57051841627610,1201-2,True
57051874859317,214-1,True
57051874955780,1201-1,True
57051874955780,1201-2,True
57051908188183,214-1,True
57051908283933,1201-1,True
57051908283933,1201-2,True
57051941550225,214-1,True
57051941643975,1201-1,True
57051941643975,1201-2,True
57051974877595,214-1,True
57051974972018,1201-1,True
57051974972018,1201-2,True
57052008205733,214-1,True
57052008299860,1201-1,True
57052008299860,1201-2,True
57052041540944,214-1,True
57052041628494,1201-1,True
57052041628494,1201-2,True
57052074868286,214-1,True
57052074956536,1201-1,True
57052074956536,1201-2,True
57052108211676,214-1,True
57052108284726,1201-1,True
57052108284726,1201-2,True
57052141513109,214-1,True
57052141612909,1201-1,True
57052141612909,1201-2,True
57052174874094,214-1,True
57052174973058,1201-1,True
57052174973058,1201-2,True
57052208205865,214-1,True
57052208301329,1201-1,True
57052208301329,1201-2,True
57052241541099,214-1,True
57052241629600,1201-1,True
57052241629600,1201-2,True
57052274871233,214-1,True
57052274957858,1201-1,True
57052274957858,1201-2,True
57052308190101,214-1,True
57052308286026,1201-1,True
57052308286026,1201-2,True
57052341517477,214-1,True
57052341614066,1201-1,True
57052341614066,1201-2,True
57052374878457,214-1,True
57052374974207,1201-1,True
57052374974207,1201-2,True
57052408208073,214-1,True
57052408302374,1201-1,True
57052408302374,1201-2,True
57052441534202,214-1,True
57052441630540,1201-1,True
57052441630540,1201-2,True
57052474859156,214-1,True
57052474958707,1201-1,True
57052474958707,1201-2,True
57052508198998,214-1,True
57052508286874,1201-1,True
57052508286874,1201-2,True
57052541526490,214-1,True
57052541615040,1201-1,True
57052541615040,1201-2,True
57052574887500,214-1,True
57052574975214,1201-1,True
57052574975214,1201-2,True
57052608206607,214-1,True
57052608303407,1201-1,True
57052608303407,1201-2,True
57052641535512,214-1,True
57052641631600,1201-1,True
57052641631600,1201-2,True
57052674860705,214-1,True
57052674959794,1201-1,True
57052674959794,1201-2,True
57052708188399,214-1,True
57052708287987,1201-1,True
57052708287987,1201-2,True
57052741528493,214-1,True
57052741616169,1201-1,True
57052741616169,1201-2,True
57052774915514,214-1,True
57052774976315,1201-1,True
57052774976315,1201-2,True
57052808265335,214-1,True
57052808304461,1201-1,True
57052808304461,1201-2,True
57052841544393,214-1,True
57052841632606,1201-1,True
57052841632606,1201-2,True
57052874871877,214-1,True
57052874960752,1201-1,True
57052874960752,1201-2,True
57052908309473,214-1,True
57052908336898,1201-1,True
57052908336898,1201-2,True
57052941574419,214-1,True
57052941665044,1201-1,True
57052941665044,1201-2,True
57052974903015,214-1,True
57052974993190,1201-1,True
57052974993190,1201-2,True
57053008229461,214-1,True
57053008321336,1201-1,True
57053008321336,1201-2,True
57053041557256,214-1,True
57053041649507,1201-1,True
57053041649507,1201-2,True
57053074884783,214-1,True
57053074977708,1201-1,True
57053074977708,1201-2,True
57053108305615,1201-1,True
57053108305615,1201-2,True
57053108324815,214-1,True
57053141542153,214-1,True
57053141633406,1201-1,True
57053141633406,1201-2,True
57053174866510,214-1,True
57053174962186,1201-1,True
57053174962186,1201-2,True
57053208196875,214-1,True
57053208290464,1201-1,True
57053208290464,1201-2,True
57053241517946,214-1,True
57053241618697,1201-1,True
57053241618697,1201-2,True
57053274860517,214-1,True
57053274946856,1201-1,True
57053274946856,1201-2,True
57053308208555,214-1,True
57053308307018,1201-1,True
57053308307018,1201-2,True
57053341573306,214-1,True
57053341667181,1201-1,True
57053341667181,1201-2,True
57053374899630,214-1,True
57053374995344,1201-1,True
57053374995344,1201-2,True
57053408265293,214-1,True
57053408323506,1201-1,True
57053408323506,1201-2,True
57053441559293,214-1,True
57053441651669,1201-1,True
57053441651669,1201-2,True
57053474886781,214-1,True
57053474979831,1201-1,True
57053474979831,1201-2,True
57053508214243,214-1,True
57053508307994,1201-1,True
57053508307994,1201-2,True
57053541541731,214-1,True
57053541636156,1201-1,True
57053541636156,1201-2,True
57053574869230,214-1,True
57053574964318,1201-1,True
57053574964318,1201-2,True
57053608200430,214-1,True
57053608292481,1201-1,True
57053608292481,1201-2,True
57053641557718,214-1,True
57053641652644,1201-1,True
57053641652644,1201-2,True
57053674885291,214-1,True
57053674980880,1201-1,True
57053674980880,1201-2,True
57053708216709,214-1,True
57053708309260,1201-1,True
57053708309260,1201-2,True
57053741544187,214-1,True
57053741637400,1201-1,True
57053741637400,1201-2,True
57053774871666,214-1,True
57053774965541,1201-1,True
57053774965541,1201-2,True
57053808193257,214-1,True
57053808293682,1201-1,True
57053808293682,1201-2,True
57053841520734,214-1,True
57053841621823,1201-1,True
57053841621823,1201-2,True
57053874857224,214-1,True
57053874949937,1201-1,True
57053874949937,1201-2,True
57053908216004,214-1,True
57053908310005,1201-1,True
57053908310005,1201-2,True
57053941547612,214-1,True
57053941638163,1201-1,True
57053941638163,1201-2,True
57053974879607,214-1,True
57053974966321,1201-1,True
57053974966321,1201-2,True
57054008202698,214-1,True
57054008294536,1201-1,True
57054008294536,1201-2,True
57054041525609,214-1,True
57054041622610,1201-1,True
57054041622610,1201-2,True
57054074741054,214-1,True
57054074950768,1201-1,True
57054074950768,1201-2,True
57054108219104,214-1,True
57054108278942,1201-1,True
57054108278942,1201-2,True
57054141547978,214-1,True
57054141638901,1201-1,True
57054141638901,1201-2,True
57054174873115,214-1,True
57054174966416,1201-1,True
57054174966416,1201-2,True
57054208233344,214-1,True
57054208294970,1201-1,True
57054208294970,1201-2,True
57054241531223,214-1,True
57054241623524,1201-1,True
57054241623524,1201-2,True
57054274863177,214-1,True
57054274951977,1201-1,True
57054274951977,1201-2,True
57054308180596,214-1,True
57054308280096,1201-1,True
57054308280096,1201-2,True
57054341547987,214-1,True
57054341640163,1201-1,True
57054341640163,1201-2,True
57054374874531,214-1,True
57054374968332,1201-1,True
57054374968332,1201-2,True
57054408204575,214-1,True
57054408296501,1201-1,True
57054408296501,1201-2,True
57054441534619,214-1,True
57054441624670,1201-1,True
57054441624670,1201-2,True
57054474862338,214-1,True
57054474952839,1201-1,True
57054474952839,1201-2,True
57054508189832,214-1,True
57054508281008,1201-1,True
57054508281008,1201-2,True
57054541550839,214-1,True
57054541641177,1201-1,True
57054541641177,1201-2,True
57054574878346,214-1,True
57054574969346,1201-1,True
57054574969346,1201-2,True
57054608205840,214-1,True
57054608297515,1201-1,True
57054608297515,1201-2,True
57054641570596,214-1,True
57054641625684,1201-1,True
57054641625684,1201-2,True
57054674860853,214-1,True
57054674953853,1201-1,True
57054674953853,1201-2,True
57054708236722,214-1,True
57054708330023,1201-1,True
57054708330023,1201-2,True
57054741567978,214-1,True
57054741658192,1201-1,True
57054741658192,1201-2,True
57054774895435,214-1,True
57054774986361,1201-1,True
57054774986361,1201-2,True
57054808222926,214-1,True
57054808314514,1201-1,True
57054808314514,1201-2,True
57054841550394,214-1,True
57054841642644,1201-1,True
57054841642644,1201-2,True
57054874877914,214-1,True
57054874970840,1201-1,True
57054874970840,1201-2,True
57054908205447,214-1,True
57054908299036,1201-1,True
57054908299036,1201-2,True
57054941538759,214-1,True
57054941627184,1201-1,True
57054941627184,1201-2,True
57054974862427,214-1,True
57054974955227,1201-1,True
57054974955227,1201-2,True
57055008184788,214-1,True
57055008283377,1201-1,True
57055008283377,1201-2,True
57055041555593,214-1,True
57055041643557,1201-1,True
57055041643557,1201-2,True
57055074883087,214-1,True
57055074971712,1201-1,True
57055074971712,1201-2,True
57055108205291,214-1,True
57055108299717,1201-1,True
57055108299717,1201-2,True
57055141535297,214-1,True
57055141628047,1201-1,True
57055141628047,1201-2,True
57055174855420,214-1,True
57055174956258,1201-1,True
57055174956258,1201-2,True
57055208186694,214-1,True
57055208284495,1201-1,True
57055208284495,1201-2,True
57055241547768,214-1,True
57055241612731,1201-1,True
57055241612731,1201-2,True
57055274875212,214-1,True
57055274972838,1201-1,True
57055274972838,1201-2,True
57055308209887,214-1,True
57055308300975,1201-1,True
57055308300975,1201-2,True
57055341531112,214-1,True
57055341629112,1201-1,True
57055341629112,1201-2,True
57055374858580,214-1,True
57055374957256,1201-1,True
57055374957256,1201-2,True
57055408189793,214-1,True
57055408285418,1201-1,True
57055408285418,1201-2,True
57055441517080,214-1,True
57055441613581,1201-1,True
57055441613581,1201-2,True
57055474851993,214-1,True
57055474941743,1201-1,True
57055474941743,1201-2,True
57055508174980,214-1,True
57055508269906,1201-1,True
57055508269906,1201-2,True
57055541535980,214-1,True
57055541630068,1201-1,True
57055541630068,1201-2,True
57055574863480,214-1,True
57055574958230,1201-1,True
57055574958230,1201-2,True
57055608190988,214-1,True
57055608286414,1201-1,True
57055608286414,1201-2,True
57055641515765,214-1,True
57055641614641,1201-1,True
57055641614641,1201-2,True
57055674876783,214-1,True
57055674974783,1201-1,True
57055674974783,1201-2,True
57055708203079,214-1,True
57055708302954,1201-1,True
57055708302954,1201-2,True
57055741530575,214-1,True
57055741631125,1201-1,True
57055741631125,1201-2,True
57055774891583,214-1,True
57055774991296,1201-1,True
57055774991296,1201-2,True
57055808219092,214-1,True
57055808319467,1201-1,True
57055808319467,1201-2,True
57055841546591,214-1,True
57055841647641,1201-1,True
57055841647641,1201-2,True
57055874877816,214-1,True
57055874975817,1201-1,True
57055874975817,1201-2,True
57055908205294,214-1,True
57055908303970,1201-1,True
57055908303970,1201-2,True
57055941532784,214-1,True
57055941632123,1201-1,True
57055941632123,1201-2,True
57055974873775,214-1,True
57055974960276,1201-1,True
57055974960276,1201-2,True
57056008187553,214-1,True
57056008288429,1201-1,True
57056008288429,1201-2,True
57056041558531,214-1,True
57056041616582,1201-1,True
57056041616582,1201-2,True
57056074889734,214-1,True
57056074976735,1201-1,True
57056074976735,1201-2,True
57056108217213,214-1,True
57056108304889,1201-1,True
57056108304889,1201-2,True
57056141534457,214-1,True
57056141633007,1201-1,True
57056141633007,1201-2,True
57056174861866,214-1,True
57056174961080,1201-1,True
57056174961080,1201-2,True
57056208189442,214-1,True
57056208289367,1201-1,True
57056208289367,1201-2,True
57056241517014,214-1,True
57056241617603,1201-1,True
57056241617603,1201-2,True
57056274881824,214-1,True
57056274945824,1201-1,True
57056274945824,1201-2,True
57056308205214,214-1,True
57056308305637,1201-1,True
57056308305637,1201-2,True
57056341531976,214-1,True
57056341633065,1201-1,True
57056341633065,1201-2,True
57056374863293,214-1,True
57056374961343,1201-1,True
57056374961343,1201-2,True
57056408190908,214-1,True
57056408289622,1201-1,True
57056408289622,1201-2,True
57056441518525,214-1,True
57056441617901,1201-1,True
57056441617901,1201-2,True
57056474846128,214-1,True
57056474946179,1201-1,True
57056474946179,1201-2,True
57056508173744,214-1,True
57056508274458,1201-1,True
57056508274458,1201-2,True
57056541534861,214-1,True
57056541634737,1201-1,True
57056541634737,1201-2,True
57056574862464,214-1,True
57056574963015,1201-1,True
57056574963015,1201-2,True
57056608197282,214-1,True
57056608291282,1201-1,True
57056608291282,1201-2,True
57056641527214,214-1,True
57056641619553,1201-1,True
57056641619553,1201-2,True
57056674858386,214-1,True
57056674947849,1201-1,True
57056674947849,1201-2,True
57056708211613,214-1,True
57056708307913,1201-1,True
57056708307913,1201-2,True
57056741542606,214-1,True
57056741636069,1201-1,True
57056741636069,1201-2,True
57056774891050,214-1,True
57056774964225,1201-1,True
57056774964225,1201-2,True
57056808193667,214-1,True
57056808292381,1201-1,True
57056808292381,1201-2,True
57056841523486,214-1,True
57056841620536,1201-1,True
57056841620536,1201-2,True
57056874850952,214-1,True
57056874948702,1201-1,True
57056874948702,1201-2,True
57056908212003,214-1,True
57056908308879,1201-1,True
57056908308879,1201-2,True
57056941539407,214-1,True
57056941636995,1201-1,True
57056941636995,1201-2,True
57056974870612,214-1,True
57056974965112,1201-1,True
57056974965112,1201-2,True
57057008198097,214-1,True
57057008293273,1201-1,True
57057008293273,1201-2,True
57057041530372,214-1,True
57057041621547,1201-1,True
57057041621547,1201-2,True
57057074851602,214-1,True
57057074949727,1201-1,True
57057074949727,1201-2,True
57057108217439,214-1,True
57057108309814,1201-1,True
57057108309814,1201-2,True
57057141544662,214-1,True
57057141637913,1201-1,True
57057141637913,1201-2,True
57057174873339,214-1,True
57057174966140,1201-1,True
57057174966140,1201-2,True
57057208202067,214-1,True
57057208294367,1201-1,True
57057208294367,1201-2,True
57057241531949,214-1,True
57057241622538,1201-1,True
57057241622538,1201-2,True
57057274856857,214-1,True
57057274950696,1201-1,True
57057274950696,1201-2,True
57057308214160,214-1,True
57057308278873,1201-1,True
57057308278873,1201-2,True
57057341541547,214-1,True
57057341638920,1201-1,True
57057341638920,1201-2,True
57057374868299,214-1,True
57057374966350,1201-1,True
57057374966350,1201-2,True
57057408195673,214-1,True
57057408294637,1201-1,True
57057408294637,1201-2,True
57057441527048,214-1,True
57057441622924,1201-1,True
57057441622924,1201-2,True
57057476541512,214-1,True
57057476631225,1201-1,True
57057476631225,1201-2,True
57057508281410,214-1,True
57057508375499,1201-1,True
57057508375499,1201-2,True
57057541612735,214-1,True
57057541703786,1201-1,True
57057541703786,1201-2,True
57057574940359,214-1,True
57057575032073,1201-1,True
57057575032073,1201-2,True
57057608267948,214-1,True
57057608360324,1201-1,True
57057608360324,1201-2,True
57057641599162,214-1,True
57057641688500,1201-1,True
57057641688500,1201-2,True
57057674926731,214-1,True
57057675016731,1201-1,True
57057675016731,1201-2,True
57057708261682,214-1,True
57057708344896,1201-1,True
57057708344896,1201-2,True
57057741596717,214-1,True
57057741673181,1201-1,True
57057741673181,1201-2,True
57057774909321,214-1,True
57057775001322,1201-1,True
57057775001322,1201-2,True
57057808236787,214-1,True
57057808329462,1201-1,True
57057808329462,1201-2,True
57057841567978,214-1,True
57057841657603,1201-1,True
57057841657603,1201-2,True
57057874891693,214-1,True
57057874985744,1201-1,True
57057874985744,1201-2,True
57057908222901,214-1,True
57057908313864,1201-1,True
57057908313864,1201-2,True
57057941550264,214-1,True
57057941641940,1201-1,True
57057941641940,1201-2,True
57057974877731,214-1,True
57057974970069,1201-1,True
57057974970069,1201-2,True
57058008205198,214-1,True
57058008298198,1201-1,True
57058008298198,1201-2,True
57058041532668,214-1,True
57058041626344,1201-1,True
57058041626344,1201-2,True
57058074860212,214-1,True
57058074954551,1201-1,True
57058074954551,1201-2,True
57058108193079,214-1,True
57058108282792,1201-1,True
57058108282792,1201-2,True
57058141550445,214-1,True
57058141643034,1201-1,True
57058141643034,1201-2,True
57058174881689,214-1,True
57058174971240,1201-1,True
57058174971240,1201-2,True
57058208209160,214-1,True
57058208299374,1201-1,True
57058208299374,1201-2,True
57058241536725,214-1,True
57058241627600,1201-1,True
57058241627600,1201-2,True
57058274864233,214-1,True
57058274955783,1201-1,True
57058274955783,1201-2,True
57058308191773,214-1,True
57058308283987,1201-1,True
57058308283987,1201-2,True
57058341552762,214-1,True
57058341612137,1201-1,True
57058341612137,1201-2,True
57058374928663,214-1,True
57058375004288,1201-1,True
57058375004288,1201-2,True
57058408241225,214-1,True
57058408332439,1201-1,True
57058408332439,1201-2,True
57058441568714,214-1,True
57058441660589,1201-1,True
57058441660589,1201-2,True
57058474896189,214-1,True
57058474988740,1201-1,True
57058474988740,1201-2,True
57058508227390,214-1,True
57058508316890,1201-1,True
57058508316890,1201-2,True
57058541554865,214-1,True
57058541645041,1201-1,True
57058541645041,1201-2,True
57058574882361,214-1,True
57058574973199,1201-1,True
57058574973199,1201-2,True
57058608209832,214-1,True
57058608301382,1201-1,True
57058608301382,1201-2,True
57058641537352,214-1,True
57058641629566,1201-1,True
57058641629566,1201-2,True
57058674868624,214-1,True
57058674957749,1201-1,True
57058674957749,1201-2,True
57058708196104,214-1,True
57058708285942,1201-1,True
57058708285942,1201-2,True
57058741557173,214-1,True
57058741614136,1201-1,True
57058741614136,1201-2,True
57058774884577,214-1,True
57058774974252,1201-1,True
57058774974252,1201-2,True
57058808241818,214-1,True
57058808334369,1201-1,True
57058808334369,1201-2,True
57058841572984,214-1,True
57058841662484,1201-1,True
57058841662484,1201-2,True
57058874900425,214-1,True
57058874990600,1201-1,True
57058874990600,1201-2,True
57058908227919,214-1,True
57058908318758,1201-1,True
57058908318758,1201-2,True
57058941555479,214-1,True
57058941646979,1201-1,True
57058941646979,1201-2,True
57058974882867,214-1,True
57058974975042,1201-1,True
57058974975042,1201-2,True
57059008214073,214-1,True
57059008303198,1201-1,True
57059008303198,1201-2,True
57059041541553,214-1,True
57059041631354,1201-1,True
57059041631354,1201-2,True
57059074869046,214-1,True
57059074959510,1201-1,True
57059074959510,1201-2,True
57059108196540,214-1,True
57059108287665,1201-1,True
57059108287665,1201-2,True
57059141524046,214-1,True
57059141615847,1201-1,True
57059141615847,1201-2,True
57059174885151,214-1,True
57059174976115,1201-1,True
57059174976115,1201-2,True
57059208212760,214-1,True
57059208304385,1201-1,True
57059208304385,1201-2,True
57059241540238,214-1,True
57059241632577,1201-1,True
57059241632577,1201-2,True
57059274871518,214-1,True
57059274960769,1201-1,True
57059274960769,1201-2,True
57059308199026,214-1,True
57059308288952,1201-1,True
57059308288952,1201-2,True
57059341526444,214-1,True
57059341617069,1201-1,True
57059341617069,1201-2,True
57059374887357,214-1,True
57059374977108,1201-1,True
57059374977108,1201-2,True
57059408216438,214-1,True
57059408305276,1201-1,True
57059408305276,1201-2,True
57059441536482,214-1,True
57059441633445,1201-1,True
57059441633445,1201-2,True
57059474867689,214-1,True
57059474961614,1201-1,True
57059474961614,1201-2,True
57059508195194,214-1,True
57059508289783,1201-1,True
57059508289783,1201-2,True
57059541526401,214-1,True
57059541617952,1201-1,True
57059541617952,1201-2,True
57059574887383,214-1,True
57059574946096,1201-1,True
57059574946096,1201-2,True
57059608214834,214-1,True
57059608306210,1201-1,True
57059608306210,1201-2,True
57059641542401,214-1,True
57059641634451,1201-1,True
57059641634451,1201-2,True
57059674869979,214-1,True
57059674962693,1201-1,True
57059674962693,1201-2,True
57059708197542,214-1,True
57059708290917,1201-1,True
57059708290917,1201-2,True
57059741524999,214-1,True
57059741619088,1201-1,True
57059741619088,1201-2,True
57059774852314,214-1,True
57059774947062,1201-1,True
57059774947062,1201-2,True
57059808212792,214-1,True
57059808306668,1201-1,True
57059808306668,1201-2,True
57059841540355,214-1,True
57059841634944,1201-1,True
57059841634944,1201-2,True
57059874871719,214-1,True
57059874963220,1201-1,True
57059874963220,1201-2,True
57059908199282,214-1,True
57059908291496,1201-1,True
57059908291496,1201-2,True
57059941562021,214-1,True
57059941651772,1201-1,True
57059941651772,1201-2,True
57059974889630,214-1,True
57059974980056,1201-1,True
57059974980056,1201-2,True
57060008213477,214-1,True
57060008308316,1201-1,True
57060008308316,1201-2,True
57060041540927,214-1,True
57060041636428,1201-1,True
57060041636428,1201-2,True
57060074868365,214-1,True
57060074964540,1201-1,True
57060074964540,1201-2,True
57060108195859,214-1,True
57060108292698,1201-1,True
57060108292698,1201-2,True
57060141527150,214-1,True
57060141620950,1201-1,True
57060141620950,1201-2,True
57060174854632,214-1,True
57060174949096,1201-1,True
57060174949096,1201-2,True
57060208215710,214-1,True
57060208309336,1201-1,True
57060208309336,1201-2,True
57060241543300,214-1,True
57060241637600,1201-1,True
57060241637600,1201-2,True
57060274870798,214-1,True
57060274965762,1201-1,True
57060274965762,1201-2,True
57060308198252,214-1,True
57060308293877,1201-1,True
57060308293877,1201-2,True
57060341525627,214-1,True
57060341621966,1201-1,True
57060341621966,1201-2,True
57060374853146,214-1,True
57060374950146,1201-1,True
57060374950146,1201-2,True
57060408214144,214-1,True
57060408310319,1201-1,True
57060408310319,1201-2,True
57060441541654,214-1,True
57060441638492,1201-1,True
57060441638492,1201-2,True
57060474872915,214-1,True
57060474966665,1201-1,True
57060474966665,1201-2,True
57060508200374,214-1,True
57060508294838,1201-1,True
57060508294838,1201-2,True
57060541527885,214-1,True
57060541623011,1201-1,True
57060541623011,1201-2,True
57060574855343,214-1,True
57060574951143,1201-1,True
57060574951143,1201-2,True
57060608220022,214-1,True
57060608279235,1201-1,True
57060608279235,1201-2,True
57060641543904,214-1,True
57060641639530,1201-1,True
57060641639530,1201-2,True
57060674871367,214-1,True
57060674967667,1201-1,True
57060674967667,1201-2,True
57060708198841,214-1,True
57060708295804,1201-1,True
57060708295804,1201-2,True
57060741530071,214-1,True
57060741623997,1201-1,True
57060741623997,1201-2,True
57060774857698,214-1,True
57060774952286,1201-1,True
57060774952286,1201-2,True
57060808185129,214-1,True
57060808280380,1201-1,True
57060808280380,1201-2,True
57060841539040,214-1,True
57060841640504,1201-1,True
57060841640504,1201-2,True
57060874877674,214-1,True
57060874968637,1201-1,True
57060874968637,1201-2,True
57060908197682,214-1,True
57060908296770,1201-1,True
57060908296770,1201-2,True
57060941525190,214-1,True
57060941624941,1201-1,True
57060941624941,1201-2,True
57060974856502,214-1,True
57060974953177,1201-1,True
57060974953177,1201-2,True
57061008186898,214-1,True
57061008281273,1201-1,True
57061008281273,1201-2,True
57061041546678,214-1,True
57061041641392,1201-1,True
57061041641392,1201-2,True
57061074877901,214-1,True
57061074969577,1201-1,True
57061074969577,1201-2,True
57061108205423,214-1,True
57061108297762,1201-1,True
57061108297762,1201-2,True
57061141532946,214-1,True
57061141625947,1201-1,True
57061141625947,1201-2,True
57061174893956,214-1,True
57061174986132,1201-1,True
57061174986132,1201-2,True
57061208223266,214-1,True
57061208314317,1201-1,True
57061208314317,1201-2,True
57061241595451,214-1,True
57061241674502,1201-1,True
57061241674502,1201-2,True
57061274920431,214-1,True
57061275002681,1201-1,True
57061275002681,1201-2,True
57061308233005,214-1,True
57061308330843,1201-1,True
57061308330843,1201-2,True
57061341560917,214-1,True
57061341659005,1201-1,True
57061341659005,1201-2,True
57061374890954,214-1,True
57061374987168,1201-1,True
57061374987168,1201-2,True
57061408218454,214-1,True
57061408315330,1201-1,True
57061408315330,1201-2,True
57061441545941,214-1,True
57061441643492,1201-1,True
57061441643492,1201-2,True
57061474880691,214-1,True
57061474971654,1201-1,True
57061474971654,1201-2,True
57061508208191,214-1,True
57061508299816,1201-1,True
57061508299816,1201-2,True
57061541535678,214-1,True
57061541627978,1201-1,True
57061541627978,1201-2,True
57061574869465,214-1,True
57061574956141,1201-1,True
57061574956141,1201-2,True
57061608196948,214-1,True
57061608284323,1201-1,True
57061608284323,1201-2,True
57061641558031,214-1,True
57061641612531,1201-1,True
57061641612531,1201-2,True
57061674885155,214-1,True
57061674972366,1201-1,True
57061674972366,1201-2,True
57061708211909,214-1,True
57061708299785,1201-1,True
57061708299785,1201-2,True
57061741535117,214-1,True
57061741628331,1201-1,True
57061741628331,1201-2,True
57061774859251,214-1,True
57061774956877,1201-1,True
57061774956877,1201-2,True
57061808189579,214-1,True
57061808285330,1201-1,True
57061808285330,1201-2,True
57061841524552,214-1,True
57061841613515,1201-1,True
57061841613515,1201-2,True
57061874881890,214-1,True
57061874973728,1201-1,True
57061874973728,1201-2,True
57061908213079,214-1,True
57061908301879,1201-1,True
57061908301879,1201-2,True
57061941540567,214-1,True
57061941630030,1201-1,True
57061941630030,1201-2,True
57061974868056,214-1,True
57061974958181,1201-1,True
57061974958181,1201-2,True
57062008229032,214-1,True
57062008318332,1201-1,True
57062008318332,1201-2,True
57062041556515,214-1,True
57062041646479,1201-1,True
57062041646479,1201-2,True
57062074884001,214-1,True
57062074974626,1201-1,True
57062074974626,1201-2,True
57062108211478,214-1,True
57062108302817,1201-1,True
57062108302817,1201-2,True
57062141539007,214-1,True
57062141631008,1201-1,True
57062141631008,1201-2,True
57062174870235,214-1,True
57062174959198,1201-1,True
57062174959198,1201-2,True
57062208197764,214-1,True
57062208287389,1201-1,True
57062208287389,1201-2,True
57062241525281,214-1,True
57062241615581,1201-1,True
57062241615581,1201-2,True
57062274886301,214-1,True
57062274975765,1201-1,True
57062274975765,1201-2,True
57062308213785,214-1,True
57062308303911,1201-1,True
57062308303911,1201-2,True
57062341541256,214-1,True
57062341632057,1201-1,True
57062341632057,1201-2,True
57062374868739,214-1,True
57062374960203,1201-1,True
57062374960203,1201-2,True
57062408196223,214-1,True
57062408288348,1201-1,True
57062408288348,1201-2,True
57062441527406,214-1,True
57062441616494,1201-1,True
57062441616494,1201-2,True
57062474854890,214-1,True
57062474944640,1201-1,True
57062474944640,1201-2,True
57062508272786,1201-1,True
57062508272786,1201-2,True
57062541632932,1201-1,True
57062541632932,1201-2,True
57062574864952,214-1,True
57062574961078,1201-1,True
57062574961078,1201-2,True
57062608192445,214-1,True
57062608289245,1201-1,True
57062608289245,1201-2,True
57062641520058,214-1,True
57062641617522,1201-1,True
57062641617522,1201-2,True
57062674884915,214-1,True
57062674945840,1201-1,True
57062674945840,1201-2,True
57062708208355,214-1,True
57062708305652,1201-1,True
57062708305652,1201-2,True
57062741539816,214-1,True
57062741633117,1201-1,True
57062741633117,1201-2,True
57062774864944,214-1,True
57062774961659,1201-1,True
57062774961659,1201-2,True
57062808232362,214-1,True
57062808290201,1201-1,True
57062808290201,1201-2,True
57062841523819,214-1,True
57062841618619,1201-1,True
57062841618619,1201-2,True
57062874851027,214-1,True
57062874946702,1201-1,True
57062874946702,1201-2,True
57062908216709,214-1,True
57062908306885,1201-1,True
57062908306885,1201-2,True
57062941542813,214-1,True
57062941635026,1201-1,True
57062941635026,1201-2,True
57062974872618,214-1,True
57062974963168,1201-1,True
57062974963168,1201-2,True
57063008192466,214-1,True
57063008291342,1201-1,True
57063008291342,1201-2,True
57063041524953,214-1,True
57063041619579,1201-1,True
57063041619579,1201-2,True
57063074852420,214-1,True
57063074947721,1201-1,True
57063074947721,1201-2,True
57063108236718,214-1,True
57063108307893,1201-1,True
57063108307893,1201-2,True
57063141545605,214-1,True
57063141636068,1201-1,True
57063141636068,1201-2,True
57063174874280,214-1,True
57063174964243,1201-1,True
57063174964243,1201-2,True
57063208195298,214-1,True
57063208292423,1201-1,True
57063208292423,1201-2,True
57063241519103,214-1,True
57063241620604,1201-1,True
57063241620604,1201-2,True
57063274848911,214-1,True
57063274948749,1201-1,True
57063274948749,1201-2,True
57063308215963,214-1,True
57063308308926,1201-1,True
57063308308926,1201-2,True
57063341536031,214-1,True
57063341637081,1201-1,True
57063341637081,1201-2,True
57063374894436,214-1,True
57063374965236,1201-1,True
57063374965236,1201-2,True
57063408201928,214-1,True
57063408293391,1201-1,True
57063408293391,1201-2,True
57063441529421,214-1,True
57063441621547,1201-1,True
57063441621547,1201-2,True
57063475992657,214-1,True
57063476085707,1201-1,True
57063476085707,1201-2,True
57063508281232,214-1,True
57063508373857,1201-1,True
57063508373857,1201-2,True
57063541634762,214-1,True
57063541702012,1201-1,True
57063541702012,1201-2,True
57063574936202,214-1,True
57063575030203,1201-1,True
57063575030203,1201-2,True
57063608267485,214-1,True
57063608358449,1201-1,True
57063608358449,1201-2,True
57063641598712,214-1,True
57063641686588,1201-1,True
57063641686588,1201-2,True
57063674926277,214-1,True
57063675014827,1201-1,True
57063675014827,1201-2,True
57063708261192,214-1,True
57063708342993,1201-1,True
57063708342993,1201-2,True
57063741596197,214-1,True
57063741671198,1201-1,True
57063741671198,1201-2,True
57063774908770,214-1,True
57063774999359,1201-1,True
57063774999359,1201-2,True
57063808236269,214-1,True
57063808327520,1201-1,True
57063808327520,1201-2,True
57063841567880,214-1,True
57063841655681,1201-1,True
57063841655681,1201-2,True
57063874887916,214-1,True
57063874983842,1201-1,True
57063874983842,1201-2,True
57063908217986,214-1,True
57063908311986,1201-1,True
57063908311986,1201-2,True
57063941545391,214-1,True
57063941640104,1201-1,True
57063941640104,1201-2,True
57063974875703,214-1,True
57063974968292,1201-1,True
57063974968292,1201-2,True
57064008198304,214-1,True
57064008296480,1201-1,True
57064008296480,1201-2,True
57064041530860,214-1,True
57064041624610,1201-1,True
57064041624610,1201-2,True
57064074858239,214-1,True
57064074952665,1201-1,True
57064074952665,1201-2,True
57064108185878,214-1,True
57064108280967,1201-1,True
57064108280967,1201-2,True
57064141546889,214-1,True
57064141641139,1201-1,True
57064141641139,1201-2,True
57064174874389,214-1,True
57064174969314,1201-1,True
57064174969314,1201-2,True
57064208205614,214-1,True
57064208297489,1201-1,True
57064208297489,1201-2,True
57064241533146,214-1,True
57064241625697,1201-1,True
57064241625697,1201-2,True
57064274860724,214-1,True
57064274953937,1201-1,True
57064274953937,1201-2,True
57064308188123,214-1,True
57064308281999,1201-1,True
57064308281999,1201-2,True
57064341549526,214-1,True
57064341642152,1201-1,True
57064341642152,1201-2,True
57064374877240,214-1,True
57064374970329,1201-1,True
57064374970329,1201-2,True
57064408203580,214-1,True
57064408298506,1201-1,True
57064408298506,1201-2,True
57064441530344,214-1,True
57064441626683,1201-1,True
57064441626683,1201-2,True
57064474859235,214-1,True
57064474954860,1201-1,True
57064474954860,1201-2,True
57064508190662,214-1,True
57064508283037,1201-1,True
57064508283037,1201-2,True
57064541552089,214-1,True
57064541643214,1201-1,True
57064541643214,1201-2,True
57064574883303,214-1,True
57064574971392,1201-1,True
57064574971392,1201-2,True
57064608186942,214-1,True
57064608299568,1201-1,True
57064608299568,1201-2,True
57064641536993,214-1,True
57064641627743,1201-1,True
57064641627743,1201-2,True
57064674860743,214-1,True
57064674955918,1201-1,True
57064674955918,1201-2,True
57064708188254,214-1,True
57064708284092,1201-1,True
57064708284092,1201-2,True
57064741553006,214-1,True
57064741612257,1201-1,True
57064741612257,1201-2,True
57064774874392,214-1,True
57064774972190,1201-1,True
57064774972190,1201-2,True
57064808206192,214-1,True
57064808299782,1201-1,True
57064808299782,1201-2,True
57064841534209,214-1,True
57064841628261,1201-1,True
57064841628261,1201-2,True
57064874862025,214-1,True
57064874956740,1201-1,True
57064874956740,1201-2,True
57064908193688,214-1,True
57064908285151,1201-1,True
57064908285151,1201-2,True
57064941521206,214-1,True
57064941613331,1201-1,True
57064941613331,1201-2,True
57064974882144,214-1,True
57064974973444,1201-1,True
57064974973444,1201-2,True
57065008209643,214-1,True
57065008301606,1201-1,True
57065008301606,1201-2,True
57065041537143,214-1,True
57065041629769,1201-1,True
57065041629769,1201-2,True
57065074868348,214-1,True
57065074957936,1201-1,True
57065074957936,1201-2,True
57065108195833,214-1,True
57065108286083,1201-1,True
57065108286083,1201-2,True
57065141523105,214-1,True
57065141614029,1201-1,True
57065141614029,1201-2,True
57065174885927,214-1,True
57065174973891,1201-1,True
57065174973891,1201-2,True
57065208205994,214-1,True
57065208302296,1201-1,True
57065208302296,1201-2,True
57065241538649,214-1,True
57065241630700,1201-1,True
57065241630700,1201-2,True
57065274866061,214-1,True
57065274959024,1201-1,True
57065274959024,1201-2,True
57065308188441,214-1,True
57065308287155,1201-1,True
57065308287155,1201-2,True
57065341522046,214-1,True
57065341615384,1201-1,True
57065341615384,1201-2,True
57065374880877,214-1,True
57065374975502,1201-1,True
57065374975502,1201-2,True
57065408211850,214-1,True
57065408303650,1201-1,True
57065408303650,1201-2,True
57065441540498,214-1,True
57065441631798,1201-1,True
57065441631798,1201-2,True
57065474869146,214-1,True
57065474959946,1201-1,True
57065474959946,1201-2,True
57065508196594,214-1,True
57065508288094,1201-1,True
57065508288094,1201-2,True
57065541524067,214-1,True
57065541616242,1201-1,True
57065541616242,1201-2,True
57065574885111,214-1,True
57065574976412,1201-1,True
57065574976412,1201-2,True
57065608206796,214-1,True
57065608304634,1201-1,True
57065608304634,1201-2,True
57065641538233,214-1,True
57065641632821,1201-1,True
57065641632821,1201-2,True
57065674869083,214-1,True
57065674961009,1201-1,True
57065674961009,1201-2,True
57065708201716,214-1,True
57065708289217,1201-1,True
57065708289217,1201-2,True
57065741525766,214-1,True
57065741617441,1201-1,True
57065741617441,1201-2,True
57065774888080,214-1,True
57065774945543,1201-1,True
57065774945543,1201-2,True
57065808215598,214-1,True
57065808305521,1201-1,True
57065808305521,1201-2,True
57065841541784,214-1,True
57065841633337,1201-1,True
57065841633337,1201-2,True
57065874870108,214-1,True
57065874962108,1201-1,True
57065874962108,1201-2,True
57065908196614,214-1,True
57065908290239,1201-1,True
57065908290239,1201-2,True
57065941494446,214-1,True
57065941618322,1201-1,True
57065941618322,1201-2,True
57065974853164,214-1,True
57065974946590,1201-1,True
57065974946590,1201-2,True
57066008209481,214-1,True
57066008306732,1201-1,True
57066008306732,1201-2,True
57066041538523,214-1,True
57066041634861,1201-1,True
57066041634861,1201-2,True
57066074865027,214-1,True
57066074962990,1201-1,True
57066074962990,1201-2,True
57066108196435,214-1,True
57066108291148,1201-1,True
57066108291148,1201-2,True
57066141520500,214-1,True
57066141619375,1201-1,True
57066141619375,1201-2,True
57066174858414,214-1,True
57066174947540,1201-1,True
57066174947540,1201-2,True
57066208218081,214-1,True
57066208307707,1201-1,True
57066208307707,1201-2,True
57066241539560,214-1,True
57066241635936,1201-1,True
57066241635936,1201-2,True
57066274871240,214-1,True
57066274964165,1201-1,True
57066274964165,1201-2,True
57066308193879,214-1,True
57066308292342,1201-1,True
57066308292342,1201-2,True
57066341531443,214-1,True
57066341620406,1201-1,True
57066341620406,1201-2,True
57066374855471,214-1,True
57066374948596,1201-1,True
57066374948596,1201-2,True
57066408211594,214-1,True
57066408308769,1201-1,True
57066408308769,1201-2,True
57066441544192,214-1,True
57066441636942,1201-1,True
57066441636942,1201-2,True
57066474895402,214-1,True
57066474965115,1201-1,True
57066474965115,1201-2,True
57066508204287,214-1,True
57066508293288,1201-1,True
57066508293288,1201-2,True
57066541531785,214-1,True
57066541621461,1201-1,True
57066541621461,1201-2,True
57066574859061,214-1,True
57066574949397,1201-1,True
57066574949397,1201-2,True
57066608219445,214-1,True
57066608308946,1201-1,True
57066608308946,1201-2,True
57066641601558,214-1,True
57066641637484,1201-1,True
57066641637484,1201-2,True
57066674872219,214-1,True
57066674966021,1201-1,True
57066674966021,1201-2,True
57066708204848,214-1,True
57066708294436,1201-1,True
57066708294436,1201-2,True
57066741528090,214-1,True
57066741622516,1201-1,True
57066741622516,1201-2,True
57066774856494,214-1,True
57066774950618,1201-1,True
57066774950618,1201-2,True
57066808210872,214-1,True
57066808310623,1201-1,True
57066808310623,1201-2,True
57066841552049,214-1,True
57066841638798,1201-1,True
57066841638798,1201-2,True
57066874872495,214-1,True
57066874966421,1201-1,True
57066874966421,1201-2,True
57066908200257,214-1,True
57066908294846,1201-1,True
57066908294846,1201-2,True
57066941561095,214-1,True
57066941623271,1201-1,True
57066941623271,1201-2,True
57066974855077,214-1,True
57066974951627,1201-1,True
57066974951627,1201-2,True
57067008179979,214-1,True
57067008279780,1201-1,True
57067008279780,1201-2,True
57067041549392,214-1,True
57067041639943,1201-1,True
57067041639943,1201-2,True
57067074870621,214-1,True
57067074968084,1201-1,True
57067074968084,1201-2,True
57067108206676,214-1,True
57067108296226,1201-1,True
57067108296226,1201-2,True
57067141548905,214-1,True
57067141624406,1201-1,True
57067141624406,1201-2,True
57067174861601,214-1,True
57067174952690,1201-1,True
57067174952690,1201-2,True
57067208186635,214-1,True
57067208280936,1201-1,True
57067208280936,1201-2,True
57067241547698,214-1,True
57067241641161,1201-1,True
57067241641161,1201-2,True
57067274875198,214-1,True
57067274969323,1201-1,True
57067274969323,1201-2,True
57067308202647,214-1,True
57067308297486,1201-1,True
57067308297486,1201-2,True
57067341530113,214-1,True
57067341625613,1201-1,True
57067341625613,1201-2,True
57067374861251,214-1,True
57067374953676,1201-1,True
57067374953676,1201-2,True
57067408188744,214-1,True
57067408281869,1201-1,True
57067408281869,1201-2,True
57067441516261,214-1,True
57067441610062,1201-1,True
57067441610062,1201-2,True
57067474843791,214-1,True
57067474938255,1201-1,True
57067474938255,1201-2,True
57067508171322,214-1,True
57067508266447,1201-1,True
57067508266447,1201-2,True
57067541547265,214-1,True
57067541642640,1201-1,True
57067541642640,1201-2,True
57067574880082,214-1,True
57067574970833,1201-1,True
57067574970833,1201-2,True
57067608207600,214-1,True
57067608299026,1201-1,True
57067608299026,1201-2,True
57067641535112,214-1,True
57067641627200,1201-1,True
57067641627200,1201-2,True
57067674862583,214-1,True
57067674955333,1201-1,True
57067674955333,1201-2,True
57067708190063,214-1,True
57067708283527,1201-1,True
57067708283527,1201-2,True
57067741551168,214-1,True
57067741643757,1201-1,True
57067741643757,1201-2,True
57067774878618,214-1,True
57067774971868,1201-1,True
57067774971868,1201-2,True
57067808205963,214-1,True
57067808299926,1201-1,True
57067808299926,1201-2,True
57067841537271,214-1,True
57067841628147,1201-1,True
57067841628147,1201-2,True
57067874864783,214-1,True
57067874956371,1201-1,True
57067874956371,1201-2,True
57067908192178,214-1,True
57067908284427,1201-1,True
57067908284427,1201-2,True
57067941556768,214-1,True
57067941612443,1201-1,True
57067941612443,1201-2,True
57067974880758,214-1,True
57067974972847,1201-1,True
57067974972847,1201-2,True
57068008208221,214-1,True
57068008300972,1201-1,True
57068008300972,1201-2,True
57068041535671,214-1,True
57068041629097,1201-1,True
57068041629097,1201-2,True
57068074863151,214-1,True
57068074957240,1201-1,True
57068074957240,1201-2,True
57068108194389,214-1,True
57068108285440,1201-1,True
57068108285440,1201-2,True
57068141521937,214-1,True
57068141613650,1201-1,True
57068141613650,1201-2,True
57068174882986,214-1,True
57068174973861,1201-1,True
57068174973861,1201-2,True
57068208210521,214-1,True
57068208302072,1201-1,True
57068208302072,1201-2,True
57068241538069,214-1,True
57068241630282,1201-1,True
57068241630282,1201-2,True
57068274865586,214-1,True
57068274958461,1201-1,True
57068274958461,1201-2,True
57068308192992,214-1,True
57068308286542,1201-1,True
57068308286542,1201-2,True
57068341524171,214-1,True
57068341614672,1201-1,True
57068341614672,1201-2,True
57068374881563,214-1,True
57068374974939,1201-1,True
57068374974939,1201-2,True
57068408208992,214-1,True
57068408303080,1201-1,True
57068408303080,1201-2,True
57068441540222,214-1,True
57068441631222,1201-1,True
57068441631222,1201-2,True
57068474861188,214-1,True
57068474959364,1201-1,True
57068474959364,1201-2,True
57068508196080,214-1,True
57068508287505,1201-1,True
57068508287505,1201-2,True
57068541523559,214-1,True
57068541615647,1201-1,True
57068541615647,1201-2,True
57068574884603,214-1,True
57068574975817,1201-1,True
57068574975817,1201-2,True
57068608212145,214-1,True
57068608304071,1201-1,True
57068608304071,1201-2,True
57068641539736,214-1,True
57068641632325,1201-1,True
57068641632325,1201-2,True
57068674870983,214-1,True
57068674960533,1201-1,True
57068674960533,1201-2,True
57068708198444,214-1,True
57068708288658,1201-1,True
57068708288658,1201-2,True
57068741525994,214-1,True
57068741616869,1201-1,True
57068741616869,1201-2,True
57068774886636,214-1,True
57068774976684,1201-1,True
57068774976684,1201-2,True
57068808213633,214-1,True
57068808304348,1201-1,True
57068808304348,1201-2,True
57068841541708,214-1,True
57068841633084,1201-1,True
57068841633084,1201-2,True
57068874869389,214-1,True
57068874961440,1201-1,True
57068874961440,1201-2,True
57068908196701,214-1,True
57068908289412,1201-1,True
57068908289412,1201-2,True
57068941527293,214-1,True
57068941616969,1201-1,True
57068941616969,1201-2,True
57068974884767,214-1,True
57068974977318,1201-1,True
57068974977318,1201-2,True
57069008212452,214-1,True
57069008305666,1201-1,True
57069008305666,1201-2,True
57069041543839,214-1,True
57069041634014,1201-1,True
57069041634014,1201-2,True
57069074871524,214-1,True
57069074962363,1201-1,True
57069074962363,1201-2,True
57069108199168,214-1,True
57069108290668,1201-1,True
57069108290668,1201-2,True
57069141526630,214-1,True
57069141618843,1201-1,True
57069141618843,1201-2,True
57069174887680,214-1,True
57069174979018,1201-1,True
57069174979018,1201-2,True
57069208215193,214-1,True
57069208307193,1201-1,True
57069208307193,1201-2,True
57069241542656,214-1,True
57069241635369,1201-1,True
57069241635369,1201-2,True
57069274873919,214-1,True
57069274963545,1201-1,True
57069274963545,1201-2,True
57069308201382,214-1,True
57069308291720,1201-1,True
57069308291720,1201-2,True
57069341528896,214-1,True
57069341619896,1201-1,True
57069341619896,1201-2,True
57069374889896,214-1,True
57069374980072,1201-1,True
57069374980072,1201-2,True
57069408217409,214-1,True
57069408308248,1201-1,True
57069408308248,1201-2,True
57069441544923,214-1,True
57069441636423,1201-1,True
57069441636423,1201-2,True
57069474872424,214-1,True
57069474964599,1201-1,True
57069474964599,1201-2,True
57069508199936,214-1,True
57069508292775,1201-1,True
57069508292775,1201-2,True
57069541531150,214-1,True
57069541620950,1201-1,True
57069541620950,1201-2,True
57069574860251,214-1,True
57069574949126,1201-1,True
57069574949126,1201-2,True
57069608262214,214-1,True
57069608325302,1201-1,True
57069608325302,1201-2,True
57069641600889,214-1,True
57069641653478,1201-1,True
57069641653478,1201-2,True
57069674909778,214-1,True
57069674981653,1201-1,True
57069674981653,1201-2,True
57069708237279,214-1,True
57069708309829,1201-1,True
57069708309829,1201-2,True
57069741564791,214-1,True
57069741638005,1201-1,True
57069741638005,1201-2,True
57069774892305,214-1,True
57069774966181,1201-1,True
57069774966181,1201-2,True
57069808217079,214-1,True
57069808294380,1201-1,True
57069808294380,1201-2,True
57069841544618,214-1,True
57069841622619,1201-1,True
57069841622619,1201-2,True
57069874879549,214-1,True
57069874950762,1201-1,True
57069874950762,1201-2,True
57069908207008,214-1,True
57069908278883,1201-1,True
57069908278883,1201-2,True
57069941534244,214-1,True
57069941638792,1201-1,True
57069941638792,1201-2,True
57069974861218,214-1,True
57069974966432,1201-1,True
57069974966432,1201-2,True
57070008222473,214-1,True
57070008294849,1201-1,True
57070008294849,1201-2,True
57070041550215,214-1,True
57070041623265,1201-1,True
57070041623265,1201-2,True
57070074877876,214-1,True
57070074951627,1201-1,True
57070074951627,1201-2,True
57070108205396,214-1,True
57070108279821,1201-1,True
57070108279821,1201-2,True
57070141559965,214-1,True
57070141656016,1201-1,True
57070141656016,1201-2,True
57070174898660,214-1,True
57070174984210,1201-1,True
57070174984210,1201-2,True
57070208218729,214-1,True
57070208312405,1201-1,True
57070208312405,1201-2,True
57070241546261,214-1,True
57070241640599,1201-1,True
57070241640599,1201-2,True
57070274907293,214-1,True
57070275000794,1201-1,True
57070275000794,1201-2,True
57070308234813,214-1,True
57070308328988,1201-1,True
57070308328988,1201-2,True
57070341562344,214-1,True
57070341657183,1201-1,True
57070341657183,1201-2,True
57070374889813,214-1,True
57070374985364,1201-1,True
57070374985364,1201-2,True
57070408217292,214-1,True
57070408313506,1201-1,True
57070408313506,1201-2,True
57070441544772,214-1,True
57070441641647,1201-1,True
57070441641647,1201-2,True
57070474875950,214-1,True
57070474969789,1201-1,True
57070474969789,1201-2,True
57070508203430,214-1,True
57070508297930,1201-1,True
57070508297930,1201-2,True
57070541530897,214-1,True
57070541626072,1201-1,True
57070541626072,1201-2,True
57070574858364,214-1,True
57070574954202,1201-1,True
57070574954202,1201-2,True
57070608186253,214-1,True
57070608282342,1201-1,True
57070608282342,1201-2,True
57070641547396,214-1,True
57070641642647,1201-1,True
57070641642647,1201-2,True
57070674875071,214-1,True
57070674970996,1201-1,True
57070674970996,1201-2,True
57070708202536,214-1,True
57070708299124,1201-1,True
57070708299124,1201-2,True
57070741533625,214-1,True
57070741627175,1201-1,True
57070741627175,1201-2,True
57070774861188,214-1,True
57070774955402,1201-1,True
57070774955402,1201-2,True
57070808188754,214-1,True
57070808283630,1201-1,True
57070808283630,1201-2,True
57070841549713,214-1,True
57070841643763,1201-1,True
57070841643763,1201-2,True
57070874877037,214-1,True
57070874971750,1201-1,True
57070874971750,1201-2,True
57070908204413,214-1,True
57070908299789,1201-1,True
57070908299789,1201-2,True
57070941532178,214-1,True
57070941628228,1201-1,True
57070941628228,1201-2,True
57070974859665,214-1,True
57070974956415,1201-1,True
57070974956415,1201-2,True
57071008190838,214-1,True
57071008284514,1201-1,True
57071008284514,1201-2,True
57071041551908,214-1,True
57071041612747,1201-1,True
57071041612747,1201-2,True
57071074879392,214-1,True
57071074972893,1201-1,True
57071074972893,1201-2,True
57071108206788,214-1,True
57071108301001,1201-1,True
57071108301001,1201-2,True
57071141534234,214-1,True
57071141629109,1201-1,True
57071141629109,1201-2,True
57071174861741,214-1,True
57071174957292,1201-1,True
57071174957292,1201-2,True
57071208189425,214-1,True
57071208285639,1201-1,True
57071208285639,1201-2,True
57071241520618,214-1,True
57071241613794,1201-1,True
57071241613794,1201-2,True
57071274881615,214-1,True
57071274973953,1201-1,True
57071274973953,1201-2,True
57071308205440,214-1,True
57071308302153,1201-1,True
57071308302153,1201-2,True
57071341536678,214-1,True
57071341630353,1201-1,True
57071341630353,1201-2,True
57071374864204,214-1,True
57071374958543,1201-1,True
57071374958543,1201-2,True
57071408191701,214-1,True
57071408286701,1201-1,True
57071408286701,1201-2,True
57071441519184,214-1,True
57071441614860,1201-1,True
57071441614860,1201-2,True
57071474872718,214-1,True
57071474943018,1201-1,True
57071474943018,1201-2,True
57071508177876,214-1,True
57071508271176,1201-1,True
57071508271176,1201-2,True
57071541535159,214-1,True
57071541631335,1201-1,True
57071541631335,1201-2,True
57071574866368,214-1,True
57071574959493,1201-1,True
57071574959493,1201-2,True
57071608193851,214-1,True
57071608287652,1201-1,True
57071608287652,1201-2,True
57071641522340,214-1,True
57071641615841,1201-1,True
57071641615841,1201-2,True
57071674883239,214-1,True
57071674976115,1201-1,True
57071674976115,1201-2,True
57071708212969,214-1,True
57071708304395,1201-1,True
57071708304395,1201-2,True
57071741542703,214-1,True
57071741632666,1201-1,True
57071741632666,1201-2,True
57071774863523,214-1,True
57071774960649,1201-1,True
57071774960649,1201-2,True
57071808194273,214-1,True
57071808288773,1201-1,True
57071808288773,1201-2,True
57071841526839,214-1,True
57071841616928,1201-1,True
57071841616928,1201-2,True
57071874880308,214-1,True
57071874977234,1201-1,True
57071874977234,1201-2,True
57071908215076,214-1,True
57071908305414,1201-1,True
57071908305414,1201-2,True
57071941543459,214-1,True
57071941633509,1201-1,True
57071941633509,1201-2,True
57071974867017,214-1,True
57071974961693,1201-1,True
57071974961693,1201-2,True
57072008197989,214-1,True
57072008289612,1201-1,True
57072008289612,1201-2,True
57072041518550,214-1,True
57072041617352,1201-1,True
57072041617352,1201-2,True
57072074886415,214-1,True
57072074978090,1201-1,True
57072074978090,1201-2,True
57072108213629,214-1,True
57072108305965,1201-1,True
57072108305965,1201-2,True
57072141540365,214-1,True
57072141633367,1201-1,True
57072141633367,1201-2,True
57072174886754,214-1,True
57072174961805,1201-1,True
57072174961805,1201-2,True
57072208199617,214-1,True
57072208290243,1201-1,True
57072208290243,1201-2,True
57072241527380,214-1,True
57072241618682,1201-1,True
57072241618682,1201-2,True
57072274888656,214-1,True
57072274979120,1201-1,True
57072274979120,1201-2,True
57072308216368,214-1,True
57072308307494,1201-1,True
57072308307494,1201-2,True
57072341543871,214-1,True
57072341635672,1201-1,True
57072341635672,1201-2,True
57072374865511,214-1,True
57072374963850,1201-1,True
57072374963850,1201-2,True
57072408198152,214-1,True
57072408292028,1201-1,True
57072408292028,1201-2,True
57072441530530,214-1,True
57072441620205,1201-1,True
57072441620205,1201-2,True
57072474858045,214-1,True
57072474948383,1201-1,True
57072474948383,1201-2,True
57072508185561,214-1,True
57072508276561,1201-1,True
57072508276561,1201-2,True
57072541546564,214-1,True
57072541636739,1201-1,True
57072541636739,1201-2,True
57072574874079,214-1,True
57072574964917,1201-1,True
57072574964917,1201-2,True
57072608201545,214-1,True
57072608293095,1201-1,True
57072608293095,1201-2,True
57072641525773,214-1,True
57072641621273,1201-1,True
57072641621273,1201-2,True
57072674888151,214-1,True
57072674981451,1201-1,True
57072674981451,1201-2,True
57072708215665,214-1,True
57072708309629,1201-1,True
57072708309629,1201-2,True
57072741543181,214-1,True
57072741637807,1201-1,True
57072741637807,1201-2,True
57072774874376,214-1,True
57072774965965,1201-1,True
57072774965965,1201-2,True
57072808201796,214-1,True
57072808294046,1201-1,True
57072808294046,1201-2,True
57072841529200,214-1,True
57072841622125,1201-1,True
57072841622125,1201-2,True
57072874856739,214-1,True
57072874950327,1201-1,True
57072874950327,1201-2,True
57072908217739,214-1,True
57072908310489,1201-1,True
57072908310489,1201-2,True
57072941543764,214-1,True
57072941638563,1201-1,True
57072941638563,1201-2,True
57072974873572,214-1,True
57072974966448,1201-1,True
57072974966448,1201-2,True
57073008198991,214-1,True
57073008294917,1201-1,True
57073008294917,1201-2,True
57073041529337,214-1,True
57073041623175,1201-1,True
57073041623175,1201-2,True
57073074855677,214-1,True
57073074951352,1201-1,True
57073074951352,1201-2,True
57073108179379,214-1,True
57073108279430,1201-1,True
57073108279430,1201-2,True
57073141543903,214-1,True
57073141639401,1201-1,True
57073141639401,1201-2,True
57073174870875,214-1,True
57073174967051,1201-1,True
57073174967051,1201-2,True
57073208198703,214-1,True
57073208295543,1201-1,True
57073208295543,1201-2,True
57073241526533,214-1,True
57073241624034,1201-1,True
57073241624034,1201-2,True
57073274854289,214-1,True
57073274952465,1201-1,True
57073274952465,1201-2,True
57073308185566,214-1,True
57073308280692,1201-1,True
57073308280692,1201-2,True
57073341542862,214-1,True
57073341640862,1201-1,True
57073341640862,1201-2,True
57073374875655,214-1,True
57073374969031,1201-1,True
57073374969031,1201-2,True
57073408203361,214-1,True
57073408297199,1201-1,True
57073408297199,1201-2,True
57073441533404,214-1,True
57073441625367,1201-1,True
57073441625367,1201-2,True
57073474872285,214-1,True
57073474953536,1201-1,True
57073474953536,1201-2,True
57073508188828,214-1,True
57073508281704,1201-1,True
57073508281704,1201-2,True
57073541551197,214-1,True
57073541641872,1201-1,True
57073541641872,1201-2,True
57073574881240,214-1,True
57073574970041,1201-1,True
57073574970041,1201-2,True
57073608195245,214-1,True
57073608298209,1201-1,True
57073608298209,1201-2,True
57073641537627,214-1,True
57073641626377,1201-1,True
57073641626377,1201-2,True
57073674865151,214-1,True
57073674954577,1201-1,True
57073674954577,1201-2,True
57073708192741,214-1,True
57073708282830,1201-1,True
57073708282830,1201-2,True
57073741553712,214-1,True
57073741642963,1201-1,True
57073741642963,1201-2,True
57073774881202,214-1,True
57073774971127,1201-1,True
57073774971127,1201-2,True
57073808208670,214-1,True
57073808299258,1201-1,True
57073808299258,1201-2,True
57073841536128,214-1,True
57073841627378,1201-1,True
57073841627378,1201-2,True
57073874867355,214-1,True
57073874955568,1201-1,True
57073874955568,1201-2,True
57073908194795,214-1,True
57073908283670,1201-1,True
57073908283670,1201-2,True
57073941552122,214-1,True
57073941643872,1201-1,True
57073941643872,1201-2,True
57073974883156,214-1,True
57073974971869,1201-1,True
57073974971869,1201-2,True
57074008210396,214-1,True
57074008299773,1201-1,True
57074008299773,1201-2,True
57074041538246,214-1,True
57074041628297,1201-1,True
57074041628297,1201-2,True
57074074865708,214-1,True
57074074956458,1201-1,True
57074074956458,1201-2,True
57074108193223,214-1,True
57074108284648,1201-1,True
57074108284648,1201-2,True
57074141524493,214-1,True
57074141612869,1201-1,True
57074141612869,1201-2,True
57074174881790,214-1,True
57074174973041,1201-1,True
57074174973041,1201-2,True
57074208213077,214-1,True
57074208301291,1201-1,True
57074208301291,1201-2,True
57074241540665,214-1,True
57074241629541,1201-1,True
57074241629541,1201-2,True
57074274868208,214-1,True
57074274957759,1201-1,True
57074274957759,1201-2,True
57074308195642,214-1,True
57074308285855,1201-1,True
57074308285855,1201-2,True
57074341523034,214-1,True
57074341613910,1201-1,True
57074341613910,1201-2,True
57074374884023,214-1,True
57074374974073,1201-1,True
57074374974073,1201-2,True
57074408211539,214-1,True
57074408302252,1201-1,True
57074408302252,1201-2,True
57074441539056,214-1,True
57074441630431,1201-1,True
57074441630431,1201-2,True
57074474870272,214-1,True
57074474958611,1201-1,True
57074474958611,1201-2,True
57074508197789,214-1,True
57074508286790,1201-1,True
57074508286790,1201-2,True
57074541555094,214-1,True
57074541614969,1201-1,True
57074541614969,1201-2,True
57074574883354,214-1,True
57074574974940,1201-1,True
57074574974940,1201-2,True
57074608210275,214-1,True
57074608302576,1201-1,True
57074608302576,1201-2,True
57074641539283,214-1,True
57074641631084,1201-1,True
57074641631084,1201-2,True
57074674866916,214-1,True
57074674959593,1201-1,True
57074674959593,1201-2,True
57074708192028,214-1,True
57074708287902,1201-1,True
57074708287902,1201-2,True
57074741524157,214-1,True
57074741615834,1201-1,True
57074741615834,1201-2,True
57074774880389,214-1,True
57074774976315,1201-1,True
57074774976315,1201-2,True
57074808211547,214-1,True
57074808304423,1201-1,True
57074808304423,1201-2,True
57074841542514,214-1,True
57074841632564,1201-1,True
57074841632564,1201-2,True
57074874871156,214-1,True
57074874960706,1201-1,True
57074874960706,1201-2,True
57074908197475,214-1,True
57074908288851,1201-1,True
57074908288851,1201-2,True
57074941525916,214-1,True
57074941617005,1201-1,True
57074941617005,1201-2,True
57074974886695,214-1,True
57074974977159,1201-1,True
57074974977159,1201-2,True
57075008215237,214-1,True
57075008305199,1201-1,True
57075008305199,1201-2,True
57075041533479,214-1,True
57075041633156,1201-1,True
57075041633156,1201-2,True
57075074874108,214-1,True
57075074961733,1201-1,True
57075074961733,1201-2,True
57075108193860,214-1,True
57075108289824,1201-1,True
57075108289824,1201-2,True
57075141526071,214-1,True
57075141617997,1201-1,True
57075141617997,1201-2,True
57075174850861,214-1,True
57075174946236,1201-1,True
57075174946236,1201-2,True
57075208213093,214-1,True
57075208306432,1201-1,True
57075208306432,1201-2,True
57075241544160,214-1,True
57075241634661,1201-1,True
57075241634661,1201-2,True
57075274893840,214-1,True
57075274962890,1201-1,True
57075274962890,1201-2,True
57075308199010,214-1,True
57075308291099,1201-1,True
57075308291099,1201-2,True
57075341533725,214-1,True
57075341619225,1201-1,True
57075341619225,1201-2,True
57075374857197,214-1,True
57075374947322,1201-1,True
57075374947322,1201-2,True
57075408219409,214-1,True
57075408307497,1201-1,True
57075408307497,1201-2,True
57075441541797,214-1,True
57075441635672,1201-1,True
57075441635672,1201-2,True
57075474867922,214-1,True
57075474963847,1201-1,True
57075474963847,1201-2,True
57075508199147,214-1,True
57075508292022,1201-1,True
57075508292022,1201-2,True
57075541528984,214-1,True
57075541620197,1201-1,True
57075541620197,1201-2,True
57075574858824,214-1,True
57075574948374,1201-1,True
57075574948374,1201-2,True
57075608217324,214-1,True
57075608308575,1201-1,True
57075608308575,1201-2,True
57075641546074,214-1,True
57075641636825,1201-1,True
57075641636825,1201-2,True
57075674872274,214-1,True
57075674965075,1201-1,True
57075674965075,1201-2,True
57075708199808,214-1,True
57075708293308,1201-1,True
57075708293308,1201-2,True
57075741527325,214-1,True
57075741621500,1201-1,True
57075741621500,1201-2,True
57075774854833,214-1,True
57075774949671,1201-1,True
57075774949671,1201-2,True
57075808215717,214-1,True
57075808309717,1201-1,True
57075808309717,1201-2,True
57075841543245,214-1,True
57075841637922,1201-1,True
57075841637922,1201-2,True
57075874870896,214-1,True
57075874966234,1201-1,True
57075874966234,1201-2,True
57075908198173,214-1,True
57075908294174,1201-1,True
57075908294174,1201-2,True
57075941529365,214-1,True
57075941622328,1201-1,True
57075941622328,1201-2,True
57075974862232,214-1,True
57075974950533,1201-1,True
57075974950533,1201-2,True
57076008217226,214-1,True
57076008310777,1201-1,True
57076008310777,1201-2,True
57076041543612,214-1,True
57076041638785,1201-1,True
57076041638785,1201-2,True
57076074876090,214-1,True
57076074966642,1201-1,True
57076074966642,1201-2,True
57076108200754,214-1,True
57076108295255,1201-1,True
57076108295255,1201-2,True
57076141536130,214-1,True
57076141623430,1201-1,True
57076141623430,1201-2,True
57076174854071,214-1,True
57076174951622,1201-1,True
57076174951622,1201-2,True
57076208223725,214-1,True
57076208311814,1201-1,True
57076208311814,1201-2,True
57076241551457,214-1,True
57076241640007,1201-1,True
57076241640007,1201-2,True
57076274872957,214-1,True
57076274968207,1201-1,True
57076274968207,1201-2,True
57076308205782,214-1,True
57076308296407,1201-1,True
57076308296407,1201-2,True
57076341527157,214-1,True
57076341624532,1201-1,True
57076341624532,1201-2,True
57076374852329,214-1,True
57076374952505,1201-1,True
57076374952505,1201-2,True
57076408181246,214-1,True
57076408280710,1201-1,True
57076408280710,1201-2,True
57076441526239,214-1,True
57076441608915,1201-1,True
57076441608915,1201-2,True
57076474844157,214-1,True
57076474937120,1201-1,True
57076474937120,1201-2,True
57076508175650,214-1,True
57076508265325,1201-1,True
57076508265325,1201-2,True
57076541545317,214-1,True
57076541641531,1201-1,True
57076541641531,1201-2,True
57076574872861,214-1,True
57076574969736,1201-1,True
57076574969736,1201-2,True
57076608200353,214-1,True
57076608297941,1201-1,True
57076608297941,1201-2,True
57076641531674,214-1,True
57076641626175,1201-1,True
57076641626175,1201-2,True
57076674859292,214-1,True
57076674954467,1201-1,True
57076674954467,1201-2,True
57076708186792,214-1,True
57076708282667,1201-1,True
57076708282667,1201-2,True
57076741547813,214-1,True
57076741642813,1201-1,True
57076741642813,1201-2,True
57076774875269,214-1,True
57076774970983,1201-1,True
57076774970983,1201-2,True
57076808202971,214-1,True
57076808299346,1201-1,True
57076808299346,1201-2,True
57076841537585,214-1,True
57076841627385,1201-1,True
57076841627385,1201-2,True
57076874864921,214-1,True
57076874955384,1201-1,True
57076874955384,1201-2,True
57076908195974,214-1,True
57076908283401,1201-1,True
57076908283401,1201-2,True
57076941553609,214-1,True
57076941643909,1201-1,True
57076941643909,1201-2,True
57076974884860,214-1,True
57076974972110,1201-1,True
57076974972110,1201-2,True
57077008212364,214-1,True
57077008300289,1201-1,True
57077008300289,1201-2,True
57077041563168,214-1,True
57077041660469,1201-1,True
57077041660469,1201-2,True
57077074898147,214-1,True
57077074988648,1201-1,True
57077074988648,1201-2,True
57077108218202,214-1,True
57077108316827,1201-1,True
57077108316827,1201-2,True
57077141549418,214-1,True
57077141645006,1201-1,True
57077141645006,1201-2,True
57077174876935,214-1,True
57077174973186,1201-1,True
57077174973186,1201-2,True
57077208206564,214-1,True
57077208301365,1201-1,True
57077208301365,1201-2,True
57077241532668,214-1,True
57077241629544,1201-1,True
57077241629544,1201-2,True
57077274860164,214-1,True
57077274957715,1201-1,True
57077274957715,1201-2,True
57077308190016,214-1,True
57077308285892,1201-1,True
57077308285892,1201-2,True
57077341519927,214-1,True
57077341614141,1201-1,True
57077341614141,1201-2,True
57077374880763,214-1,True
57077374974313,1201-1,True
57077374974313,1201-2,True
57077408214277,214-1,True
57077408302453,1201-1,True
57077408302453,1201-2,True
57077441535467,214-1,True
57077441630592,1201-1,True
57077441630592,1201-2,True
57077474864306,214-1,True
57077474958732,1201-1,True
57077474958732,1201-2,True
57077508197446,214-1,True
57077508286871,1201-1,True
57077508286871,1201-2,True
57077541525085,214-1,True
57077541615011,1201-1,True
57077541615011,1201-2,True
57077574883331,214-1,True
57077574975170,1201-1,True
57077574975170,1201-2,True
57077608236711,214-1,True
57077608303386,1201-1,True
57077608303386,1201-2,True
57077641535639,214-1,True
57077641631603,1201-1,True
57077641631603,1201-2,True
57077674868095,214-1,True
57077674959846,1201-1,True
57077674959846,1201-2,True
57077708189473,214-1,True
57077708288148,1201-1,True
57077708288148,1201-2,True
57077741517012,214-1,True
57077741616350,1201-1,True
57077741616350,1201-2,True
57077774877939,214-1,True
57077774976440,1201-1,True
57077774976440,1201-2,True
57077808205472,214-1,True
57077808304648,1201-1,True
57077808304648,1201-2,True
57077841536829,214-1,True
57077841632954,1201-1,True
57077841632954,1201-2,True
57077874864221,214-1,True
57077874961021,1201-1,True
57077874961021,1201-2,True
57077908197195,214-1,True
57077908289158,1201-1,True
57077908289158,1201-2,True
57077941518539,214-1,True
57077941617253,1201-1,True
57077941617253,1201-2,True
57077974883199,214-1,True
57077974977499,1201-1,True
57077974977499,1201-2,True
57078008207077,214-1,True
57078008305374,1201-1,True
57078008305374,1201-2,True
57078041540322,214-1,True
57078041632786,1201-1,True
57078041632786,1201-2,True
57078074873310,214-1,True
57078074961149,1201-1,True
57078074961149,1201-2,True
57078108192587,214-1,True
57078108289513,1201-1,True
57078108289513,1201-2,True
57078141521875,214-1,True
57078141617876,1201-1,True
57078141617876,1201-2,True
57078174884689,214-1,True
57078174978240,1201-1,True
57078174978240,1201-2,True
57078208207845,214-1,True
57078208306558,1201-1,True
57078208306558,1201-2,True
57078241544404,214-1,True
57078241634743,1201-1,True
57078241634743,1201-2,True
57078274864677,214-1,True
57078274962927,1201-1,True
57078274962927,1201-2,True
57078308203561,214-1,True
57078308291111,1201-1,True
57078308291111,1201-2,True
57078341524995,214-1,True
57078341619296,1201-1,True
57078341619296,1201-2,True
57078374886017,214-1,True
57078374979480,1201-1,True
57078374979480,1201-2,True
57078408213539,214-1,True
57078408307664,1201-1,True
57078408307664,1201-2,True
57078441544798,214-1,True
57078441635849,1201-1,True
57078441635849,1201-2,True
57078474872283,214-1,True
57078474964033,1201-1,True
57078474964033,1201-2,True
57078508199792,214-1,True
57078508292217,1201-1,True
57078508292217,1201-2,True
57078541527313,214-1,True
57078541620402,1201-1,True
57078541620402,1201-2,True
57078574855785,214-1,True
57078574948586,1201-1,True
57078574948586,1201-2,True
57078608246425,214-1,True
57078608308800,1201-1,True
57078608308800,1201-2,True
57078641539179,214-1,True
57078641637105,1201-1,True
57078641637105,1201-2,True
57078674866570,214-1,True
57078674965409,1201-1,True
57078674965409,1201-2,True
57078708197667,214-1,True
57078708293630,1201-1,True
57078708293630,1201-2,True
57078741524796,214-1,True
57078741621672,1201-1,True
57078741621672,1201-2,True
57078774857085,214-1,True
57078774949924,1201-1,True
57078774949924,1201-2,True
57078808212986,214-1,True
57078808310111,1201-1,True
57078808310111,1201-2,True
57078841545099,214-1,True
57078841638188,1201-1,True
57078841638188,1201-2,True
57078874873311,214-1,True
57078874966361,1201-1,True
57078874966361,1201-2,True
57078908195760,214-1,True
57078908294561,1201-1,True
57078908294561,1201-2,True
57078941535425,214-1,True
57078941622763,1201-1,True
57078941622763,1201-2,True
57078974862457,214-1,True
57078974950883,1201-1,True
57078974950883,1201-2,True
57079008217233,214-1,True
57079008279108,1201-1,True
57079008279108,1201-2,True
57079041548547,214-1,True
57079041638970,1201-1,True
57079041638970,1201-2,True
57079074876370,214-1,True
57079074966496,1201-1,True
57079074966496,1201-2,True
57079108204182,214-1,True
57079108295021,1201-1,True
57079108295021,1201-2,True
57079141532045,214-1,True
57079141623546,1201-1,True
57079141623546,1201-2,True
57079174855901,214-1,True
57079174951989,1201-1,True
57079174951989,1201-2,True
57079208191119,214-1,True
57079208280208,1201-1,True
57079208280208,1201-2,True
57079241541032,214-1,True
57079241640458,1201-1,True
57079241640458,1201-2,True
57079274881269,214-1,True
57079274968608,1201-1,True
57079274968608,1201-2,True
57079308202707,214-1,True
57079308296758,1201-1,True
57079308296758,1201-2,True
57079341537591,214-1,True
57079341624891,1201-1,True
57079341624891,1201-2,True
57079374865040,214-1,True
57079374953003,1201-1,True
57079374953003,1201-2,True
57079408192578,214-1,True
57079408281204,1201-1,True
57079408281204,1201-2,True
57079441520104,214-1,True
57079441609404,1201-1,True
57079441609404,1201-2,True
57079474851354,214-1,True
57079474937605,1201-1,True
57079474937605,1201-2,True
57079508170467,214-1,True
57079508265805,1201-1,True
57079508265805,1201-2,True
57079541546417,214-1,True
57079541642006,1201-1,True
57079541642006,1201-2,True
57079574873956,214-1,True
57079574970206,1201-1,True
57079574970206,1201-2,True
57079608201443,214-1,True
57079608298407,1201-1,True
57079608298407,1201-2,True
57079641528973,214-1,True
57079641626598,1201-1,True
57079641626598,1201-2,True
57079674860210,214-1,True
57079674954761,1201-1,True
57079674954761,1201-2,True
57079708217460,214-1,True
57079708314923,1201-1,True
57079708314923,1201-2,True
57079741548700,214-1,True
57079741643075,1201-1,True
57079741643075,1201-2,True
57079774876129,214-1,True
57079774971218,1201-1,True
57079774971218,1201-2,True
57079808203624,214-1,True
57079808299374,1201-1,True
57079808299374,1201-2,True
57079841531021,214-1,True
57079841627447,1201-1,True
57079841627447,1201-2,True
57079874858614,214-1,True
57079874955702,1201-1,True
57079874955702,1201-2,True
57079908142960,214-1,True
57079908283798,1201-1,True
57079908283798,1201-2,True
57079941549953,214-1,True
57079941643916,1201-1,True
57079941643916,1201-2,True
57079974883613,214-1,True
57079974971950,1201-1,True
57079974971950,1201-2,True
57080008207296,214-1,True
57080008299848,1201-1,True
57080008299848,1201-2,True
57080041534125,214-1,True
57080041628500,1201-1,True
57080041628500,1201-2,True
57080074861564,214-1,True
57080074956615,1201-1,True
57080074956615,1201-2,True
57080108189129,214-1,True
57080108284842,1201-1,True
57080108284842,1201-2,True
57080141516597,214-1,True
57080141612972,1201-1,True
57080141612972,1201-2,True
57080174877498,214-1,True
57080174973049,1201-1,True
57080174973049,1201-2,True
57080208205119,214-1,True
57080208301332,1201-1,True
57080208301332,1201-2,True
57080241532740,214-1,True
57080241629616,1201-1,True
57080241629616,1201-2,True
57080274864014,214-1,True
57080274957852,1201-1,True
57080274957852,1201-2,True
57080308191451,214-1,True
57080308285951,1201-1,True
57080308285951,1201-2,True
57080341521886,214-1,True
57080341614100,1201-1,True
57080341614100,1201-2,True
57080374885501,214-1,True
57080374974339,1201-1,True
57080374974339,1201-2,True
57080408203183,214-1,True
57080408302483,1201-1,True
57080408302483,1201-2,True
57080441539701,214-1,True
57080441630627,1201-1,True
57080441630627,1201-2,True
57080474867395,214-1,True
57080474958770,1201-1,True
57080474958770,1201-2,True
57080508190163,214-1,True
57080508286914,1201-1,True
57080508286914,1201-2,True
57080541519219,214-1,True
57080541615058,1201-1,True
57080541615058,1201-2,True
57080574882646,214-1,True
57080574975235,1201-1,True
57080574975235,1201-2,True
57080608197889,214-1,True
57080608303514,1201-1,True
57080608303514,1201-2,True
57080641536868,214-1,True
57080641631794,1201-1,True
57080641631794,1201-2,True
57080674866986,214-1,True
57080674960037,1201-1,True
57080674960037,1201-2,True
57080708189551,214-1,True
57080708288139,1201-1,True
57080708288139,1201-2,True
57080741520855,214-1,True
57080741616194,1201-1,True
57080741616194,1201-2,True
57080774880748,214-1,True
57080774976424,1201-1,True
57080774976424,1201-2,True
57080808214638,214-1,True
57080808304726,1201-1,True
57080808304726,1201-2,True
57080841487872,214-1,True
57080841632872,1201-1,True
57080841632872,1201-2,True
57080874863654,214-1,True
57080874960905,1201-1,True
57080874960905,1201-2,True
57080908196246,214-1,True
57080908288868,1201-1,True
57080908288868,1201-2,True
57080941523381,214-1,True
57080941616257,1201-1,True
57080941616257,1201-2,True
57080974888519,214-1,True
57080974976608,1201-1,True
57080974976608,1201-2,True
57081008212657,214-1,True
57081008304958,1201-1,True
57081008304958,1201-2,True
57081041539697,214-1,True
57081041633412,1201-1,True
57081041633412,1201-2,True
57081074870164,214-1,True
57081074962002,1201-1,True
57081074962002,1201-2,True
57081108201500,214-1,True
57081108290088,1201-1,True
57081108290088,1201-2,True
57081141524367,214-1,True
57081141618292,1201-1,True
57081141618292,1201-2,True
57081174880283,214-1,True
57081174978496,1201-1,True
57081174978496,1201-2,True
57081208212940,214-1,True
57081208306690,1201-1,True
57081208306690,1201-2,True
57081241540427,214-1,True
57081241634853,1201-1,True
57081241634853,1201-2,True
57081274867927,214-1,True
57081274963015,1201-1,True
57081274963015,1201-2,True
57081308195379,214-1,True
57081308291180,1201-1,True
57081308291180,1201-2,True
57081341522885,214-1,True
57081341619349,1201-1,True
57081341619349,1201-2,True
57081374883892,214-1,True
57081374979518,1201-1,True
57081374979518,1201-2,True
57081408211387,214-1,True
57081408307687,1201-1,True
57081408307687,1201-2,True
57081441538893,214-1,True
57081441635856,1201-1,True
57081441635856,1201-2,True
57081474870850,214-1,True
57081474964025,1201-1,True
57081474964025,1201-2,True
57081508197194,214-1,True
57081508292194,1201-1,True
57081508292194,1201-2,True
57081541551938,214-1,True
57081541620363,1201-1,True
57081541620363,1201-2,True
57081574851801,214-1,True
57081574948552,1201-1,True
57081574948552,1201-2,True
57081608246174,214-1,True
57081608308800,1201-1,True
57081608308800,1201-2,True
57081641542586,214-1,True
57081641637050,1201-1,True
57081641637050,1201-2,True
57081674866211,214-1,True
57081674965300,1201-1,True
57081674965300,1201-2,True
57081708198704,214-1,True
57081708293542,1201-1,True
57081708293542,1201-2,True
57081741526203,214-1,True
57081741621703,1201-1,True
57081741621703,1201-2,True
57081774853535,214-1,True
57081774949749,1201-1,True
57081774949749,1201-2,True
57081808214647,214-1,True
57081808309986,1201-1,True
57081808309986,1201-2,True
57081841542206,214-1,True
57081841638207,1201-1,True
57081841638207,1201-2,True
57081874869651,214-1,True
57081874966365,1201-1,True
57081874966365,1201-2,True
57081908197158,214-1,True
57081908294533,1201-1,True
57081908294533,1201-2,True
57081941524618,214-1,True
57081941622669,1201-1,True
57081941622669,1201-2,True
57081974855914,214-1,True
57081974950915,1201-1,True
57081974950915,1201-2,True
57082008216830,214-1,True
57082008279005,1201-1,True
57082008279005,1201-2,True
57082041544031,214-1,True
57082041638866,1201-1,True
57082041638866,1201-2,True
57082074870921,214-1,True
57082074966422,1201-1,True
57082074966422,1201-2,True
57082108198775,214-1,True
57082108294952,1201-1,True
57082108294952,1201-2,True
57082141526641,214-1,True
57082141623481,1201-1,True
57082141623481,1201-2,True
57082174854408,214-1,True
57082174951909,1201-1,True
57082174951909,1201-2,True
57082208181867,214-1,True
57082208280042,1201-1,True
57082208280042,1201-2,True
57082241598714,214-1,True
57082241640214,1201-1,True
57082241640214,1201-2,True
57082274871961,214-1,True
57082274968386,1201-1,True
57082274968386,1201-2,True
57082308203183,214-1,True
57082308296558,1201-1,True
57082308296558,1201-2,True
57082341530679,214-1,True
57082341624730,1201-1,True
57082341624730,1201-2,True
57082374858188,214-1,True
57082374952902,1201-1,True
57082374952902,1201-2,True
57082408219198,214-1,True
57082408313074,1201-1,True
57082408313074,1201-2,True
57082441546695,214-1,True
57082441641246,1201-1,True
57082441641246,1201-2,True
57082474874204,214-1,True
57082474969418,1201-1,True
57082474969418,1201-2,True
57082508201714,214-1,True
57082508297590,1201-1,True
57082508297590,1201-2,True
57082541529173,214-1,True
57082541625761,1201-1,True
57082541625761,1201-2,True
57082574860433,214-1,True
57082574953933,1201-1,True
57082574953933,1201-2,True
57082608187944,214-1,True
57082608282158,1201-1,True
57082608282158,1201-2,True
57082641549148,214-1,True
57082641642486,1201-1,True
57082641642486,1201-2,True
57082674876598,214-1,True
57082674970648,1201-1,True
57082674970648,1201-2,True
57082708204097,214-1,True
57082708298811,1201-1,True
57082708298811,1201-2,True
57082741531612,214-1,True
57082741626987,1201-1,True
57082741626987,1201-2,True
57082774859155,214-1,True
57082774955205,1201-1,True
57082774955205,1201-2,True
57082808186682,214-1,True
57082808283396,1201-1,True
57082808283396,1201-2,True
57082841547644,214-1,True
57082841643519,1201-1,True
57082841643519,1201-2,True
57082874875055,214-1,True
57082874971605,1201-1,True
57082874971605,1201-2,True
57082908206235,214-1,True
57082908299736,1201-1,True
57082908299736,1201-2,True
57082941533844,214-1,True
57082941628019,1201-1,True
57082941628019,1201-2,True
57082974861289,214-1,True
57082974956127,1201-1,True
57082974956127,1201-2,True
57083008188782,214-1,True
57083008284283,1201-1,True
57083008284283,1201-2,True
57083041553521,214-1,True
57083041612485,1201-1,True
57083041612485,1201-2,True
57083074877377,214-1,True
57083074972716,1201-1,True
57083074972716,1201-2,True
57083108204865,214-1,True
57083108300866,1201-1,True
57083108300866,1201-2,True
57083141532340,214-1,True
57083141629016,1201-1,True
57083141629016,1201-2,True
57083174863582,214-1,True
57083174957208,1201-1,True
57083174957208,1201-2,True
57083208189585,214-1,True
57083208285511,1201-1,True
57083208285511,1201-2,True
57083241518291,214-1,True
57083241613716,1201-1,True
57083241613716,1201-2,True
57083274885316,214-1,True
57083274973817,1201-1,True
57083274973817,1201-2,True
57083308211220,214-1,True
57083308301971,1201-1,True
57083308301971,1201-2,True
57083341536124,214-1,True
57083341630125,1201-1,True
57083341630125,1201-2,True
57083374862236,214-1,True
57083374958286,1201-1,True
57083374958286,1201-2,True
57083408190719,214-1,True
57083408286469,1201-1,True
57083408286469,1201-2,True
57083441525477,214-1,True
57083441614653,1201-1,True
57083441614653,1201-2,True
57083474845335,214-1,True
57083474942836,1201-1,True
57083474942836,1201-2,True
57083508176344,214-1,True
57083508271019,1201-1,True
57083508271019,1201-2,True
57083541535989,214-1,True
57083541631203,1201-1,True
57083541631203,1201-2,True
57083574867208,214-1,True
57083574959383,1201-1,True
57083574959383,1201-2,True
57083607865634,214-1,True
57083608287561,1201-1,True
57083608287561,1201-2,True
57083641520880,214-1,True
57083641615806,1201-1,True
57083641615806,1201-2,True
57083674882039,214-1,True
57083674976127,1201-1,True
57083674976127,1201-2,True
57083708211635,214-1,True
57083708304261,1201-1,True
57083708304261,1201-2,True
57083741540322,214-1,True
57083741632447,1201-1,True
57083741632447,1201-2,True
57083774870014,214-1,True
57083774960477,1201-1,True
57083774960477,1201-2,True
57083808192162,214-1,True
57083808288626,1201-1,True
57083808288626,1201-2,True
57083841524689,214-1,True
57083841616903,1201-1,True
57083841616903,1201-2,True
57083874880552,214-1,True
57083874977052,1201-1,True
57083874977052,1201-2,True
57083908212889,214-1,True
57083908305139,1201-1,True
57083908305139,1201-2,True
57083941596047,214-1,True
57083941633348,1201-1,True
57083941633348,1201-2,True
57083974872630,214-1,True
57083974961556,1201-1,True
57083974961556,1201-2,True
57084008193424,214-1,True
57084008289509,1201-1,True
57084008289509,1201-2,True
57084041525049,214-1,True
57084041616924,1201-1,True
57084041616924,1201-2,True
57084074877203,214-1,True
57084074977041,1201-1,True
57084074977041,1201-2,True
57084108212070,214-1,True
57084108305158,1201-1,True
57084108305158,1201-2,True
57084141548227,214-1,True
57084141633353,1201-1,True
57084141633353,1201-2,True
57084174872236,214-1,True
57084174961787,1201-1,True
57084174961787,1201-2,True
57084208200006,214-1,True
57084208290220,1201-1,True
57084208290220,1201-2,True
57084241527777,214-1,True
57084241618653,1201-1,True
57084241618653,1201-2,True
57084274889036,214-1,True
57084274979087,1201-1,True
57084274979087,1201-2,True
57084308216743,214-1,True
57084308307457,1201-1,True
57084308307457,1201-2,True
57084341547959,214-1,True
57084341635635,1201-1,True
57084341635635,1201-2,True
57084374875475,214-1,True
57084374963813,1201-1,True
57084374963813,1201-2,True
57084408202991,214-1,True
57084408291991,1201-1,True
57084408291991,1201-2,True
57084441530494,214-1,True
57084441620169,1201-1,True
57084441620169,1201-2,True
57084474858009,214-1,True
57084474948347,1201-1,True
57084474948347,1201-2,True
57084508185525,214-1,True
57084508276525,1201-1,True
57084508276525,1201-2,True
57084541546528,214-1,True
57084541636703,1201-1,True
57084541636703,1201-2,True
57084574874043,214-1,True
57084574964882,1201-1,True
57084574964882,1201-2,True
57084608143559,214-1,True
57084608293060,1201-1,True
57084608293060,1201-2,True
57084641525737,214-1,True
57084641621238,1201-1,True
57084641621238,1201-2,True
57084674890490,214-1,True
57084674981416,1201-1,True
57084674981416,1201-2,True
57084708221692,214-1,True
57084708309567,1201-1,True
57084708309567,1201-2,True
57084741549162,214-1,True
57084741637713,1201-1,True
57084741637713,1201-2,True
57084774876783,214-1,True
57084774965996,1201-1,True
57084774965996,1201-2,True
57084808204139,214-1,True
57084808294014,1201-1,True
57084808294014,1201-2,True
57084841531496,214-1,True
57084841622085,1201-1,True
57084841622085,1201-2,True
57084874862811,214-1,True
57084874950312,1201-1,True
57084874950312,1201-2,True
57084908220060,214-1,True
57084908310486,1201-1,True
57084908310486,1201-2,True
57084941551242,214-1,True
57084941638579,1201-1,True
57084941638579,1201-2,True
57084974878257,214-1,True
57084974966258,1201-1,True
57084974966258,1201-2,True
57085008205815,214-1,True
57085008294529,1201-1,True
57085008294529,1201-2,True
57085041596712,214-1,True
57085041670800,1201-1,True
57085041670800,1201-2,True
57085074909446,214-1,True
57085074999071,1201-1,True
57085074999071,1201-2,True
57085108238003,214-1,True
57085108327342,1201-1,True
57085108327342,1201-2,True
57085141569312,214-1,True
57085141655613,1201-1,True
57085141655613,1201-2,True
57085174893208,214-1,True
57085174983884,1201-1,True
57085174983884,1201-2,True
57085208220788,214-1,True
57085208312164,1201-1,True
57085208312164,1201-2,True
57085241548394,214-1,True
57085241640444,1201-1,True
57085241640444,1201-2,True
57085274875714,214-1,True
57085274968640,1201-1,True
57085274968640,1201-2,True
57085308204410,214-1,True
57085308296836,1201-1,True
57085308296836,1201-2,True
57085341534416,214-1,True
57085341624966,1201-1,True
57085341624966,1201-2,True
57085374861746,214-1,True
57085374952959,1201-1,True
57085374952959,1201-2,True
57085408231172,214-1,True
57085408281136,1201-1,True
57085408281136,1201-2,True
57085443629073,214-1,True
57085443721323,1201-1,True
57085443721323,1201-2,True
57085476960286,214-1,True
57085477049499,1201-1,True
57085477049499,1201-2,True
57085508285414,214-1,True
57085508377665,1201-1,True
57085508377665,1201-2,True
57085541616628,214-1,True
57085541705841,1201-1,True
57085541705841,1201-2,True
57085574971342,214-1,True
57085575034017,1201-1,True
57085575034017,1201-2,True
57085608269141,214-1,True
57085608362268,1201-1,True
57085608362268,1201-2,True
57085641599172,214-1,True
57085641690635,1201-1,True
57085641690635,1201-2,True
57085674926608,214-1,True
57085675018734,1201-1,True
57085675018734,1201-2,True
57085708262761,214-1,True
57085708346936,1201-1,True
57085708346936,1201-2,True
57085741601413,214-1,True
57085741675088,1201-1,True
57085741675088,1201-2,True
57085774931252,214-1,True
57085775003252,1201-1,True
57085775003252,1201-2,True
57085808237348,214-1,True
57085808331398,1201-1,True
57085808331398,1201-2,True
57085841562669,214-1,True
57085841659544,1201-1,True
57085841659544,1201-2,True
57085874940640,214-1,True
57085874987690,1201-1,True
57085874987690,1201-2,True
57085908225373,214-1,True
57085908315836,1201-1,True
57085908315836,1201-2,True
57085941553612,214-1,True
57085941643988,1201-1,True
57085941643988,1201-2,True
57085974874248,214-1,True
57085974971996,1201-1,True
57085974971996,1201-2,True
57086008205873,214-1,True
57086008299839,1201-1,True
57086008299839,1201-2,True
57086041537146,214-1,True
57086041628485,1201-1,True
57086041628485,1201-2,True
57086074860557,214-1,True
57086074956683,1201-1,True
57086074956683,1201-2,True
57086108241238,214-1,True
57086108284951,1201-1,True
57086108284951,1201-2,True
57086141516284,214-1,True
57086141613034,1201-1,True
57086141613034,1201-2,True
57086174880736,214-1,True
57086174973112,1201-1,True
57086174973112,1201-2,True
57086208203224,214-1,True
57086208301400,1201-1,True
57086208301400,1201-2,True
57086241537137,214-1,True
57086241629687,1201-1,True
57086241629687,1201-2,True
57086274859246,214-1,True
57086274957921,1201-1,True
57086274957921,1201-2,True
57086308190259,214-1,True
57086308285883,1201-1,True
57086308285883,1201-2,True
57086341517497,214-1,True
57086341613799,1201-1,True
57086341613799,1201-2,True
57086374875200,214-1,True
57086374974414,1201-1,True
57086374974414,1201-2,True
57086408206430,214-1,True
57086408302555,1201-1,True
57086408302555,1201-2,True
57086441533859,214-1,True
57086441630697,1201-1,True
57086441630697,1201-2,True
57086474861338,214-1,True
57086474958839,1201-1,True
57086474958839,1201-2,True
57086508188805,214-1,True
57086508286980,1201-1,True
57086508286980,1201-2,True
57086541521947,214-1,True
57086541615122,1201-1,True
57086541615122,1201-2,True
57086574881753,214-1,True
57086574975254,1201-1,True
57086574975254,1201-2,True
57086608205479,214-1,True
57086608303354,1201-1,True
57086608303354,1201-2,True
57086641536830,214-1,True
57086641631455,1201-1,True
57086641631455,1201-2,True
57086674873093,214-1,True
57086674959556,1201-1,True
57086674959556,1201-2,True
57086708195606,214-1,True
57086708287657,1201-1,True
57086708287657,1201-2,True
57086741518547,214-1,True
57086741615924,1201-1,True
57086741615924,1201-2,True
57086774878697,214-1,True
57086774976409,1201-1,True
57086774976409,1201-2,True
57086808209876,214-1,True
57086808304341,1201-1,True
57086808304341,1201-2,True
57086841538063,214-1,True
57086841632988,1201-1,True
57086841632988,1201-2,True
57086874870542,214-1,True
57086874961042,1201-1,True
57086874961042,1201-2,True
57086908202110,214-1,True
57086908289323,1201-1,True
57086908289323,1201-2,True
57086941518628,214-1,True
57086941617504,1201-1,True
57086941617504,1201-2,True
57086974882158,214-1,True
57086974945621,1201-1,True
57086974945621,1201-2,True
57087008209379,214-1,True
57087008305502,1201-1,True
57087008305502,1201-2,True
57087041536255,214-1,True
57087041633095,1201-1,True
57087041633095,1201-2,True
57087074901294,214-1,True
57087074961544,1201-1,True
57087074961544,1201-2,True
57087108197905,214-1,True
57087108289994,1201-1,True
57087108289994,1201-2,True
57087141525612,214-1,True
57087141618363,1201-1,True
57087141618363,1201-2,True
57087174855466,214-1,True
57087174946555,1201-1,True
57087174946555,1201-2,True
57087208215270,214-1,True
57087208306896,1201-1,True
57087208306896,1201-2,True
57087241546441,214-1,True
57087241635029,1201-1,True
57087241635029,1201-2,True
57087274873912,214-1,True
57087274963162,1201-1,True
57087274963162,1201-2,True
57087308201429,214-1,True
57087308291355,1201-1,True
57087308291355,1201-2,True
57087341520868,214-1,True
57087341619669,1201-1,True
57087341619669,1201-2,True
57087374852267,214-1,True
57087374947818,1201-1,True
57087374947818,1201-2,True
57087408207226,214-1,True
57087408307976,1201-1,True
57087408307976,1201-2,True
57087441543921,214-1,True
57087441636135,1201-1,True
57087441636135,1201-2,True
57087474869079,214-1,True
57087474964293,1201-1,True
57087474964293,1201-2,True
57087508203076,214-1,True
57087508292451,1201-1,True
57087508292451,1201-2,True
57087541530984,214-1,True
57087541620610,1201-1,True
57087541620610,1201-2,True
57087574856883,214-1,True
57087574948759,1201-1,True
57087574948759,1201-2,True
57087608204357,214-1,True
57087608308908,1201-1,True
57087608308908,1201-2,True
57087641544677,214-1,True
57087641637141,1201-1,True
57087641637141,1201-2,True
57087674867324,214-1,True
57087674965374,1201-1,True
57087674965374,1201-2,True
57087708198627,214-1,True
57087708293591,1201-1,True
57087708293591,1201-2,True
57087741526294,214-1,True
57087741621758,1201-1,True
57087741621758,1201-2,True
57087774887336,214-1,True
57087774981924,1201-1,True
57087774981924,1201-2,True
57087808214851,214-1,True
57087808310101,1201-1,True
57087808310101,1201-2,True
57087841546053,214-1,True
57087841638266,1201-1,True
57087841638266,1201-2,True
57087874870154,214-1,True
57087874966367,1201-1,True
57087874966367,1201-2,True
57087908191704,214-1,True
57087908294630,1201-1,True
57087908294630,1201-2,True
57087941525656,214-1,True
57087941622781,1201-1,True
57087941622781,1201-2,True
57087974858548,214-1,True
57087974951011,1201-1,True
57087974951011,1201-2,True
57088008221108,214-1,True
57088008279158,1201-1,True
57088008279158,1201-2,True
57088041541422,214-1,True
57088041638970,1201-1,True
57088041638970,1201-2,True
57088074874748,214-1,True
57088074966462,1201-1,True
57088074966462,1201-2,True
57088108143447,214-1,True
57088108295000,1201-1,True
57088108295000,1201-2,True
57088141528572,214-1,True
57088141623537,1201-1,True
57088141623537,1201-2,True
57088174853104,214-1,True
57088174952030,1201-1,True
57088174952030,1201-2,True
57088208189551,214-1,True
57088208280351,1201-1,True
57088208280351,1201-2,True
57088241546115,214-1,True
57088241640541,1201-1,True
57088241640541,1201-2,True
57088274875174,214-1,True
57088274968674,1201-1,True
57088274968674,1201-2,True
57088308195182,214-1,True
57088308296807,1201-1,True
57088308296807,1201-2,True
57088341533071,214-1,True
57088341624947,1201-1,True
57088341624947,1201-2,True
57088374857062,214-1,True
57088374953113,1201-1,True
57088374953113,1201-2,True
57088408163629,214-1,True
57088408281304,1201-1,True
57088408281304,1201-2,True
57088441515282,214-1,True
57088441609495,1201-1,True
57088441609495,1201-2,True
57088474849261,214-1,True
57088474937687,1201-1,True
57088474937687,1201-2,True
57088508164502,214-1,True
57088508265878,1201-1,True
57088508265878,1201-2,True
57088541544569,214-1,True
57088541642069,1201-1,True
57088541642069,1201-2,True
57088574876010,214-1,True
57088574970261,1201-1,True
57088574970261,1201-2,True
57088608191201,214-1,True
57088608298452,1201-1,True
57088608298452,1201-2,True
57088641531502,214-1,True
57088641626678,1201-1,True
57088641626678,1201-2,True
57088674857952,214-1,True
57088674954952,1201-1,True
57088674954952,1201-2,True
57088708185370,214-1,True
57088708283045,1201-1,True
57088708283045,1201-2,True
57088741546345,214-1,True
57088741643184,1201-1,True
57088741643184,1201-2,True
57088774873967,214-1,True
57088774971468,1201-1,True
57088774971468,1201-2,True
57088808201398,214-1,True
57088808299611,1201-1,True
57088808299611,1201-2,True
57088841531771,214-1,True
57088841627647,1201-1,True
57088841627647,1201-2,True
57088874865639,214-1,True
57088874955940,1201-1,True
57088874955940,1201-2,True
57088908196892,214-1,True
57088908284142,1201-1,True
57088908284142,1201-2,True
57088941561535,214-1,True
57088941612210,1201-1,True
57088941612210,1201-2,True
57088974885017,214-1,True
57088974972103,1201-1,True
57088974972103,1201-2,True
57089008212004,214-1,True
57089008299755,1201-1,True
57089008299755,1201-2,True
57089041539754,214-1,True
57089041628180,1201-1,True
57089041628180,1201-2,True
57089074871229,214-1,True
57089074956605,1201-1,True
57089074956605,1201-2,True
57089108198913,214-1,True
57089108284964,1201-1,True
57089108284964,1201-2,True
57089141526439,214-1,True
57089141613153,1201-1,True
57089141613153,1201-2,True
57089174887536,214-1,True
57089174973411,1201-1,True
57089174973411,1201-2,True
57089208215044,214-1,True
57089208301594,1201-1,True
57089208301594,1201-2,True
57089241542564,214-1,True
57089241629778,1201-1,True
57089241629778,1201-2,True
57089274870120,214-1,True
57089274957996,1201-1,True
57089274957996,1201-2,True
57089308197708,214-1,True
57089308286258,1201-1,True
57089308286258,1201-2,True
57089341528856,214-1,True
57089341614357,1201-1,True
57089341614357,1201-2,True
57089374886134,214-1,True
57089374974509,1201-1,True
57089374974509,1201-2,True
57089408217346,214-1,True
57089408302684,1201-1,True
57089408302684,1201-2,True
57089441537184,214-1,True
57089441630859,1201-1,True
57089441630859,1201-2,True
57089474865859,214-1,True
57089474959034,1201-1,True
57089474959034,1201-2,True
57089508196871,214-1,True
57089508287209,1201-1,True
57089508287209,1201-2,True
57089541518083,214-1,True
57089541615384,1201-1,True
57089541615384,1201-2,True
57089574878943,214-1,True
57089574975569,1201-1,True
57089574975569,1201-2,True
57089608206231,214-1,True
57089608303782,1201-1,True
57089608303782,1201-2,True
57089641537532,214-1,True
57089641631995,1201-1,True
57089641631995,1201-2,True
57089674868583,214-1,True
57089674960209,1201-1,True
57089674960209,1201-2,True
57089708197084,214-1,True
57089708288422,1201-1,True
57089708288422,1201-2,True
57089741519493,214-1,True
57089741616619,1201-1,True
57089741616619,1201-2,True
57089774881637,214-1,True
57089774976762,1201-1,True
57089774976762,1201-2,True
57089808213718,214-1,True
57089808304843,1201-1,True
57089808304843,1201-2,True
57089841538389,214-1,True
57089841632763,1201-1,True
57089841632763,1201-2,True
57089874869384,214-1,True
57089874960684,1201-1,True
57089874960684,1201-2,True
57089908196767,214-1,True
57089908288731,1201-1,True
57089908288731,1201-2,True
57089941528234,214-1,True
57089941617161,1201-1,True
57089941617161,1201-2,True
57089974885789,214-1,True
57089974977590,1201-1,True
57089974977590,1201-2,True
57090008216921,214-1,True
57090008305668,1201-1,True
57090008305668,1201-2,True
57090041543638,214-1,True
57090041633064,1201-1,True
57090041633064,1201-2,True
57090074871467,214-1,True
57090074961594,1201-1,True
57090074961594,1201-2,True
57090108199321,214-1,True
57090108290123,1201-1,True
57090108290123,1201-2,True
57090141527053,214-1,True
57090141618516,1201-1,True
57090141618516,1201-2,True
57090174854476,214-1,True
57090174946602,1201-1,True
57090174946602,1201-2,True
57090208215647,214-1,True
57090208306947,1201-1,True
57090208306947,1201-2,True
57090241543174,214-1,True
57090241635138,1201-1,True
57090241635138,1201-2,True
57090274874403,214-1,True
57090274963329,1201-1,True
57090274963329,1201-2,True
57090308201931,214-1,True
57090308291519,1201-1,True
57090308291519,1201-2,True
57090341529460,214-1,True
57090341619710,1201-1,True
57090341619710,1201-2,True
57090374856972,214-1,True
57090374947897,1201-1,True
57090374947897,1201-2,True
57090408217986,214-1,True
57090408308075,1201-1,True
57090408308075,1201-2,True
57090441545501,214-1,True
57090441636252,1201-1,True
57090441636252,1201-2,True
57090474866303,214-1,True
57090474964429,1201-1,True
57090474964429,1201-2,True
57090508193392,214-1,True
57090508292606,1201-1,True
57090508292606,1201-2,True
57090541530282,214-1,True
57090541620783,1201-1,True
57090541620783,1201-2,True
57090574858470,214-1,True
57090574948933,1201-1,True
57090574948933,1201-2,True
57090608299556,214-1,True
57090608309056,1201-1,True
57090608309056,1201-2,True
57090641539742,214-1,True
57090641637331,1201-1,True
57090641637331,1201-2,True
57090674869642,214-1,True
57090674965606,1201-1,True
57090674965606,1201-2,True
57090708197975,214-1,True
57090708293851,1201-1,True
57090708293851,1201-2,True
57090741527578,214-1,True
57090741622004,1201-1,True
57090741622004,1201-2,True
57090774905607,214-1,True
57090774982157,1201-1,True
57090774982157,1201-2,True
57090808227760,214-1,True
57090808310310,1201-1,True
57090808310310,1201-2,True
57090841561288,214-1,True
57090841638463,1201-1,True
57090841638463,1201-2,True
57090874891152,214-1,True
57090874966652,1201-1,True
57090874966652,1201-2,True
57090908218505,214-1,True
57090908294880,1201-1,True
57090908294880,1201-2,True
57090941540794,214-1,True
57090941622919,1201-1,True
57090941622919,1201-2,True
57090974870582,214-1,True
57090974951046,1201-1,True
57090974951046,1201-2,True
57091008201626,214-1,True
57091008279252,1201-1,True
57091008279252,1201-2,True
57091041523720,214-1,True
57091041639142,1201-1,True
57091041639142,1201-2,True
57091074859120,214-1,True
57091074966584,1201-1,True
57091074966584,1201-2,True
57091108225183,214-1,True
57091108295109,1201-1,True
57091108295109,1201-2,True
57091141546758,214-1,True
57091141623634,1201-1,True
57091141623634,1201-2,True
57091174873160,214-1,True
57091174952124,1201-1,True
57091174952124,1201-2,True
57091208202426,214-1,True
57091208280477,1201-1,True
57091208280477,1201-2,True
57091241524499,214-1,True
57091241640713,1201-1,True
57091241640713,1201-2,True
57091274891008,214-1,True
57091274968884,1201-1,True
57091274968884,1201-2,True
57091308223179,214-1,True
57091308297054,1201-1,True
57091308297054,1201-2,True
57091341546947,214-1,True
57091341625197,1201-1,True
57091341625197,1201-2,True
57091374876699,214-1,True
57091374953287,1201-1,True
57091374953287,1201-2,True
57091408204225,214-1,True
57091408281475,1201-1,True
57091408281475,1201-2,True
57091441531700,214-1,True
57091441609663,1201-1,True
57091441609663,1201-2,True
57091474859226,214-1,True
57091474937852,1201-1,True
57091474937852,1201-2,True
57091508190451,214-1,True
57091508266040,1201-1,True
57091508266040,1201-2,True
57091541547764,214-1,True
57091541642228,1201-1,True
57091541642228,1201-2,True
57091574875291,214-1,True
57091574970416,1201-1,True
57091574970416,1201-2,True
57091608205179,214-1,True
57091608298604,1201-1,True
57091608298604,1201-2,True
57091641532699,214-1,True
57091641626788,1201-1,True
57091641626788,1201-2,True
57091674860239,214-1,True
57091674954989,1201-1,True
57091674954989,1201-2,True
57091708187784,214-1,True
57091708283248,1201-1,True
57091708283248,1201-2,True
57091741548801,214-1,True
57091741643389,1201-1,True
57091741643389,1201-2,True
57091774874106,214-1,True
57091774971531,1201-1,True
57091774971531,1201-2,True
57091808207864,214-1,True
57091808299664,1201-1,True
57091808299664,1201-2,True
57091841535587,214-1,True
57091841627838,1201-1,True
57091841627838,1201-2,True
57091874863180,214-1,True
57091874956105,1201-1,True
57091874956105,1201-2,True
57091908195629,214-1,True
57091908284129,1201-1,True
57091908284129,1201-2,True
57091941560410,214-1,True
57091941612335,1201-1,True
57091941612335,1201-2,True
57091974848040,214-1,True
57091974972250,1201-1,True
57091974972250,1201-2,True
57092008204677,214-1,True
57092008299766,1201-1,True
57092008299766,1201-2,True
57092041536481,214-1,True
57092041628283,1201-1,True
57092041628283,1201-2,True
57092074864498,214-1,True
57092074956799,1201-1,True
57092074956799,1201-2,True
57092108194857,214-1,True
57092108285233,1201-1,True
57092108285233,1201-2,True
57092141516266,214-1,True
57092141613391,1201-1,True
57092141613391,1201-2,True
57092174877205,214-1,True
57092174973506,1201-1,True
57092174973506,1201-2,True
57092208204753,214-1,True
57092208301717,1201-1,True
57092208301717,1201-2,True
57092241547177,214-1,True
57092241629928,1201-1,True
57092241629928,1201-2,True
57092274859838,214-1,True
57092274958138,1201-1,True
57092274958138,1201-2,True
57092308277474,214-1,True
57092308286349,1201-1,True
57092308286349,1201-2,True
57092341520571,214-1,True
57092341614572,1201-1,True
57092341614572,1201-2,True
57092374881423,214-1,True
57092374974799,1201-1,True
57092374974799,1201-2,True
57092408207307,214-1,True
57092408302932,1201-1,True
57092408302932,1201-2,True
57092441543352,214-1,True
57092441631065,1201-1,True
57092441631065,1201-2,True
57092474889235,214-1,True
57092474959199,1201-1,True
57092474959199,1201-2,True
57092508199619,214-1,True
57092508287332,1201-1,True
57092508287332,1201-2,True
57092541515915,214-1,True
57092541615465,1201-1,True
57092541615465,1201-2,True
57092574875293,214-1,True
57092574975379,1201-1,True
57092574975379,1201-2,True
57092608242630,214-1,True
57092608302629,1201-1,True
57092608302629,1201-2,True
57092641531956,214-1,True
57092641629879,1201-1,True
57092641629879,1201-2,True
57092674899986,214-1,True
57092674957613,1201-1,True
57092674957613,1201-2,True
57092708198718,214-1,True
57092708286809,1201-1,True
57092708286809,1201-2,True
57092741527251,214-1,True
57092741616005,1201-1,True
57092741616005,1201-2,True
57092774889052,214-1,True
57092774976977,1201-1,True
57092774976977,1201-2,True
57092808216564,214-1,True
57092808305152,1201-1,True
57092808305152,1201-2,True
57092841543849,214-1,True
57092841633100,1201-1,True
57092841633100,1201-2,True
57092874862726,214-1,True
57092874961477,1201-1,True
57092874961477,1201-2,True
57092908200351,214-1,True
57092908289776,1201-1,True
57092908289776,1201-2,True
57092941519331,214-1,True
57092941617831,1201-1,True
57092941617831,1201-2,True
57092974890783,214-1,True
57092974945996,1201-1,True
57092974945996,1201-2,True
57093008215853,214-1,True
57093008306103,1201-1,True
57093008306103,1201-2,True
57093041541070,214-1,True
57093041634320,1201-1,True
57093041634320,1201-2,True
57093074879986,214-1,True
57093074962537,1201-1,True
57093074962537,1201-2,True
57093108196330,214-1,True
57093108290705,1201-1,True
57093108290705,1201-2,True
57093141527427,214-1,True
57093141618766,1201-1,True
57093141618766,1201-2,True
57093174855007,214-1,True
57093174947008,1201-1,True
57093174947008,1201-2,True
57093208216192,214-1,True
57093208307367,1201-1,True
57093208307367,1201-2,True
57093241543700,214-1,True
57093241635538,1201-1,True
57093241635538,1201-2,True
57093274871209,214-1,True
57093274963709,1201-1,True
57093274963709,1201-2,True
57093308202422,214-1,True
57093308291886,1201-1,True
57093308291886,1201-2,True
57093341529953,214-1,True
57093341620078,1201-1,True
57093341620078,1201-2,True
57093374857451,214-1,True
57093374948252,1201-1,True
57093374948252,1201-2,True
57093408218434,214-1,True
57093408308398,1201-1,True
57093408308398,1201-2,True
57093441545918,214-1,True
57093441636543,1201-1,True
57093441636543,1201-2,True
57093474873389,214-1,True
57093474964689,1201-1,True
57093474964689,1201-2,True
57093508200835,214-1,True
57093508292835,1201-1,True
57093508292835,1201-2,True
57093541528306,214-1,True
57093541620981,1201-1,True
57093541620981,1201-2,True
57093574859551,214-1,True
57093574949177,1201-1,True
57093574949177,1201-2,True
57093608216964,214-1,True
57093608309464,1201-1,True
57093608309464,1201-2,True
57093641548168,214-1,True
57093641637631,1201-1,True
57093641637631,1201-2,True
57093674875792,214-1,True
57093674965918,1201-1,True
57093674965918,1201-2,True
57093708203260,214-1,True
57093708294061,1201-1,True
57093708294061,1201-2,True
57093741530803,214-1,True
57093741622266,1201-1,True
57093741622266,1201-2,True
57093774858249,214-1,True
57093774950374,1201-1,True
57093774950374,1201-2,True
57093808219285,214-1,True
57093808310586,1201-1,True
57093808310586,1201-2,True
57093841546723,214-1,True
57093841638685,1201-1,True
57093841638685,1201-2,True
57093874873899,214-1,True
57093874966526,1201-1,True
57093874966526,1201-2,True
57093908205576,214-1,True
57093908295164,1201-1,True
57093908295164,1201-2,True
57093941532984,214-1,True
57093941623235,1201-1,True
57093941623235,1201-2,True
57093974860558,214-1,True
57093974951483,1201-1,True
57093974951483,1201-2,True
57094008189057,214-1,True
57094008279683,1201-1,True
57094008279683,1201-2,True
57094041540015,214-1,True
57094041639816,1201-1,True
57094041639816,1201-2,True
57094074874899,214-1,True
57094074967949,1201-1,True
57094074967949,1201-2,True
57094108202157,214-1,True
57094108296082,1201-1,True
57094108296082,1201-2,True
57094141529627,214-1,True
57094141624215,1201-1,True
57094141624215,1201-2,True
57094174858313,214-1,True
57094174952402,1201-1,True
57094174952402,1201-2,True
57094208185964,214-1,True
57094208280714,1201-1,True
57094208280714,1201-2,True
57094241546991,214-1,True
57094241640916,1201-1,True
57094241640916,1201-2,True
57094274874511,214-1,True
57094274969100,1201-1,True
57094274969100,1201-2,True
57094308202032,214-1,True
57094308297283,1201-1,True
57094308297283,1201-2,True
57094341529574,214-1,True
57094341625500,1201-1,True
57094341625500,1201-2,True
57094374857194,214-1,True
57094374953783,1201-1,True
57094374953783,1201-2,True
57094408188201,214-1,True
57094408281952,1201-1,True
57094408281952,1201-2,True
57094441515696,214-1,True
57094441610121,1201-1,True
57094441610121,1201-2,True
57094474843165,214-1,True
57094474938291,1201-1,True
57094474938291,1201-2,True
57094508170660,214-1,True
57094508266460,1201-1,True
57094508266460,1201-2,True
57094541546579,214-1,True
57094541642630,1201-1,True
57094541642630,1201-2,True
57094574874085,214-1,True
57094574970799,1201-1,True
57094574970799,1201-2,True
57094608205293,214-1,True
57094608298968,1201-1,True
57094608298968,1201-2,True
57094641532852,214-1,True
57094641627191,1201-1,True
57094641627191,1201-2,True
57094674860545,214-1,True
57094674955546,1201-1,True
57094674955546,1201-2,True
57094708195298,214-1,True
57094708283761,1201-1,True
57094708283761,1201-2,True
57094741556209,214-1,True
57094741643835,1201-1,True
57094741643835,1201-2,True
57094774883465,214-1,True
57094774971763,1201-1,True
57094774971763,1201-2,True
57094808210319,214-1,True
57094808299284,1201-1,True
57094808299284,1201-2,True
57094841538043,214-1,True
57094841627669,1201-1,True
57094841627669,1201-2,True
57094874869466,214-1,True
57094874956055,1201-1,True
57094874956055,1201-2,True
57094908197189,214-1,True
57094908284440,1201-1,True
57094908284440,1201-2,True
57094941524900,214-1,True
57094941612826,1201-1,True
57094941612826,1201-2,True
57094974886066,214-1,True
57094974973154,1201-1,True
57094974973154,1201-2,True
57095008213558,214-1,True
57095008301308,1201-1,True
57095008301308,1201-2,True
57095041541037,214-1,True
57095041629463,1201-1,True
57095041629463,1201-2,True
57095074868530,214-1,True
57095074957618,1201-1,True
57095074957618,1201-2,True
57095108196005,214-1,True
57095108285755,1201-1,True
57095108285755,1201-2,True
57095141527133,214-1,True
57095141613847,1201-1,True
57095141613847,1201-2,True
57095174875066,214-1,True
57095174974030,1201-1,True
57095174974030,1201-2,True
57095208210912,214-1,True
57095208302288,1201-1,True
57095208302288,1201-2,True
57095241534246,214-1,True
57095241630546,1201-1,True
57095241630546,1201-2,True
57095274865213,214-1,True
57095274958802,1201-1,True
57095274958802,1201-2,True
57095308188138,214-1,True
57095308287064,1201-1,True
57095308287064,1201-2,True
57095341523188,214-1,True
57095341615313,1201-1,True
57095341615313,1201-2,True
57095374881976,214-1,True
57095374975401,1201-1,True
57095374975401,1201-2,True
57095408208295,214-1,True
57095408303545,1201-1,True
57095408303545,1201-2,True
57095441539476,214-1,True
57095441631689,1201-1,True
57095441631689,1201-2,True
57095474863457,214-1,True
57095474959833,1201-1,True
57095474959833,1201-2,True
57095508194638,214-1,True
57095508287977,1201-1,True
57095508287977,1201-2,True
57095541518370,214-1,True
57095541616120,1201-1,True
57095541616120,1201-2,True
57095574879398,214-1,True
57095574976324,1201-1,True
57095574976324,1201-2,True
57095608207066,214-1,True
57095608304655,1201-1,True
57095608304655,1201-2,True
57095641534584,214-1,True
57095641632834,1201-1,True
57095641632834,1201-2,True
57095674862123,214-1,True
57095674961049,1201-1,True
57095674961049,1201-2,True
57095708192847,214-1,True
57095708289146,1201-1,True
57095708289146,1201-2,True
57095741527341,214-1,True
57095741617056,1201-1,True
57095741617056,1201-2,True
57095774883743,214-1,True
57095774977543,1201-1,True
57095774977543,1201-2,True
57095808215282,214-1,True
57095808305493,1201-1,True
57095808305493,1201-2,True
57095841539196,214-1,True
57095841633072,1201-1,True
57095841633072,1201-2,True
57095874912555,214-1,True
57095874961430,1201-1,True
57095874961430,1201-2,True
57095908191412,214-1,True
57095908289788,1201-1,True
57095908289788,1201-2,True
57095941523771,214-1,True
57095941618147,1201-1,True
57095941618147,1201-2,True
57095974888705,214-1,True
57095974978505,1201-1,True
57095974978505,1201-2,True
57096008213757,214-1,True
57096008306808,1201-1,True
57096008306808,1201-2,True
57096041537516,214-1,True
57096041634941,1201-1,True
57096041634941,1201-2,True
57096074869324,214-1,True
57096074963074,1201-1,True
57096074963074,1201-2,True
57096108193049,214-1,True
57096108291224,1201-1,True
57096108291224,1201-2,True
57096141520374,214-1,True
57096141619424,1201-1,True
57096141619424,1201-2,True
57096174880036,214-1,True
57096174979624,1201-1,True
57096174979624,1201-2,True
57096208221868,214-1,True
57096208307832,1201-1,True
57096208307832,1201-2,True
57096241543885,214-1,True
57096241636061,1201-1,True
57096241636061,1201-2,True
57096274863577,214-1,True
57096274964290,1201-1,True
57096274964290,1201-2,True
57096308194793,214-1,True
57096308292507,1201-1,True
57096308292507,1201-2,True
57096341535808,214-1,True
57096341620684,1201-1,True
57096341620684,1201-2,True
57096374885485,214-1,True
57096374980861,1201-1,True
57096374980861,1201-2,True
57096408215112,214-1,True
57096408309038,1201-1,True
57096408309038,1201-2,True
57096441539839,214-1,True
57096441637215,1201-1,True
57096441637215,1201-2,True
57096474872216,214-1,True
57096474965392,1201-1,True
57096474965392,1201-2,True
57096508196980,214-1,True
57096508293569,1201-1,True
57096508293569,1201-2,True
57096541524282,214-1,True
57096541621746,1201-1,True
57096541621746,1201-2,True
57096574856634,214-1,True
57096574949884,1201-1,True
57096574949884,1201-2,True
57096608219906,214-1,True
57096608309995,1201-1,True
57096608309995,1201-2,True
57096641546166,214-1,True
57096641638291,1201-1,True
57096641638291,1201-2,True
57096674877331,214-1,True
57096674966421,1201-1,True
57096674966421,1201-2,True
57096708196161,214-1,True
57096708294749,1201-1,True
57096708294749,1201-2,True
57096741523602,214-1,True
57096741622853,1201-1,True
57096741622853,1201-2,True
57096774851180,214-1,True
57096774951105,1201-1,True
57096774951105,1201-2,True
57096808215904,214-1,True
57096808279242,1201-1,True
57096808279242,1201-2,True
57096841539314,214-1,True
57096841639061,1201-1,True
57096841639061,1201-2,True
57096874866062,214-1,True
57096874966488,1201-1,True
57096874966488,1201-2,True
57096908216279,214-1,True
57096908295030,1201-1,True
57096908295030,1201-2,True
57096941525520,214-1,True
57096941623572,1201-1,True
57096941623572,1201-2,True
57096974853305,214-1,True
57096974952018,1201-1,True
57096974952018,1201-2,True
57097008180807,214-1,True
57097008280183,1201-1,True
57097008280183,1201-2,True
57097041541810,214-1,True
57097041640361,1201-1,True
57097041640361,1201-2,True
57097074869310,214-1,True
57097074968523,1201-1,True
57097074968523,1201-2,True
57097108196810,214-1,True
57097108296686,1201-1,True
57097108296686,1201-2,True
57097141524333,214-1,True
57097141624884,1201-1,True
57097141624884,1201-2,True
57097174855673,214-1,True
57097174953174,1201-1,True
57097174953174,1201-2,True
57097208183244,214-1,True
57097208281420,1201-1,True
57097208281420,1201-2,True
57097241544336,214-1,True
57097241641674,1201-1,True
57097241641674,1201-2,True
57097274871840,214-1,True
57097274969841,1201-1,True
57097274969841,1201-2,True
57097308199332,214-1,True
57097308298007,1201-1,True
57097308298007,1201-2,True
57097341526806,214-1,True
57097341626181,1201-1,True
57097341626181,1201-2,True
57097374854319,214-1,True
57097374954370,1201-1,True
57097374954370,1201-2,True
57097408181823,214-1,True
57097408282537,1201-1,True
57097408282537,1201-2,True
57097441513028,214-1,True
57097441610703,1201-1,True
57097441610703,1201-2,True
57097474840531,214-1,True
57097474938870,1201-1,True
57097474938870,1201-2,True
57097508201536,214-1,True
57097508267037,1201-1,True
57097508267037,1201-2,True
57097541543953,214-1,True
57097541643203,1201-1,True
57097541643203,1201-2,True
57097574871467,214-1,True
57097574971393,1201-1,True
57097574971393,1201-2,True
57097608199020,214-1,True
57097608299646,1201-1,True
57097608299646,1201-2,True
57097641530291,214-1,True
57097641627841,1201-1,True
57097641627841,1201-2,True
57097674857720,214-1,True
57097674955971,1201-1,True
57097674955971,1201-2,True
57097708185294,214-1,True
57097708284220,1201-1,True
57097708284220,1201-2,True
57097741550062,214-1,True
57097741612400,1201-1,True
57097741612400,1201-2,True
57097774873547,214-1,True
57097774972294,1201-1,True
57097774972294,1201-2,True
57097808200288,214-1,True
57097808299714,1201-1,True
57097808299714,1201-2,True
57097841528133,214-1,True
57097841628222,1201-1,True
57097841628222,1201-2,True
57097874863429,214-1,True
57097874956731,1201-1,True
57097874956731,1201-2,True
57097908187438,214-1,True
57097908285152,1201-1,True
57097908285152,1201-2,True
57097941514897,214-1,True
57097941613272,1201-1,True
57097941613272,1201-2,True
57097974875783,214-1,True
57097974973334,1201-1,True
57097974973334,1201-2,True
57098008203341,214-1,True
57098008301554,1201-1,True
57098008301554,1201-2,True
57098041530899,214-1,True
57098041629775,1201-1,True
57098041629775,1201-2,True
57098074891945,214-1,True
57098074989996,1201-1,True
57098074989996,1201-2,True
57098108223628,214-1,True
57098108318217,1201-1,True
57098108318217,1201-2,True
57098141556275,214-1,True
57098141646400,1201-1,True
57098141646400,1201-2,True
57098174875292,214-1,True
57098174974505,1201-1,True
57098174974505,1201-2,True
57098208205588,214-1,True
57098208302714,1201-1,True
57098208302714,1201-2,True
57098241533334,214-1,True
57098241630922,1201-1,True
57098241630922,1201-2,True
57098274868755,214-1,True
57098274959131,1201-1,True
57098274959131,1201-2,True
57098308189038,214-1,True
57098308287339,1201-1,True
57098308287339,1201-2,True
57098341519325,214-1,True
57098341615538,1201-1,True
57098341615538,1201-2,True
57098374885247,214-1,True
57098374975711,1201-1,True
57098374975711,1201-2,True
57098408250208,214-1,True
57098408335883,1201-1,True
57098408335883,1201-2,True
57098441566755,214-1,True
57098441664056,1201-1,True
57098441664056,1201-2,True
57098474903478,214-1,True
57098474992228,1201-1,True
57098474992228,1201-2,True
57098508222600,214-1,True
57098508320400,1201-1,True
57098508320400,1201-2,True
57098541554022,214-1,True
57098541648573,1201-1,True
57098541648573,1201-2,True
57098574883120,214-1,True
57098574976745,1201-1,True
57098574976745,1201-2,True
57098608209713,214-1,True
57098608304964,1201-1,True
57098608304964,1201-2,True
57098641543833,214-1,True
57098641633297,1201-1,True
57098641633297,1201-2,True
57098674861786,214-1,True
57098674961499,1201-1,True
57098674961499,1201-2,True
57098708191954,214-1,True
57098708289579,1201-1,True
57098708289579,1201-2,True
57098741522234,214-1,True
57098741617785,1201-1,True
57098741617785,1201-2,True
57098774882135,214-1,True
57098774945974,1201-1,True
57098774945974,1201-2,True
57098808208764,214-1,True
57098808306228,1201-1,True
57098808306228,1201-2,True
57098841539015,214-1,True
57098841634390,1201-1,True
57098841634390,1201-2,True
57098874873214,214-1,True
57098874962553,1201-1,True
57098874962553,1201-2,True
57098908199757,214-1,True
57098908290720,1201-1,True
57098908290720,1201-2,True
57098941521387,214-1,True
57098941618888,1201-1,True
57098941618888,1201-2,True
57098974851792,214-1,True
57098974947006,1201-1,True
57098974947006,1201-2,True
57099008215547,214-1,True
57099008307135,1201-1,True
57099008307135,1201-2,True
57099041538363,214-1,True
57099041635327,1201-1,True
57099041635327,1201-2,True
57099074866305,214-1,True
57099074963519,1201-1,True
57099074963519,1201-2,True
57099108192639,214-1,True
57099108291689,1201-1,True
57099108291689,1201-2,True
57099141526559,214-1,True
57099141619810,1201-1,True
57099141619810,1201-2,True
57099174855523,214-1,True
57099174948024,1201-1,True
57099174948024,1201-2,True
57099208215512,214-1,True
57099208308351,1201-1,True
57099208308351,1201-2,True
57099241536916,214-1,True
57099241636505,1201-1,True
57099241636505,1201-2,True
57099274867158,214-1,True
57099274964659,1201-1,True
57099274964659,1201-2,True
57099308199800,214-1,True
57099308292851,1201-1,True
57099308292851,1201-2,True
57099341526246,214-1,True
57099341621122,1201-1,True
57099341621122,1201-2,True
57099374860200,214-1,True
57099374949288,1201-1,True
57099374949288,1201-2,True
57099408208892,214-1,True
57099408309481,1201-1,True
57099408309481,1201-2,True
57099441540123,214-1,True
57099441637673,1201-1,True
57099441637673,1201-2,True
57099476964127,214-1,True
57099477061878,1201-1,True
57099477061878,1201-2,True
57099508277095,214-1,True
57099508374059,1201-1,True
57099508374059,1201-2,True
57099541630701,214-1,True
57099541702251,1201-1,True
57099541702251,1201-2,True
57099574935105,214-1,True
57099575030443,1201-1,True
57099575030443,1201-2,True
57099608265126,214-1,True
57099608358590,1201-1,True
57099608358590,1201-2,True
57099641599975,214-1,True
57099641686651,1201-1,True
57099641686651,1201-2,True
57099674927520,214-1,True
57099675014859,1201-1,True
57099675014859,1201-2,True
57099708258770,214-1,True
57099708343071,1201-1,True
57099708343071,1201-2,True
57099741597562,214-1,True
57099741671362,1201-1,True
57099741671362,1201-2,True
57099774906439,214-1,True
57099774999528,1201-1,True
57099774999528,1201-2,True
57099808233943,214-1,True
57099808327694,1201-1,True
57099808327694,1201-2,True
57099841613559,214-1,True
57099841655859,1201-1,True
57099841655859,1201-2,True
57099874892650,214-1,True
57099874984025,1201-1,True
57099874984025,1201-2,True
57099908220132,214-1,True
57099908312183,1201-1,True
57099908312183,1201-2,True
57099941547619,214-1,True
57099941640332,1201-1,True
57099941640332,1201-2,True
57099974875107,214-1,True
57099974968532,1201-1,True
57099974968532,1201-2,True
57100008202644,214-1,True
57100008296732,1201-1,True
57100008296732,1201-2,True
57100041530138,214-1,True
57100041624888,1201-1,True
57100041624888,1201-2,True
57100074861254,214-1,True
57100074952968,1201-1,True
57100074952968,1201-2,True
57100108188832,214-1,True
57100108281208,1201-1,True
57100108281208,1201-2,True
57100141549854,214-1,True
57100141641405,1201-1,True
57100141641405,1201-2,True
57100174877428,214-1,True
57100174969642,1201-1,True
57100174969642,1201-2,True
57100208205004,214-1,True
57100208297879,1201-1,True
57100208297879,1201-2,True
57100241532543,214-1,True
57100241626094,1201-1,True
57100241626094,1201-2,True
57100274862343,214-1,True
57100274954218,1201-1,True
57100274954218,1201-2,True
57100308184638,214-1,True
57100308282313,1201-1,True
57100308282313,1201-2,True
57100341597842,214-1,True
57100341642517,1201-1,True
57100341642517,1201-2,True
57100374874220,214-1,True
57100374970721,1201-1,True
57100374970721,1201-2,True
57100408204299,214-1,True
57100408298924,1201-1,True
57100408298924,1201-2,True
57100441536703,214-1,True
57100441627128,1201-1,True
57100441627128,1201-2,True
57100476536003,214-1,True
57100476635342,1201-1,True
57100476635342,1201-2,True
57100508286036,214-1,True
57100508379536,1201-1,True
57100508379536,1201-2,True
57100541617276,214-1,True
57100541707740,1201-1,True
57100541707740,1201-2,True
57100574948518,214-1,True
57100575035943,1201-1,True
57100575035943,1201-2,True
57100608268647,214-1,True
57100608364147,1201-1,True
57100608364147,1201-2,True
57100641603600,214-1,True
57100641692351,1201-1,True
57100641692351,1201-2,True
57100674927412,214-1,True
57100675020537,1201-1,True
57100675020537,1201-2,True
57100708258589,214-1,True
57100708348677,1201-1,True
57100708348677,1201-2,True
57100741597255,214-1,True
57100741676843,1201-1,True
57100741676843,1201-2,True
57100774932196,214-1,True
57100775005034,1201-1,True
57100775005034,1201-2,True
57100808241099,214-1,True
57100808333225,1201-1,True
57100808333225,1201-2,True
57100841572365,214-1,True
57100841661416,1201-1,True
57100841661416,1201-2,True
57100874897931,214-1,True
57100874989606,1201-1,True
57100874989606,1201-2,True
57100908224288,214-1,True
57100908317789,1201-1,True
57100908317789,1201-2,True
57100941548078,214-1,True
57100941645953,1201-1,True
57100941645953,1201-2,True
57100974875582,214-1,True
57100974974132,1201-1,True
57100974974132,1201-2,True
57101008206798,214-1,True
57101008302299,1201-1,True
57101008302299,1201-2,True
57101041534290,214-1,True
57101041630465,1201-1,True
57101041630465,1201-2,True
57101074876667,214-1,True
57101074958630,1201-1,True
57101074958630,1201-2,True
57101108189217,214-1,True
57101108286767,1201-1,True
57101108286767,1201-2,True
57101141516643,214-1,True
57101141614857,1201-1,True
57101141614857,1201-2,True
57101174877650,214-1,True
57101174975026,1201-1,True
57101174975026,1201-2,True
57101208205219,214-1,True
57101208303270,1201-1,True
57101208303270,1201-2,True
57101241532799,214-1,True
57101241631513,1201-1,True
57101241631513,1201-2,True
57101274864081,214-1,True
57101274959756,1201-1,True
57101274959756,1201-2,True
57101308191661,214-1,True
57101308288000,1201-1,True
57101308288000,1201-2,True
57101341519218,214-1,True
57101341616219,1201-1,True
57101341616219,1201-2,True
57101374880190,214-1,True
57101374976365,1201-1,True
57101374976365,1201-2,True
57101408207675,214-1,True
57101408304513,1201-1,True
57101408304513,1201-2,True
57101441535161,214-1,True
57101441632661,1201-1,True
57101441632661,1201-2,True
57101474862633,214-1,True
57101474960809,1201-1,True
57101474960809,1201-2,True
57101508193831,214-1,True
57101508288957,1201-1,True
57101508288957,1201-2,True
57101541521304,214-1,True
57101541617104,1201-1,True
57101541617104,1201-2,True
57101574882323,214-1,True
57101574977286,1201-1,True
57101574977286,1201-2,True
57101608209750,214-1,True
57101608305374,1201-1,True
57101608305374,1201-2,True
57101641536928,214-1,True
57101641633231,1201-1,True
57101641633231,1201-2,True
57101674865020,214-1,True
57101674961983,1201-1,True
57101674961983,1201-2,True
57101708192504,214-1,True
57101708290180,1201-1,True
57101708290180,1201-2,True
57101741520062,214-1,True
57101741618400,1201-1,True
57101741618400,1201-2,True
57101774851245,214-1,True
57101774946496,1201-1,True
57101774946496,1201-2,True
57101808212050,214-1,True
57101808306675,1201-1,True
57101808306675,1201-2,True
57101841540754,214-1,True
57101841634880,1201-1,True
57101841634880,1201-2,True
57101874870620,214-1,True
57101874963084,1201-1,True
57101874963084,1201-2,True
57101908204164,214-1,True
57101908291252,1201-1,True
57101908291252,1201-2,True
57101941525115,214-1,True
57101941619366,1201-1,True
57101941619366,1201-2,True
57101974852486,214-1,True
57101974947612,1201-1,True
57101974947612,1201-2,True
57102008216996,214-1,True
57102008307747,1201-1,True
57102008307747,1201-2,True
57102041537759,214-1,True
57102041635884,1201-1,True
57102041635884,1201-2,True
57102074867521,214-1,True
57102074964021,1201-1,True
57102074964021,1201-2,True
57102108239429,214-1,True
57102108292142,1201-1,True
57102108292142,1201-2,True
57102141526723,214-1,True
57102141620312,1201-1,True
57102141620312,1201-2,True
57102174862851,214-1,True
57102174948690,1201-1,True
57102174948690,1201-2,True
57102208217333,214-1,True
57102208308834,1201-1,True
57102208308834,1201-2,True
57102241541996,214-1,True
57102241637121,1201-1,True
57102241637121,1201-2,True
57102274874283,214-1,True
57102274965409,1201-1,True
57102274965409,1201-2,True
57102308201630,214-1,True
57102308293630,1201-1,True
57102308293630,1201-2,True
57102341531147,214-1,True
57102341621697,1201-1,True
57102341621697,1201-2,True
57102374859649,214-1,True
57102374949899,1201-1,True
57102374949899,1201-2,True
57102408211621,214-1,True
57102408310084,1201-1,True
57102408310084,1201-2,True
57102441551219,214-1,True
57102441638269,1201-1,True
57102441638269,1201-2,True
57102474873241,214-1,True
57102474966454,1201-1,True
57102474966454,1201-2,True
57102508198925,214-1,True
57102508294639,1201-1,True
57102508294639,1201-2,True
57102541564449,214-1,True
57102541654824,1201-1,True
57102541654824,1201-2,True
57102574889170,214-1,True
57102574983009,1201-1,True
57102574983009,1201-2,True
57102608307019,214-1,True
57102608343194,1201-1,True
57102608343194,1201-2,True
57102641597089,214-1,True
57102641671389,1201-1,True
57102641671389,1201-2,True
57102674904651,214-1,True
57102674999615,1201-1,True
57102674999615,1201-2,True
57102708234540,214-1,True
57102708327841,1201-1,True
57102708327841,1201-2,True
57102741564441,214-1,True
57102741656067,1201-1,True
57102741656067,1201-2,True
57102774895742,214-1,True
57102774984293,1201-1,True
57102774984293,1201-2,True
57102808223227,214-1,True
57102808312477,1201-1,True
57102808312477,1201-2,True
57102841550645,214-1,True
57102841640570,1201-1,True
57102841640570,1201-2,True
57102874878182,214-1,True
57102874968770,1201-1,True
57102874968770,1201-2,True
57102908205720,214-1,True
57102908296970,1201-1,True
57102908296970,1201-2,True
57102941533216,214-1,True
57102941625141,1201-1,True
57102941625141,1201-2,True
57102974864374,214-1,True
57102974953249,1201-1,True
57102974953249,1201-2,True
57103008191889,214-1,True
57103008281439,1201-1,True
57103008281439,1201-2,True
57103041552659,214-1,True
57103041641370,1201-1,True
57103041641370,1201-2,True
57103074898073,214-1,True
57103074968824,1201-1,True
57103074968824,1201-2,True
57103108207311,214-1,True
57103108297362,1201-1,True
57103108297362,1201-2,True
57103141535185,214-1,True
57103141625900,1201-1,True
57103141625900,1201-2,True
57103174863004,214-1,True
57103174954380,1201-1,True
57103174954380,1201-2,True
57103208190579,214-1,True
57103208282667,1201-1,True
57103208282667,1201-2,True
57103241551656,214-1,True
57103241642869,1201-1,True
57103241642869,1201-2,True
57103274879157,214-1,True
57103274971083,1201-1,True
57103274971083,1201-2,True
57103308210588,214-1,True
57103308299426,1201-1,True
57103308299426,1201-2,True
57103341537972,214-1,True
57103341627522,1201-1,True
57103341627522,1201-2,True
57103374865397,214-1,True
57103374955611,1201-1,True
57103374955611,1201-2,True
57103408192916,214-1,True
57103408283792,1201-1,True
57103408283792,1201-2,True
57103441520423,214-1,True
57103441611973,1201-1,True
57103441611973,1201-2,True
57103474851654,214-1,True
57103474940155,1201-1,True
57103474940155,1201-2,True
57103508179160,214-1,True
57103508268336,1201-1,True
57103508268336,1201-2,True
57103541555092,214-1,True
57103541644517,1201-1,True
57103541644517,1201-2,True
57103574876465,214-1,True
57103574972425,1201-1,True
57103574972425,1201-2,True
57103608188549,214-1,True
57103608299851,1201-1,True
57103608299851,1201-2,True
57103641532592,214-1,True
57103641628306,1201-1,True
57103641628306,1201-2,True
57103674869423,214-1,True
57103674956762,1201-1,True
57103674956762,1201-2,True
57103708186253,214-1,True
57103708285218,1201-1,True
57103708285218,1201-2,True
57103741553997,214-1,True
57103741645674,1201-1,True
57103741645674,1201-2,True
57103774883308,214-1,True
57103774974058,1201-1,True
57103774974058,1201-2,True
57103808207304,214-1,True
57103808302229,1201-1,True
57103808302229,1201-2,True
57103841536187,214-1,True
57103841630400,1201-1,True
57103841630400,1201-2,True
57103874866202,214-1,True
57103874958540,1201-1,True
57103874958540,1201-2,True
57103908193626,214-1,True
57103908286626,1201-1,True
57103908286626,1201-2,True
57103941524751,214-1,True
57103941614713,1201-1,True
57103941614713,1201-2,True
57103974881732,214-1,True
57103974974571,1201-1,True
57103974974571,1201-2,True
57104008213041,214-1,True
57104008302842,1201-1,True
57104008302842,1201-2,True
57104041541612,214-1,True
57104041631113,1201-1,True
57104041631113,1201-2,True
57104074869208,214-1,True
57104074959383,1201-1,True
57104074959383,1201-2,True
57104108196815,214-1,True
57104108287654,1201-1,True
57104108287654,1201-2,True
57104141572359,214-1,True
57104141615909,1201-1,True
57104141615909,1201-2,True
57104174876186,214-1,True
57104174976111,1201-1,True
57104174976111,1201-2,True
57104208212345,214-1,True
57104208304309,1201-1,True
57104208304309,1201-2,True
57104241542046,214-1,True
57104241632546,1201-1,True
57104241632546,1201-2,True
57104274865858,214-1,True
57104274960784,1201-1,True
57104274960784,1201-2,True
57104308199683,214-1,True
57104308288983,1201-1,True
57104308288983,1201-2,True
57104341527127,214-1,True
57104341617091,1201-1,True
57104341617091,1201-2,True
57104374882811,214-1,True
57104374977275,1201-1,True
57104374977275,1201-2,True
57104408215210,214-1,True
57104408305460,1201-1,True
57104408305460,1201-2,True
57104441533895,214-1,True
57104441633645,1201-1,True
57104441633645,1201-2,True
57104474870030,214-1,True
57104474961831,1201-1,True
57104474961831,1201-2,True
57104508197552,214-1,True
57104508290016,1201-1,True
57104508290016,1201-2,True
57104541528776,214-1,True
57104541618201,1201-1,True
57104541618201,1201-2,True
57104574856292,214-1,True
57104574946380,1201-1,True
57104574946380,1201-2,True
57104608217320,214-1,True
57104608306571,1201-1,True
57104608306571,1201-2,True
57104641544933,214-1,True
57104641634859,1201-1,True
57104641634859,1201-2,True
57104674872558,214-1,True
57104674963146,1201-1,True
57104674963146,1201-2,True
57104708200130,214-1,True
57104708291380,1201-1,True
57104708291380,1201-2,True
57104741527556,214-1,True
57104741619481,1201-1,True
57104741619481,1201-2,True
57104774855101,214-1,True
57104774947690,1201-1,True
57104774947690,1201-2,True
57104808216159,214-1,True
57104808307910,1201-1,True
57104808307910,1201-2,True
57104841543626,214-1,True
57104841636051,1201-1,True
57104841636051,1201-2,True
57104874874818,214-1,True
57104874964193,1201-1,True
57104874964193,1201-2,True
57104908236760,214-1,True
57104908292348,1201-1,True
57104908292348,1201-2,True
57104941523306,214-1,True
57104941620519,1201-1,True
57104941620519,1201-2,True
57104974860554,214-1,True
57104974948642,1201-1,True
57104974948642,1201-2,True
57105008213714,214-1,True
57105008308839,1201-1,True
57105008308839,1201-2,True
57105041542159,214-1,True
57105041636997,1201-1,True
57105041636997,1201-2,True
57105074868655,214-1,True
57105074965156,1201-1,True
57105074965156,1201-2,True
57105108241764,214-1,True
57105108293314,1201-1,True
57105108293314,1201-2,True
57105141535368,214-1,True
57105141621494,1201-1,True
57105141621494,1201-2,True
57105174859004,214-1,True
57105174949755,1201-1,True
57105174949755,1201-2,True
57105208221088,214-1,True
57105208310052,1201-1,True
57105208310052,1201-2,True
57105241545888,214-1,True
57105241638263,1201-1,True
57105241638263,1201-2,True
57105274874538,214-1,True
57105274966414,1201-1,True
57105274966414,1201-2,True
57105308202201,214-1,True
57105308294752,1201-1,True
57105308294752,1201-2,True
57105341532016,214-1,True
57105341622891,1201-1,True
57105341622891,1201-2,True
57105374851791,214-1,True
57105374951004,1201-1,True
57105374951004,1201-2,True
57105408223994,214-1,True
57105408279208,1201-1,True
57105408279208,1201-2,True
57105441548786,214-1,True
57105441607411,1201-1,True
57105441607411,1201-2,True
57105474878652,214-1,True
57105474935615,1201-1,True
57105474935615,1201-2,True
57105508237143,214-1,True
57105508263818,1201-1,True
57105508263818,1201-2,True
57105541529772,214-1,True
57105541640022,1201-1,True
57105541640022,1201-2,True
57105574858475,214-1,True
57105574968226,1201-1,True
57105574968226,1201-2,True
57105608219504,214-1,True
57105608296430,1201-1,True
57105608296430,1201-2,True
57105641547021,214-1,True
57105641624609,1201-1,True
57105641624609,1201-2,True
57105674874510,214-1,True
57105674952761,1201-1,True
57105674952761,1201-2,True
57105708206422,214-1,True
57105708281011,1201-1,True
57105708281011,1201-2,True
57105741528068,214-1,True
57105741641157,1201-1,True
57105741641157,1201-2,True
57105774858714,214-1,True
57105774969302,1201-1,True
57105774969302,1201-2,True
57105808223323,214-1,True
57105808297448,1201-1,True
57105808297448,1201-2,True
57105841546140,214-1,True
57105841625604,1201-1,True
57105841625604,1201-2,True
57105874874489,214-1,True
57105874953790,1201-1,True
57105874953790,1201-2,True
57105908237725,214-1,True
57105908329976,1201-1,True
57105908329976,1201-2,True
57105941563536,214-1,True
57105941658162,1201-1,True
57105941658162,1201-2,True
57105974893847,214-1,True
57105974986348,1201-1,True
57105974986348,1201-2,True
57106008223348,214-1,True
57106008314524,1201-1,True
57106008314524,1201-2,True
57106041547340,214-1,True
57106041642678,1201-1,True
57106041642678,1201-2,True
57106074878986,214-1,True
57106074970862,1201-1,True
57106074970862,1201-2,True
57106108210831,214-1,True
57106108299045,1201-1,True
57106108299045,1201-2,True
57106141535987,214-1,True
57106141627200,1201-1,True
57106141627200,1201-2,True
57106174856192,214-1,True
57106174955318,1201-1,True
57106174955318,1201-2,True
57106208186747,214-1,True
57106208283586,1201-1,True
57106208283586,1201-2,True
57106241553033,214-1,True
57106241643909,1201-1,True
57106241643909,1201-2,True
57106274878364,214-1,True
57106274972239,1201-1,True
57106274972239,1201-2,True
57106308205997,214-1,True
57106308300335,1201-1,True
57106308300335,1201-2,True
57106341533431,214-1,True
57106341628431,1201-1,True
57106341628431,1201-2,True
57106374865998,214-1,True
57106374956549,1201-1,True
57106374956549,1201-2,True
57106408185104,214-1,True
57106408284730,1201-1,True
57106408284730,1201-2,True
57106441521410,214-1,True
57106441612911,1201-1,True
57106441612911,1201-2,True
57106474848916,214-1,True
57106474941092,1201-1,True
57106474941092,1201-2,True
57106508180148,214-1,True
57106508269273,1201-1,True
57106508269273,1201-2,True
57106541556079,214-1,True
57106541629454,1201-1,True
57106541629454,1201-2,True
57106574883583,214-1,True
57106574957633,1201-1,True
57106574957633,1201-2,True
57106608211122,214-1,True
57106608285836,1201-1,True
57106608285836,1201-2,True
57106641538777,214-1,True
57106641614153,1201-1,True
57106641614153,1201-2,True
57106674866385,214-1,True
57106674974474,1201-1,True
57106674974474,1201-2,True
57106708197607,214-1,True
57106708302607,1201-1,True
57106708302607,1201-2,True
57106741554865,214-1,True
57106741630740,1201-1,True
57106741630740,1201-2,True
57106774882335,214-1,True
57106774958924,1201-1,True
57106774958924,1201-2,True
57106808213701,214-1,True
57106808287201,1201-1,True
57106808287201,1201-2,True
57106841541107,214-1,True
57106841615320,1201-1,True
57106841615320,1201-2,True
57106874868596,214-1,True
57106874975471,1201-1,True
57106874975471,1201-2,True
57106908196072,214-1,True
57106908303622,1201-1,True
57106908303622,1201-2,True
57106941557060,214-1,True
57106941631773,1201-1,True
57106941631773,1201-2,True
57106974884549,214-1,True
57106974959924,1201-1,True
57106974959924,1201-2,True
57107008212054,214-1,True
57107008288105,1201-1,True
57107008288105,1201-2,True
57107041543346,214-1,True
57107041616347,1201-1,True
57107041616347,1201-2,True
57107074870848,214-1,True
57107074976524,1201-1,True
57107074976524,1201-2,True
57107108198408,214-1,True
57107108304746,1201-1,True
57107108304746,1201-2,True
57107141525933,214-1,True
57107141632934,1201-1,True
57107141632934,1201-2,True
57107174886946,214-1,True
57107174961122,1201-1,True
57107174961122,1201-2,True
57107208214470,214-1,True
57107208289308,1201-1,True
57107208289308,1201-2,True
57107241538028,214-1,True
57107241617491,1201-1,True
57107241617491,1201-2,True
57107274864168,214-1,True
57107274945668,1201-1,True
57107274945668,1201-2,True
57107308197486,214-1,True
57107308305609,1201-1,True
57107308305609,1201-2,True
57107341519018,214-1,True
57107341633144,1201-1,True
57107341633144,1201-2,True
57107374893476,214-1,True
57107374961440,1201-1,True
57107374961440,1201-2,True
57107408214397,214-1,True
57107408289736,1201-1,True
57107408289736,1201-2,True
57107441534156,214-1,True
57107441618032,1201-1,True
57107441618032,1201-2,True
57107474866652,214-1,True
57107474946327,1201-1,True
57107474946327,1201-2,True
57107508200535,214-1,True
57107508274623,1201-1,True
57107508274623,1201-2,True
57107541517955,214-1,True
57107541634919,1201-1,True
57107541634919,1201-2,True
57107574891465,214-1,True
57107574963215,1201-1,True
57107574963215,1201-2,True
57107608209045,214-1,True
57107608291471,1201-1,True
57107608291471,1201-2,True
57107641540274,214-1,True
57107641619650,1201-1,True
57107641619650,1201-2,True
57107674867880,214-1,True
57107674947930,1201-1,True
57107674947930,1201-2,True
57107708195344,214-1,True
57107708308094,1201-1,True
57107708308094,1201-2,True
57107741522848,214-1,True
57107741636274,1201-1,True
57107741636274,1201-2,True
57107774883902,214-1,True
57107774964453,1201-1,True
57107774964453,1201-2,True
57107808215563,214-1,True
57107808292652,1201-1,True
57107808292652,1201-2,True
57107841541962,214-1,True
57107841620888,1201-1,True
57107841620888,1201-2,True
57107874867104,214-1,True
57107874949067,1201-1,True
57107874949067,1201-2,True
57107908201136,214-1,True
57107908309262,1201-1,True
57107908309262,1201-2,True
57107941529986,214-1,True
57107941637412,1201-1,True
57107941637412,1201-2,True
57107974891187,214-1,True
57107974965562,1201-1,True
57107974965562,1201-2,True
57108008223942,214-1,True
57108008293692,1201-1,True
57108008293692,1201-2,True
57108041539056,214-1,True
57108041621806,1201-1,True
57108041621806,1201-2,True
57108074875436,214-1,True
57108074950024,1201-1,True
57108074950024,1201-2,True
57108108170798,214-1,True
57108108310173,1201-1,True
57108108310173,1201-2,True
57108141524316,214-1,True
57108141638316,1201-1,True
57108141638316,1201-2,True
57108174855450,214-1,True
57108174966415,1201-1,True
57108174966415,1201-2,True
57108208216109,214-1,True
57108208294860,1201-1,True
57108208294860,1201-2,True
57108241540844,214-1,True
57108241623219,1201-1,True
57108241623219,1201-2,True
57108274873905,214-1,True
57108274951330,1201-1,True
57108274951330,1201-2,True
57108308198961,214-1,True
57108308279461,1201-1,True
57108308279461,1201-2,True
57108341523121,214-1,True
57108341639547,1201-1,True
57108341639547,1201-2,True
57108374852165,214-1,True
57108374967754,1201-1,True
57108374967754,1201-2,True
57108408216336,214-1,True
57108408295961,1201-1,True
57108408295961,1201-2,True
57108441542867,214-1,True
57108441624168,1201-1,True
57108441624168,1201-2,True
57108474870411,214-1,True
57108474952375,1201-1,True
57108474952375,1201-2,True
57108508201118,214-1,True
57108508280582,1201-1,True
57108508280582,1201-2,True
57108541533988,214-1,True
57108541640789,1201-1,True
57108541640789,1201-2,True
57108574857570,214-1,True
57108574968996,1201-1,True
57108574968996,1201-2,True
57108608222778,214-1,True
57108608297203,1201-1,True
57108608297203,1201-2,True
57108641550322,214-1,True
57108641625410,1201-1,True
57108641625410,1201-2,True
57108674880933,214-1,True
57108674953608,1201-1,True
57108674953608,1201-2,True
57108708199571,214-1,True
57108708281746,1201-1,True
57108708281746,1201-2,True
57108741532771,214-1,True
57108741641772,1201-1,True
57108741641772,1201-2,True
57108774862025,214-1,True
57108774969775,1201-1,True
57108774969775,1201-2,True
57108808212654,214-1,True
57108808297780,1201-1,True
57108808297780,1201-2,True
57108841552285,214-1,True
57108841625962,1201-1,True
57108841625962,1201-2,True
57108874878612,214-1,True
57108874954537,1201-1,True
57108874954537,1201-2,True
57108908209638,214-1,True
57108908282726,1201-1,True
57108908282726,1201-2,True
57108941533329,214-1,True
57108941643004,1201-1,True
57108941643004,1201-2,True
57108974859132,214-1,True
57108974971096,1201-1,True
57108974971096,1201-2,True
57109008195883,214-1,True
57109008299308,1201-1,True
57109008299308,1201-2,True
57109041542905,214-1,True
57109041627406,1201-1,True
57109041627406,1201-2,True
57109074872599,214-1,True
57109074955649,1201-1,True
57109074955649,1201-2,True
57109108201214,214-1,True
57109108283764,1201-1,True
57109108283764,1201-2,True
57109141533681,214-1,True
57109141643982,1201-1,True
57109141643982,1201-2,True
57109174858280,214-1,True
57109174972028,1201-1,True
57109174972028,1201-2,True
57109208185306,214-1,True
57109208299733,1201-1,True
57109208299733,1201-2,True
57109241555252,214-1,True
57109241628216,1201-1,True
57109241628216,1201-2,True
57109274884235,214-1,True
57109274956699,1201-1,True
57109274956699,1201-2,True
57109308211952,214-1,True
57109308285077,1201-1,True
57109308285077,1201-2,True
57109341543078,214-1,True
57109341613166,1201-1,True
57109341613166,1201-2,True
57109374870600,214-1,True
57109374973351,1201-1,True
57109374973351,1201-2,True
57109408198115,214-1,True
57109408301540,1201-1,True
57109408301540,1201-2,True
57109441525641,214-1,True
57109441629730,1201-1,True
57109441629730,1201-2,True
57109474853119,214-1,True
57109474957919,1201-1,True
57109474957919,1201-2,True
57109508180645,214-1,True
57109508286109,1201-1,True
57109508286109,1201-2,True
57109541541710,214-1,True
57109541614298,1201-1,True
57109541614298,1201-2,True
57109574869191,214-1,True
57109574974491,1201-1,True
57109574974491,1201-2,True
57109608200482,214-1,True
57109608302696,1201-1,True
57109608302696,1201-2,True
57109641557775,214-1,True
57109641630900,1201-1,True
57109641630900,1201-2,True
57109674889077,214-1,True
57109674959127,1201-1,True
57109674959127,1201-2,True
57109708210172,214-1,True
57109708287386,1201-1,True
57109708287386,1201-2,True
57109741533909,214-1,True
57109741615535,1201-1,True
57109741615535,1201-2,True
57109774870015,214-1,True
57109774975690,1201-1,True
57109774975690,1201-2,True
57109808189838,214-1,True
57109808303839,1201-1,True
57109808303839,1201-2,True
57109841553399,214-1,True
57109841631987,1201-1,True
57109841631987,1201-2,True
57109874878085,214-1,True
57109874960136,1201-1,True
57109874960136,1201-2,True
57109908204196,214-1,True
57109908288284,1201-1,True
57109908288284,1201-2,True
57109941535397,214-1,True
57109941616447,1201-1,True
57109941616447,1201-2,True
57109974865286,214-1,True
57109974976662,1201-1,True
57109974976662,1201-2,True
57110008192825,214-1,True
57110008304876,1201-1,True
57110008304876,1201-2,True
57110041527779,214-1,True
57110041633030,1201-1,True
57110041633030,1201-2,True
57110074881308,214-1,True
57110074961184,1201-1,True
57110074961184,1201-2,True
57110108208819,214-1,True
57110108289370,1201-1,True
57110108289370,1201-2,True
57110141536408,214-1,True
57110141617622,1201-1,True
57110141617622,1201-2,True
57110174863902,214-1,True
57110174945777,1201-1,True
57110174945777,1201-2,True
57110208194821,214-1,True
57110208305656,1201-1,True
57110208305656,1201-2,True
57110241523176,214-1,True
57110241633103,1201-1,True
57110241633103,1201-2,True
57110274884597,214-1,True
57110274961686,1201-1,True
57110274961686,1201-2,True
57110308212518,214-1,True
57110308290269,1201-1,True
57110308290269,1201-2,True
57110341540325,214-1,True
57110341618750,1201-1,True
57110341618750,1201-2,True
57110374867835,214-1,True
57110374946924,1201-1,True
57110374946924,1201-2,True
57110408195304,214-1,True
57110408307105,1201-1,True
57110408307105,1201-2,True
57110441522822,214-1,True
57110441635286,1201-1,True
57110441635286,1201-2,True
57110474854042,214-1,True
57110474963467,1201-1,True
57110474963467,1201-2,True
57110508181560,214-1,True
57110508291648,1201-1,True
57110508291648,1201-2,True
57110541542616,214-1,True
57110541619829,1201-1,True
57110541619829,1201-2,True
57110574870083,214-1,True
57110574948008,1201-1,True
57110574948008,1201-2,True
57110608197610,214-1,True
57110608308199,1201-1,True
57110608308199,1201-2,True
57110641525194,214-1,True
57110641636444,1201-1,True
57110641636444,1201-2,True
57110674886264,214-1,True
57110674964690,1201-1,True
57110674964690,1201-2,True
57110708213816,214-1,True
57110708292905,1201-1,True
57110708292905,1201-2,True
57110741541309,214-1,True
57110741621060,1201-1,True
57110741621060,1201-2,True
57110774868883,214-1,True
57110774949308,1201-1,True
57110774949308,1201-2,True
57110808200126,214-1,True
57110808309502,1201-1,True
57110808309502,1201-2,True
57110841527559,214-1,True
57110841637610,1201-1,True
57110841637610,1201-2,True
57110874888505,214-1,True
57110874965718,1201-1,True
57110874965718,1201-2,True
57110908216004,214-1,True
57110908293879,1201-1,True
57110908293879,1201-2,True
57110941543585,214-1,True
57110941622135,1201-1,True
57110941622135,1201-2,True
57110974871014,214-1,True
57110974950227,1201-1,True
57110974950227,1201-2,True
57111008198538,214-1,True
57111008310414,1201-1,True
57111008310414,1201-2,True
57111041527519,214-1,True
57111041638482,1201-1,True
57111041638482,1201-2,True
57111074861079,214-1,True
57111074966455,1201-1,True
57111074966455,1201-2,True
57111108220017,214-1,True
57111108294892,1201-1,True
57111108294892,1201-2,True
57111141544083,214-1,True
57111141623134,1201-1,True
57111141623134,1201-2,True
57111174871676,214-1,True
57111174951427,1201-1,True
57111174951427,1201-2,True
57111208199441,214-1,True
57111208279655,1201-1,True
57111208279655,1201-2,True
57111241526952,214-1,True
57111241639827,1201-1,True
57111241639827,1201-2,True
57111274854456,214-1,True
57111274968006,1201-1,True
57111274968006,1201-2,True
57111308215472,214-1,True
57111308296186,1201-1,True
57111308296186,1201-2,True
57111341542978,214-1,True
57111341624354,1201-1,True
57111341624354,1201-2,True
57111374870452,214-1,True
57111374952503,1201-1,True
57111374952503,1201-2,True
57111408201701,214-1,True
57111408280702,1201-1,True
57111408280702,1201-2,True
57111441529225,214-1,True
57111441608901,1201-1,True
57111441608901,1201-2,True
57111474856761,214-1,True
57111474937100,1201-1,True
57111474937100,1201-2,True
57111508184298,214-1,True
57111508265299,1201-1,True
57111508265299,1201-2,True
57111541545323,214-1,True
57111541641498,1201-1,True
57111541641498,1201-2,True
57111574872858,214-1,True
57111574969697,1201-1,True
57111574969697,1201-2,True
57111608204520,214-1,True
57111608297896,1201-1,True
57111608297896,1201-2,True
57111641535772,214-1,True
57111641626111,1201-1,True
57111641626111,1201-2,True
57111674859659,214-1,True
57111674954373,1201-1,True
57111674954373,1201-2,True
57111708217047,214-1,True
57111708314636,1201-1,True
57111708314636,1201-2,True
57111741552015,214-1,True
57111741642853,1201-1,True
57111741642853,1201-2,True
57111774875723,214-1,True
57111774970937,1201-1,True
57111774970937,1201-2,True
57111808203145,214-1,True
57111808299020,1201-1,True
57111808299020,1201-2,True
57111841533564,214-1,True
57111841627153,1201-1,True
57111841627153,1201-2,True
57111874862292,214-1,True
57111874955380,1201-1,True
57111874955380,1201-2,True
57111908190444,214-1,True
57111908283444,1201-1,True
57111908283444,1201-2,True
57111941547648,214-1,True
57111941643524,1201-1,True
57111941643524,1201-2,True
57111974878765,214-1,True
57111974971603,1201-1,True
57111974971603,1201-2,True
57112008205318,214-1,True
57112008299783,1201-1,True
57112008299783,1201-2,True
57112041533072,214-1,True
57112041628197,1201-1,True
57112041628197,1201-2,True
57112074860611,214-1,True
57112074956412,1201-1,True
57112074956412,1201-2,True
57112108188157,214-1,True
57112108284621,1201-1,True
57112108284621,1201-2,True
57112141515622,214-1,True
57112141612747,1201-1,True
57112141612747,1201-2,True
57112174876592,214-1,True
57112174972893,1201-1,True
57112174972893,1201-2,True
57112208209475,214-1,True
57112208301151,1201-1,True
57112208301151,1201-2,True
57112241540784,214-1,True
57112241629409,1201-1,True
57112241629409,1201-2,True
57112274868354,214-1,True
57112274957655,1201-1,True
57112274957655,1201-2,True
57112308195897,214-1,True
57112308285861,1201-1,True
57112308285861,1201-2,True
57112341594192,214-1,True
57112341678068,1201-1,True
57112341678068,1201-2,True
57112374955224,214-1,True
57112375006274,1201-1,True
57112375006274,1201-2,True
57112408245517,214-1,True
57112408334480,1201-1,True
57112408334480,1201-2,True
57112441573061,214-1,True
57112441662686,1201-1,True
57112441662686,1201-2,True
57112474900592,214-1,True
57112474990893,1201-1,True
57112474990893,1201-2,True
57112508228135,214-1,True
57112508319099,1201-1,True
57112508319099,1201-2,True
57112541555679,214-1,True
57112541647305,1201-1,True
57112541647305,1201-2,True
57112574886923,214-1,True
57112574975511,1201-1,True
57112574975511,1201-2,True
57112608206042,214-1,True
57112608303717,1201-1,True
57112608303717,1201-2,True
57112641536123,214-1,True
57112641631924,1201-1,True
57112641631924,1201-2,True
57112674863596,214-1,True
57112674960059,1201-1,True
57112674960059,1201-2,True
57112708190907,214-1,True
57112708288033,1201-1,True
57112708288033,1201-2,True
57112741518381,214-1,True
57112741616181,1201-1,True
57112741616181,1201-2,True
57112774879435,214-1,True
57112774976399,1201-1,True
57112774976399,1201-2,True
57112808207060,214-1,True
57112808304686,1201-1,True
57112808304686,1201-2,True
57112841538306,214-1,True
57112841632894,1201-1,True
57112841632894,1201-2,True
57112874884299,214-1,True
57112874960924,1201-1,True
57112874960924,1201-2,True
57112908193153,214-1,True
57112908289077,1201-1,True
57112908289077,1201-2,True
57112941520448,214-1,True
57112941617037,1201-1,True
57112941617037,1201-2,True
57112974881736,214-1,True
57112974977486,1201-1,True
57112974977486,1201-2,True
57113008208988,214-1,True
57113008305411,1201-1,True
57113008305411,1201-2,True
57113041535928,214-1,True
57113041633054,1201-1,True
57113041633054,1201-2,True
57113074863486,214-1,True
57113074961287,1201-1,True
57113074961287,1201-2,True
57113108194769,214-1,True
57113108289520,1201-1,True
57113108289520,1201-2,True
57113141522328,214-1,True
57113141617753,1201-1,True
57113141617753,1201-2,True
57113174883436,214-1,True
57113174977987,1201-1,True
57113174977987,1201-2,True
57113208210970,214-1,True
57113208306220,1201-1,True
57113208306220,1201-2,True
57113241538528,214-1,True
57113241634453,1201-1,True
57113241634453,1201-2,True
57113274924098,214-1,True
57113274962687,1201-1,True
57113274962687,1201-2,True
57113308198119,214-1,True
57113308290920,1201-1,True
57113308290920,1201-2,True
57113341522940,214-1,True
57113341619153,1201-1,True
57113341619153,1201-2,True
57113374886548,214-1,True
57113374979387,1201-1,True
57113374979387,1201-2,True
57113408211319,214-1,True
57113408307620,1201-1,True
57113408307620,1201-2,True
57113441542178,214-1,True
57113441635853,1201-1,True
57113441635853,1201-2,True
57113474870498,214-1,True
57113474964087,1201-1,True
57113474964087,1201-2,True
57113508200394,214-1,True
57113508292320,1201-1,True
57113508292320,1201-2,True
57113541525215,214-1,True
57113541620553,1201-1,True
57113541620553,1201-2,True
57113574857254,214-1,True
57113574948805,1201-1,True
57113574948805,1201-2,True
57113608215623,214-1,True
57113608309086,1201-1,True
57113608309086,1201-2,True
57113641549193,214-1,True
57113641637282,1201-1,True
57113641637282,1201-2,True
57113674870264,214-1,True
57113674965477,1201-1,True
57113674965477,1201-2,True
57113708200122,214-1,True
57113708293673,1201-1,True
57113708293673,1201-2,True
57113741530193,214-1,True
57113741621869,1201-1,True
57113741621869,1201-2,True
57113774857735,214-1,True
57113774950074,1201-1,True
57113774950074,1201-2,True
57113808218792,214-1,True
57113808310292,1201-1,True
57113808310292,1201-2,True
57113841546220,214-1,True
57113841638394,1201-1,True
57113841638394,1201-2,True
57113874873544,214-1,True
57113874966421,1201-1,True
57113874966421,1201-2,True
57113908200461,214-1,True
57113908294761,1201-1,True
57113908294761,1201-2,True
57113941530902,214-1,True
57113941622903,1201-1,True
57113941622903,1201-2,True
57113974861286,214-1,True
57113974951161,1201-1,True
57113974951161,1201-2,True
57114008222713,214-1,True
57114008279339,1201-1,True
57114008279339,1201-2,True
57114041545510,214-1,True
57114041639510,1201-1,True
57114041639510,1201-2,True
57114074878173,214-1,True
57114074967723,1201-1,True
57114074967723,1201-2,True
57114108203347,214-1,True
57114108295936,1201-1,True
57114108295936,1201-2,True
57114141525957,214-1,True
57114141624082,1201-1,True
57114141624082,1201-2,True
57114174853313,214-1,True
57114174952114,1201-1,True
57114174952114,1201-2,True
57114208184651,214-1,True
57114208280402,1201-1,True
57114208280402,1201-2,True
57114241542005,214-1,True
57114241640631,1201-1,True
57114241640631,1201-2,True
57114274873184,214-1,True
57114274968772,1201-1,True
57114274968772,1201-2,True
57114308200664,214-1,True
57114308296914,1201-1,True
57114308296914,1201-2,True
57114341528186,214-1,True
57114341625113,1201-1,True
57114341625113,1201-2,True
57114374855807,214-1,True
57114374953433,1201-1,True
57114374953433,1201-2,True
57114408183303,214-1,True
57114408281604,1201-1,True
57114408281604,1201-2,True
57114441510811,214-1,True
57114441609775,1201-1,True
57114441609775,1201-2,True
57114474842020,214-1,True
57114474937946,1201-1,True
57114474937946,1201-2,True
57114508169528,214-1,True
57114508266116,1201-1,True
57114508266116,1201-2,True
57114541545449,214-1,True
57114541642287,1201-1,True
57114541642287,1201-2,True
57114574872958,214-1,True
57114574970458,1201-1,True
57114574970458,1201-2,True
57114608200454,214-1,True
57114608298629,1201-1,True
57114608298629,1201-2,True
57114641527986,214-1,True
57114641626862,1201-1,True
57114641626862,1201-2,True
57114674859387,214-1,True
57114674955187,1201-1,True
57114674955187,1201-2,True
57114708186813,214-1,True
57114708283277,1201-1,True
57114708283277,1201-2,True
57114741547875,214-1,True
57114741643500,1201-1,True
57114741643500,1201-2,True
57114774875290,214-1,True
57114774971590,1201-1,True
57114774971590,1201-2,True
57114808202691,214-1,True
57114808299692,1201-1,True
57114808299692,1201-2,True
57114841533909,214-1,True
57114841628034,1201-1,True
57114841628034,1201-2,True
57114874866273,214-1,True
57114874956199,1201-1,True
57114874956199,1201-2,True
57114908188766,214-1,True
57114908284480,1201-1,True
57114908284480,1201-2,True
57114941552109,214-1,True
57114941612610,1201-1,True
57114941612610,1201-2,True
57114974891935,214-1,True
57114974972773,1201-1,True
57114974972773,1201-2,True
57115008204327,214-1,True
57115008300952,1201-1,True
57115008300952,1201-2,True
57115041544168,214-1,True
57115041629131,1201-1,True
57115041629131,1201-2,True
57115074862842,214-1,True
57115074957305,1201-1,True
57115074957305,1201-2,True
57115108190320,214-1,True
57115108285445,1201-1,True
57115108285445,1201-2,True
57115141517549,214-1,True
57115141613550,1201-1,True
57115141613550,1201-2,True
57115174876023,214-1,True
57115174973737,1201-1,True
57115174973737,1201-2,True
57115208203381,214-1,True
57115208301970,1201-1,True
57115208301970,1201-2,True
57115241534653,214-1,True
57115241630203,1201-1,True
57115241630203,1201-2,True
57115274860802,214-1,True
57115274958427,1201-1,True
57115274958427,1201-2,True
57115308209306,214-1,True
57115308286645,1201-1,True
57115308286645,1201-2,True
57115341517112,214-1,True
57115341614912,1201-1,True
57115341614912,1201-2,True
57115374878152,214-1,True
57115374975115,1201-1,True
57115374975115,1201-2,True
57115408205638,214-1,True
57115408303263,1201-1,True
57115408303263,1201-2,True
57115441533111,214-1,True
57115441631411,1201-1,True
57115441631411,1201-2,True
57115474860595,214-1,True
57115474959559,1201-1,True
57115474959559,1201-2,True
57115508188081,214-1,True
57115508287707,1201-1,True
57115508287707,1201-2,True
57115541519266,214-1,True
57115541615854,1201-1,True
57115541615854,1201-2,True
57115574876566,214-1,True
57115574976030,1201-1,True
57115574976030,1201-2,True
57115608207852,214-1,True
57115608304277,1201-1,True
57115608304277,1201-2,True
57115641535401,214-1,True
57115641632490,1201-1,True
57115641632490,1201-2,True
57115674862952,214-1,True
57115674960703,1201-1,True
57115674960703,1201-2,True
57115708190504,214-1,True
57115708288930,1201-1,True
57115708288930,1201-2,True
57115741518059,214-1,True
57115741617147,1201-1,True
57115741617147,1201-2,True
57115774878998,214-1,True
57115774977249,1201-1,True
57115774977249,1201-2,True
57115808206372,214-1,True
57115808305296,1201-1,True
57115808305296,1201-2,True
57115841533515,214-1,True
57115841633143,1201-1,True
57115841633143,1201-2,True
57115874865343,214-1,True
57115874961893,1201-1,True
57115874961893,1201-2,True
57115908192811,214-1,True
57115908290024,1201-1,True
57115908290024,1201-2,True
57115941520214,214-1,True
57115941618140,1201-1,True
57115941618140,1201-2,True
57115974847832,214-1,True
57115974946421,1201-1,True
57115974946421,1201-2,True
57116008208800,214-1,True
57116008306551,1201-1,True
57116008306551,1201-2,True
57116041541616,214-1,True
57116041634705,1201-1,True
57116041634705,1201-2,True
57116074869308,214-1,True
57116074962859,1201-1,True
57116074962859,1201-2,True
57116108193063,214-1,True
57116108291026,1201-1,True
57116108291026,1201-2,True
57116141525940,214-1,True
57116141619240,1201-1,True
57116141619240,1201-2,True
57116174853500,214-1,True
57116174947464,1201-1,True
57116174947464,1201-2,True
57116208259194,214-1,True
57116208307657,1201-1,True
57116208307657,1201-2,True
57116241542050,214-1,True
57116241635850,1201-1,True
57116241635850,1201-2,True
57116274869543,214-1,True
57116274964044,1201-1,True
57116274964044,1201-2,True
57116308197062,214-1,True
57116308292237,1201-1,True
57116308292237,1201-2,True
57116341524602,214-1,True
57116341620440,1201-1,True
57116341620440,1201-2,True
57116374858861,214-1,True
57116374948661,1201-1,True
57116374948661,1201-2,True
57116408214756,214-1,True
57116408308845,1201-1,True
57116408308845,1201-2,True
57116441536227,214-1,True
57116441637028,1201-1,True
57116441637028,1201-2,True
57116474867461,214-1,True
57116474965211,1201-1,True
57116474965211,1201-2,True
57116508194019,214-1,True
57116508293394,1201-1,True
57116508293394,1201-2,True
57116541531739,214-1,True
57116541621578,1201-1,True
57116541621578,1201-2,True
57116574858017,214-1,True
57116574949730,1201-1,True
57116574949730,1201-2,True
57116608219247,214-1,True
57116608309873,1201-1,True
57116608309873,1201-2,True
57116641546924,214-1,True
57116641638263,1201-1,True
57116641638263,1201-2,True
57116674874558,214-1,True
57116674966558,1201-1,True
57116674966558,1201-2,True
57116708205695,214-1,True
57116708294658,1201-1,True
57116708294658,1201-2,True
57116741533212,214-1,True
57116741622838,1201-1,True
57116741622838,1201-2,True
57116774860705,214-1,True
57116774951005,1201-1,True
57116774951005,1201-2,True
57116808225432,214-1,True
57116808279145,1201-1,True
57116808279145,1201-2,True
57116841548863,214-1,True
57116841638985,1201-1,True
57116841638985,1201-2,True
57116874875646,214-1,True
57116874966447,1201-1,True
57116874966447,1201-2,True
57116908203512,214-1,True
57116908294977,1201-1,True
57116908294977,1201-2,True
57116941527454,214-1,True
57116941623506,1201-1,True
57116941623506,1201-2,True
57116974858943,214-1,True
57116974951943,1201-1,True
57116974951943,1201-2,True
57117008190173,214-1,True
57117008280099,1201-1,True
57117008280099,1201-2,True
57117041547415,214-1,True
57117041640253,1201-1,True
57117041640253,1201-2,True
57117074878686,214-1,True
57117074968436,1201-1,True
57117074968436,1201-2,True
57117108207781,214-1,True
57117108296620,1201-1,True
57117108296620,1201-2,True
57117141519239,214-1,True
57117141624828,1201-1,True
57117141624828,1201-2,True
57117174864263,214-1,True
57117174953102,1201-1,True
57117174953102,1201-2,True
57117208188366,214-1,True
57117208281367,1201-1,True
57117208281367,1201-2,True
57117241545978,214-1,True
57117241641654,1201-1,True
57117241641654,1201-2,True
57117274873714,214-1,True
57117274969839,1201-1,True
57117274969839,1201-2,True
57117308205149,214-1,True
57117308298024,1201-1,True
57117308298024,1201-2,True
57117341536784,214-1,True
57117341626210,1201-1,True
57117341626210,1201-2,True
57117374895682,214-1,True
57117374986395,1201-1,True
57117374986395,1201-2,True
57117408225992,214-1,True
57117408314581,1201-1,True
57117408314581,1201-2,True
57117441550178,214-1,True
57117441642766,1201-1,True
57117441642766,1201-2,True
57117474879276,214-1,True
57117474970952,1201-1,True
57117474970952,1201-2,True
57117508202136,214-1,True
57117508299137,1201-1,True
57117508299137,1201-2,True
57117541533572,214-1,True
57117541627322,1201-1,True
57117541627322,1201-2,True
57117574858544,214-1,True
57117574955508,1201-1,True
57117574955508,1201-2,True
57117608193730,214-1,True
57117608283693,1201-1,True
57117608283693,1201-2,True
57117641547290,214-1,True
57117641643878,1201-1,True
57117641643878,1201-2,True
57117674883503,214-1,True
57117674971928,1201-1,True
57117674971928,1201-2,True
57117708207258,214-1,True
57117708299848,1201-1,True
57117708299848,1201-2,True
57117741530493,214-1,True
57117741628456,1201-1,True
57117741628456,1201-2,True
57117774865868,214-1,True
57117774956618,1201-1,True
57117774956618,1201-2,True
57117808197217,214-1,True
57117808284717,1201-1,True
57117808284717,1201-2,True
57117841518684,214-1,True
57117841612934,1201-1,True
57117841612934,1201-2,True
57117874873661,214-1,True
57117874973125,1201-1,True
57117874973125,1201-2,True
57117908203674,214-1,True
57117908301262,1201-1,True
57117908301262,1201-2,True
57117941531150,214-1,True
57117941629400,1201-1,True
57117941629400,1201-2,True
57117974858670,214-1,True
57117974957596,1201-1,True
57117974957596,1201-2,True
57118008186267,214-1,True
57118008285892,1201-1,True
57118008285892,1201-2,True
57118041513690,214-1,True
57118041613991,1201-1,True
57118041613991,1201-2,True
57118074875702,214-1,True
57118074974166,1201-1,True
57118074974166,1201-2,True
57118108204352,214-1,True
57118108302316,1201-1,True
57118108302316,1201-2,True
57118141531790,214-1,True
57118141630466,1201-1,True
57118141630466,1201-2,True
57118174863063,214-1,True
57118174958652,1201-1,True
57118174958652,1201-2,True
57118208189066,214-1,True
57118208286942,1201-1,True
57118208286942,1201-2,True
57118241516665,214-1,True
57118241615216,1201-1,True
57118241615216,1201-2,True
57118274877755,214-1,True
57118274975469,1201-1,True
57118274975469,1201-2,True
57118308209954,214-1,True
57118308303629,1201-1,True
57118308303629,1201-2,True
57118341541165,214-1,True
57118341631790,1201-1,True
57118341631790,1201-2,True
57118374864901,214-1,True
57118374959951,1201-1,True
57118374959951,1201-2,True
57118408192399,214-1,True
57118408288112,1201-1,True
57118408288112,1201-2,True
57118441523598,214-1,True
57118441616273,1201-1,True
57118441616273,1201-2,True
57118474851095,214-1,True
57118474944434,1201-1,True
57118474944434,1201-2,True
57118508171881,214-1,True
57118508272595,1201-1,True
57118508272595,1201-2,True
57118541539167,214-1,True
57118541632756,1201-1,True
57118541632756,1201-2,True
57118574869203,214-1,True
57118574960917,1201-1,True
57118574960917,1201-2,True
57118608196747,214-1,True
57118608289123,1201-1,True
57118608289123,1201-2,True
57118641524448,214-1,True
57118641617500,1201-1,True
57118641617500,1201-2,True
57118674889377,214-1,True
57118674945840,1201-1,True
57118674945840,1201-2,True
57118708207382,214-1,True
57118708305593,1201-1,True
57118708305593,1201-2,True
57118741537975,214-1,True
57118741633101,1201-1,True
57118741633101,1201-2,True
57118774864412,214-1,True
57118774961626,1201-1,True
57118774961626,1201-2,True
57118808197350,214-1,True
57118808290151,1201-1,True
57118808290151,1201-2,True
57118841524894,214-1,True
57118841618355,1201-1,True
57118841618355,1201-2,True
57118874851746,214-1,True
57118874945872,1201-1,True
57118874945872,1201-2,True
57118908212947,214-1,True
57118908306248,1201-1,True
57118908306248,1201-2,True
57118941540660,214-1,True
57118941634624,1201-1,True
57118941634624,1201-2,True
57118974868373,214-1,True
57118974962999,1201-1,True
57118974962999,1201-2,True
57119008199374,214-1,True
57119008291375,1201-1,True
57119008291375,1201-2,True
57119041523077,214-1,True
57119041619703,1201-1,True
57119041619703,1201-2,True
57119074870340,214-1,True
57119074947840,1201-1,True
57119074947840,1201-2,True
57119108213335,214-1,True
57119108307885,1201-1,True
57119108307885,1201-2,True
57119141538327,214-1,True
57119141636078,1201-1,True
57119141636078,1201-2,True
57119174868181,214-1,True
57119174964270,1201-1,True
57119174964270,1201-2,True
57119208233912,214-1,True
57119208324462,1201-1,True
57119208324462,1201-2,True
57119241558854,214-1,True
57119241652654,1201-1,True
57119241652654,1201-2,True
57119274885008,214-1,True
57119274980847,1201-1,True
57119274980847,1201-2,True
57119308213488,214-1,True
57119308309039,1201-1,True
57119308309039,1201-2,True
57119341544517,214-1,True
57119341637231,1201-1,True
57119341637231,1201-2,True
57119374880673,214-1,True
57119374965423,1201-1,True
57119374965423,1201-2,True
57119408207990,214-1,True
57119408293615,1201-1,True
57119408293615,1201-2,True
57119441531344,214-1,True
57119441621807,1201-1,True
57119441621807,1201-2,True
57119474850036,214-1,True
57119474950000,1201-1,True
57119474950000,1201-2,True
57119508184766,214-1,True
57119508278192,1201-1,True
57119508278192,1201-2,True
57119541554459,214-1,True
57119541654384,1201-1,True
57119541654384,1201-2,True
57119574886798,214-1,True
57119574982511,1201-1,True
57119574982511,1201-2,True
57119608220102,214-1,True
57119608310440,1201-1,True
57119608310440,1201-2,True
57119641547369,214-1,True
57119641638369,1201-1,True
57119641638369,1201-2,True
57119674874767,214-1,True
57119674966443,1201-1,True
57119674966443,1201-2,True
57119708202616,214-1,True
57119708294956,1201-1,True
57119708294956,1201-2,True
57119741534167,214-1,True
57119741623468,1201-1,True
57119741623468,1201-2,True
57119774861908,214-1,True
57119774951871,1201-1,True
57119774951871,1201-2,True
57119808189391,214-1,True
57119808280017,1201-1,True
57119808280017,1201-2,True
57119841550526,214-1,True
57119841640327,1201-1,True
57119841640327,1201-2,True
57119874877988,214-1,True
57119874968452,1201-1,True
57119874968452,1201-2,True
57119908205451,214-1,True
57119908296577,1201-1,True
57119908296577,1201-2,True
57119941532949,214-1,True
57119941624750,1201-1,True
57119941624750,1201-2,True
57119974860530,214-1,True
57119974953030,1201-1,True
57119974953030,1201-2,True
57120008191745,214-1,True
57120008281170,1201-1,True
57120008281170,1201-2,True
57120041548943,214-1,True
57120041641281,1201-1,True
57120041641281,1201-2,True
57120074880227,214-1,True
57120074969477,1201-1,True
57120074969477,1201-2,True
57120108207748,214-1,True
57120108297673,1201-1,True
57120108297673,1201-2,True
57120141535250,214-1,True
57120141625875,1201-1,True
57120141625875,1201-2,True
57120174862807,214-1,True
57120174954108,1201-1,True
57120174954108,1201-2,True
57120208190413,214-1,True
57120208282377,1201-1,True
57120208282377,1201-2,True
57120241551495,214-1,True
57120241642620,1201-1,True
57120241642620,1201-2,True
57120274879020,214-1,True
57120274970820,1201-1,True
57120274970820,1201-2,True
57120308206720,214-1,True
57120308299020,1201-1,True
57120308299020,1201-2,True
57120341539129,214-1,True
57120341627179,1201-1,True
57120341627179,1201-2,True
57120374863950,214-1,True
57120374955250,1201-1,True
57120374955250,1201-2,True
57120408192437,214-1,True
57120408283438,1201-1,True
57120408283438,1201-2,True
57120441517412,214-1,True
57120441611625,1201-1,True
57120441611625,1201-2,True
57120474846099,214-1,True
57120474939813,1201-1,True
57120474939813,1201-2,True
57120508177125,214-1,True
57120508268000,1201-1,True
57120508268000,1201-2,True
57120541545387,214-1,True
57120541644188,1201-1,True
57120541644188,1201-2,True
57120574880111,214-1,True
57120574972159,1201-1,True
57120574972159,1201-2,True
57120608201979,214-1,True
57120608299780,1201-1,True
57120608299780,1201-2,True
57120641529841,214-1,True
57120641628305,1201-1,True
57120641628305,1201-2,True
57120674858866,214-1,True
57120674956830,1201-1,True
57120674956830,1201-2,True
57120708186573,214-1,True
57120708285248,1201-1,True
57120708285248,1201-2,True
57120741517802,214-1,True
57120741613391,1201-1,True
57120741613391,1201-2,True
57120774875142,214-1,True
57120774973643,1201-1,True
57120774973643,1201-2,True
57120808210501,214-1,True
57120808301801,1201-1,True
57120808301801,1201-2,True
57120841531909,214-1,True
57120841629960,1201-1,True
57120841629960,1201-2,True
57120874862183,214-1,True
57120874958109,1201-1,True
57120874958109,1201-2,True
57120908189841,214-1,True
57120908286267,1201-1,True
57120908286267,1201-2,True
57120941518772,214-1,True
57120941614485,1201-1,True
57120941614485,1201-2,True
57120974886205,214-1,True
57120974974580,1201-1,True
57120974974580,1201-2,True
57121008207075,214-1,True
57121008302789,1201-1,True
57121008302789,1201-2,True
57121041533446,214-1,True
57121041630997,1201-1,True
57121041630997,1201-2,True
57121074868621,214-1,True
57121074959171,1201-1,True
57121074959171,1201-2,True
57121108196023,214-1,True
57121108287273,1201-1,True
57121108287273,1201-2,True
57121141495170,214-1,True
57121141615509,1201-1,True
57121141615509,1201-2,True
57121174878702,214-1,True
57121174975828,1201-1,True
57121174975828,1201-2,True
57121208207601,214-1,True
57121208304026,1201-1,True
57121208304026,1201-2,True
57121241535136,214-1,True
57121241632225,1201-1,True
57121241632225,1201-2,True
57121274866373,214-1,True
57121274960423,1201-1,True
57121274960423,1201-2,True
57121308190158,214-1,True
57121308288621,1201-1,True
57121308288621,1201-2,True
57121341521232,214-1,True
57121341616605,1201-1,True
57121341616605,1201-2,True
57121374877883,214-1,True
57121374976183,1201-1,True
57121374976183,1201-2,True
57121408214578,214-1,True
57121408304504,1201-1,True
57121408304504,1201-2,True
57121441541274,214-1,True
57121441632825,1201-1,True
57121441632825,1201-2,True
57121474870307,214-1,True
57121474961146,1201-1,True
57121474961146,1201-2,True
57121508193503,214-1,True
57121508289467,1201-1,True
57121508289467,1201-2,True
57121541522948,214-1,True
57121541617787,1201-1,True
57121541617787,1201-2,True
57121574880758,214-1,True
57121574946059,1201-1,True
57121574946059,1201-2,True
57121608216289,214-1,True
57121608306215,1201-1,True
57121608306215,1201-2,True
57121641542977,214-1,True
57121641634478,1201-1,True
57121641634478,1201-2,True
57121674865864,214-1,True
57121674962740,1201-1,True
57121674962740,1201-2,True
57121708203645,214-1,True
57121708290983,1201-1,True
57121708290983,1201-2,True
57121741526484,214-1,True
57121741619160,1201-1,True
57121741619160,1201-2,True
57121774855089,214-1,True
57121774947302,1201-1,True
57121774947302,1201-2,True
57121808216077,214-1,True
57121808307415,1201-1,True
57121808307415,1201-2,True
57121841543577,214-1,True
57121841635578,1201-1,True
57121841635578,1201-2,True
57121874871027,214-1,True
57121874963740,1201-1,True
57121874963740,1201-2,True
57121908202285,214-1,True
57121908291911,1201-1,True
57121908291911,1201-2,True
57121941529762,214-1,True
57121941620100,1201-1,True
57121941620100,1201-2,True
57121974857298,214-1,True
57121974948299,1201-1,True
57121974948299,1201-2,True
57122008219129,214-1,True
57122008308554,1201-1,True
57122008308554,1201-2,True
57122041539220,214-1,True
57122041636721,1201-1,True
57122041636721,1201-2,True
57122074870012,214-1,True
57122074964887,1201-1,True
57122074964887,1201-2,True
57122108200773,214-1,True
57122108293073,1201-1,True
57122108293073,1201-2,True
57122141528300,214-1,True
57122141621263,1201-1,True
57122141621263,1201-2,True
57122174859423,214-1,True
57122174949349,1201-1,True
57122174949349,1201-2,True
57122208213666,214-1,True
57122208309630,1201-1,True
57122208309630,1201-2,True
57122241546714,214-1,True
57122241637928,1201-1,True
57122241637928,1201-2,True
57122274874618,214-1,True
57122274966168,1201-1,True
57122274966168,1201-2,True
57122308201485,214-1,True
57122308294111,1201-1,True
57122308294111,1201-2,True
57122341144346,214-1,True
57122341622438,1201-1,True
57122341622438,1201-2,True
57122374852511,214-1,True
57122374950686,1201-1,True
57122374950686,1201-2,True
57122408265033,214-1,True
57122408278871,1201-1,True
57122408278871,1201-2,True
57122441551180,214-1,True
57122441607055,1201-1,True
57122441607055,1201-2,True
57122474874739,214-1,True
57122474935239,1201-1,True
57122474935239,1201-2,True
57122508201836,214-1,True
57122508263424,1201-1,True
57122508263424,1201-2,True
57122541530308,214-1,True
57122541639609,1201-1,True
57122541639609,1201-2,True
57122574863917,214-1,True
57122574967793,1201-1,True
57122574967793,1201-2,True
57122608215889,214-1,True
57122608295977,1201-1,True
57122608295977,1201-2,True
57122641548286,214-1,True
57122641624162,1201-1,True
57122641624162,1201-2,True
57122674909296,214-1,True
57122675000346,1201-1,True
57122675000346,1201-2,True
57122708239155,214-1,True
57122708328531,1201-1,True
57122708328531,1201-2,True
57122741560415,214-1,True
57122741656715,1201-1,True
57122741656715,1201-2,True
57122774887924,214-1,True
57122774984924,1201-1,True
57122774984924,1201-2,True
57122808215474,214-1,True
57122808313149,1201-1,True
57122808313149,1201-2,True
57122841546649,214-1,True
57122841641238,1201-1,True
57122841641238,1201-2,True
57122874874158,214-1,True
57122874969459,1201-1,True
57122874969459,1201-2,True
57122908201716,214-1,True
57122908297680,1201-1,True
57122908297680,1201-2,True
57122941529262,214-1,True
57122941625888,1201-1,True
57122941625888,1201-2,True
57122974858323,214-1,True
57122974954036,1201-1,True
57122974954036,1201-2,True
57123008188325,214-1,True
57123008282164,1201-1,True
57123008282164,1201-2,True
57123041546844,214-1,True
57123041642395,1201-1,True
57123041642395,1201-2,True
57123074874331,214-1,True
57123074970545,1201-1,True
57123074970545,1201-2,True
57123108205519,214-1,True
57123108298695,1201-1,True
57123108298695,1201-2,True
57123141533021,214-1,True
57123141626859,1201-1,True
57123141626859,1201-2,True
57123174860607,214-1,True
57123174955108,1201-1,True
57123174955108,1201-2,True
57123208193548,214-1,True
57123208283424,1201-1,True
57123208283424,1201-2,True
57123241549637,214-1,True
57123241643563,1201-1,True
57123241643563,1201-2,True
57123274875903,214-1,True
57123274971653,1201-1,True
57123274971653,1201-2,True
57123308203368,214-1,True
57123308299795,1201-1,True
57123308299795,1201-2,True
57123341519009,214-1,True
57123341628259,1201-1,True
57123341628259,1201-2,True
57123374866458,214-1,True
57123374956383,1201-1,True
57123374956383,1201-2,True
57123408190253,214-1,True
57123408284554,1201-1,True
57123408284554,1201-2,True
57123441517974,214-1,True
57123441612725,1201-1,True
57123441612725,1201-2,True
57123474846845,214-1,True
57123474940895,1201-1,True
57123474940895,1201-2,True
57123508176891,214-1,True
57123508269066,1201-1,True
57123508269066,1201-2,True
57123541552774,214-1,True
57123541629237,1201-1,True
57123541629237,1201-2,True
57123574884045,214-1,True
57123574957421,1201-1,True
57123574957421,1201-2,True
57123608210798,214-1,True
57123608285636,1201-1,True
57123608285636,1201-2,True
57123641530924,214-1,True
57123641613850,1201-1,True
57123641613850,1201-2,True
57123674867298,214-1,True
57123674974098,1201-1,True
57123674974098,1201-2,True
57123708194814,214-1,True
57123708302277,1201-1,True
57123708302277,1201-2,True
57123741555831,214-1,True
57123741630456,1201-1,True
57123741630456,1201-2,True
57123774883330,214-1,True
57123774958630,1201-1,True
57123774958630,1201-2,True
57123808210887,214-1,True
57123808286851,1201-1,True
57123808286851,1201-2,True
57123841542256,214-1,True
57123841615181,1201-1,True
57123841615181,1201-2,True
57123874869705,214-1,True
57123874975294,1201-1,True
57123874975294,1201-2,True
57123908197206,214-1,True
57123908303456,1201-1,True
57123908303456,1201-2,True
57123941558193,214-1,True
57123941631619,1201-1,True
57123941631619,1201-2,True
57123974889405,214-1,True
57123974959780,1201-1,True
57123974959780,1201-2,True
57124008213173,214-1,True
57124008287923,1201-1,True
57124008287923,1201-2,True
57124041540629,214-1,True
57124041616054,1201-1,True
57124041616054,1201-2,True
57124074871916,214-1,True
57124074976292,1201-1,True
57124074976292,1201-2,True
57124108229279,214-1,True
57124108304529,1201-1,True
57124108304529,1201-2,True
57124141556805,214-1,True
57124141632730,1201-1,True
57124141632730,1201-2,True
57124174887947,214-1,True
57124174960822,1201-1,True
57124174960822,1201-2,True
57124208215363,214-1,True
57124208288914,1201-1,True
57124208288914,1201-2,True
57124241542787,214-1,True
57124241617000,1201-1,True
57124241617000,1201-2,True
57124274870146,214-1,True
57124274977071,1201-1,True
57124274977071,1201-2,True
57124308231092,214-1,True
57124308305142,1201-1,True
57124308305142,1201-2,True
57124341555916,214-1,True
57124341633418,1201-1,True
57124341633418,1201-2,True
57124374883962,214-1,True
57124374962137,1201-1,True
57124374962137,1201-2,True
57124408211487,214-1,True
57124408290326,1201-1,True
57124408290326,1201-2,True
57124441542714,214-1,True
57124441618514,1201-1,True
57124441618514,1201-2,True
57124474870239,214-1,True
57124474946703,1201-1,True
57124474946703,1201-2,True
57124508197765,214-1,True
57124508274891,1201-1,True
57124508274891,1201-2,True
57124541525279,214-1,True
57124541635079,1201-1,True
57124541635079,1201-2,True
57124574886304,214-1,True
57124574963268,1201-1,True
57124574963268,1201-2,True
57124608213831,214-1,True
57124608291456,1201-1,True
57124608291456,1201-2,True
57124641541344,214-1,True
57124641619645,1201-1,True
57124641619645,1201-2,True
57124674872582,214-1,True
57124674979833,1201-1,True
57124674979833,1201-2,True
57124708200099,214-1,True
57124708308024,1201-1,True
57124708308024,1201-2,True
57124741527636,214-1,True
57124741636224,1201-1,True
57124741636224,1201-2,True
57124774888674,214-1,True
57124774964424,1201-1,True
57124774964424,1201-2,True
57124808216196,214-1,True
57124808292621,1201-1,True
57124808292621,1201-2,True
57124841543683,214-1,True
57124841620809,1201-1,True
57124841620809,1201-2,True
57124874871196,214-1,True
57124874980997,1201-1,True
57124874980997,1201-2,True
57124908198722,214-1,True
57124908309185,1201-1,True
57124908309185,1201-2,True
57124941529951,214-1,True
57124941637377,1201-1,True
57124941637377,1201-2,True
57124974887268,214-1,True
57124974965569,1201-1,True
57124974965569,1201-2,True
57125008218477,214-1,True
57125008293727,1201-1,True
57125008293727,1201-2,True
57125041545903,214-1,True
57125041621828,1201-1,True
57125041621828,1201-2,True
57125074873421,214-1,True
57125074950009,1201-1,True
57125074950009,1201-2,True
57125108200832,214-1,True
57125108310083,1201-1,True
57125108310083,1201-2,True
57125141528350,214-1,True
57125141638275,1201-1,True
57125141638275,1201-2,True
57125174855862,214-1,True
57125174966452,1201-1,True
57125174966452,1201-2,True
57125208220811,214-1,True
57125208294861,1201-1,True
57125208294861,1201-2,True
57125241544594,214-1,True
57125241623019,1201-1,True
57125241623019,1201-2,True
57125274875842,214-1,True
57125274951217,1201-1,True
57125274951217,1201-2,True
57125308203388,214-1,True
57125308279439,1201-1,True
57125308279439,1201-2,True
57125341530966,214-1,True
57125341639679,1201-1,True
57125341639679,1201-2,True
57125374861441,214-1,True
57125374967866,1201-1,True
57125374967866,1201-2,True
57125408217590,214-1,True
57125408296053,1201-1,True
57125408296053,1201-2,True
57125441550190,214-1,True
57125441624240,1201-1,True
57125441624240,1201-2,True
57125474876752,214-1,True
57125474952427,1201-1,True
57125474952427,1201-2,True
57125508204489,214-1,True
57125508280614,1201-1,True
57125508280614,1201-2,True
57125541534551,214-1,True
57125541640802,1201-1,True
57125541640802,1201-2,True
57125574857938,214-1,True
57125574968989,1201-1,True
57125574968989,1201-2,True
57125608222875,214-1,True
57125608297176,1201-1,True
57125608297176,1201-2,True
57125641545525,214-1,True
57125641625363,1201-1,True
57125641625363,1201-2,True
57125674876958,214-1,True
57125674953546,1201-1,True
57125674953546,1201-2,True
57125708197229,214-1,True
57125708281729,1201-1,True
57125708281729,1201-2,True
57125741531070,214-1,True
57125741641945,1201-1,True
57125741641945,1201-2,True
57125774853682,214-1,True
57125774970145,1201-1,True
57125774970145,1201-2,True
57125808218670,214-1,True
57125808298345,1201-1,True
57125808298345,1201-2,True
57125841546206,214-1,True
57125841626544,1201-1,True
57125841626544,1201-2,True
57125874877430,214-1,True
57125874954730,1201-1,True
57125874954730,1201-2,True
57125908204910,214-1,True
57125908282873,1201-1,True
57125908282873,1201-2,True
57125941532384,214-1,True
57125941643010,1201-1,True
57125941643010,1201-2,True
57125974859938,214-1,True
57125974971277,1201-1,True
57125974971277,1201-2,True
57126008187508,214-1,True
57126008299508,1201-1,True
57126008299508,1201-2,True
57126041548387,214-1,True
57126041627563,1201-1,True
57126041627563,1201-2,True
57126074875851,214-1,True
57126074955690,1201-1,True
57126074955690,1201-2,True
57126108203388,214-1,True
57126108283888,1201-1,True
57126108283888,1201-2,True
57126141534721,214-1,True
57126141644184,1201-1,True
57126141644184,1201-2,True
57126174861989,214-1,True
57126174972112,1201-1,True
57126174972112,1201-2,True
57126208188977,214-1,True
57126208299779,1201-1,True
57126208299779,1201-2,True
57126241550336,214-1,True
57126241628300,1201-1,True
57126241628300,1201-2,True
57126274878195,214-1,True
57126274956821,1201-1,True
57126274956821,1201-2,True
57126308205927,214-1,True
57126308285227,1201-1,True
57126308285227,1201-2,True
57126341537059,214-1,True
57126341613310,1201-1,True
57126341613310,1201-2,True
57126374860851,214-1,True
57126374973477,1201-1,True
57126374973477,1201-2,True
57126408192082,214-1,True
57126408301670,1201-1,True
57126408301670,1201-2,True
57126441519613,214-1,True
57126441629864,1201-1,True
57126441629864,1201-2,True
57126474847132,214-1,True
57126474958058,1201-1,True
57126474958058,1201-2,True
57126508174626,214-1,True
57126508286251,1201-1,True
57126508286251,1201-2,True
57126541535694,214-1,True
57126541614445,1201-1,True
57126541614445,1201-2,True
57126574863187,214-1,True
57126574974651,1201-1,True
57126574974651,1201-2,True
57126608190767,214-1,True
57126608302892,1201-1,True
57126608302892,1201-2,True
57126641551883,214-1,True
57126641631134,1201-1,True
57126641631134,1201-2,True
57126674879404,214-1,True
57126674959368,1201-1,True
57126674959368,1201-2,True
57126708206920,214-1,True
57126708287545,1201-1,True
57126708287545,1201-2,True
57126741538086,214-1,True
57126741615675,1201-1,True
57126741615675,1201-2,True
57126774865675,214-1,True
57126774975926,1201-1,True
57126774975926,1201-2,True
57126808193191,214-1,True
57126808304117,1201-1,True
57126808304117,1201-2,True
57126841554219,214-1,True
57126841632308,1201-1,True
57126841632308,1201-2,True
57126874881748,214-1,True
57126874960498,1201-1,True
57126874960498,1201-2,True
57126908209264,214-1,True
57126908288689,1201-1,True
57126908288689,1201-2,True
57126941536688,214-1,True
57126941616776,1201-1,True
57126941616776,1201-2,True
57126974867651,214-1,True
57126974976702,1201-1,True
57126974976702,1201-2,True
57127008195282,214-1,True
57127008304995,1201-1,True
57127008304995,1201-2,True
57127041522729,214-1,True
57127041633106,1201-1,True
57127041633106,1201-2,True
57127074887488,214-1,True
57127074961538,1201-1,True
57127074961538,1201-2,True
57127108208816,214-1,True
57127108289779,1201-1,True
57127108289779,1201-2,True
57127141577345,214-1,True
57127141666020,1201-1,True
57127141666020,1201-2,True
57127174904885,214-1,True
57127174994261,1201-1,True
57127174994261,1201-2,True
57127208232451,214-1,True
57127208322502,1201-1,True
57127208322502,1201-2,True
57127241559959,214-1,True
57127241650672,1201-1,True
57127241650672,1201-2,True
57127274887323,214-1,True
57127274978699,1201-1,True
57127274978699,1201-2,True
57127308218584,214-1,True
57127308306923,1201-1,True
57127308306923,1201-2,True
57127341546117,214-1,True
57127341635118,1201-1,True
57127341635118,1201-2,True
57127374873637,214-1,True
57127374963312,1201-1,True
57127374963312,1201-2,True
57127408194668,214-1,True
57127408291507,1201-1,True
57127408291507,1201-2,True
57127441525701,214-1,True
57127441619701,1201-1,True
57127441619701,1201-2,True
57127474856932,214-1,True
57127474947896,1201-1,True
57127474947896,1201-2,True
57127508184252,214-1,True
57127508276090,1201-1,True
57127508276090,1201-2,True
57127541539410,214-1,True
57127541636285,1201-1,True
57127541636285,1201-2,True
57127574870641,214-1,True
57127574964480,1201-1,True
57127574964480,1201-2,True
57127608197961,214-1,True
57127608292674,1201-1,True
57127608292674,1201-2,True
57127641541559,214-1,True
57127641620860,1201-1,True
57127641620860,1201-2,True
57127674854173,214-1,True
57127674949049,1201-1,True
57127674949049,1201-2,True
57127708215247,214-1,True
57127708309298,1201-1,True
57127708309298,1201-2,True
57127741537639,214-1,True
57127741637439,1201-1,True
57127741637439,1201-2,True
57127774865331,214-1,True
57127774965581,1201-1,True
57127774965581,1201-2,True
57127808203022,214-1,True
57127808293736,1201-1,True
57127808293736,1201-2,True
57127841532146,214-1,True
57127841621947,1201-1,True
57127841621947,1201-2,True
57127874856193,214-1,True
57127874950156,1201-1,True
57127874950156,1201-2,True
57127908234756,214-1,True
57127908310219,1201-1,True
57127908310219,1201-2,True
57127941545106,214-1,False
57127941638281,1201-1,False
57127941638281,1201-2,False
57127974844249,214-1,False
57127974966502,1201-1,False
57127974966502,1201-2,False
57128008200937,214-1,False
57128008295025,1201-1,True
57128008295025,1201-2,True
