timecode_ns,devicetime_ns
57003141596769,113703359151124
57003141683894,113703359238249
57003174928010,113703392482161
57003175012099,113703392566249
57003208259249,113703425813199
57003208340299,113703425894249
57003241668397,113703459222249
57003243344439,113703460898286
57003274895695,113703492449449
57003274996495,113703492550249
57003308230505,113703525784161
57003308324594,113703525878249
57003341561392,113703559114949
57003341652692,113703559206249
57003374892564,113703592445999
57003374980815,113703592534249
57003408213572,113703625766824
57003408308998,113703625862249
57003441546464,113703659099574
57003441637139,113703659190249
57003474871193,113703692424161
57003474965281,113703692518249
57003508194679,113703725747536
57003508293392,113703725846249
57003541527950,113703759080749
57003541621450,113703759174249
57003574859116,113703792411749
57003574949616,113703792502249
57003608218718,113703825771199
57003608309768,113703825862249
57003641545995,113703859098324
57003641637920,113703859190249
57003674876772,113703892428949
57003674966072,113703892518249
57003708199349,113703925751374
57003708294224,113703925846249
57003741530163,113703959082036
57003741622376,113703959174249
57003774861324,113703992413074
57003774950499,113703992502249
57003808197094,113704025748786
57003808310558,113704025862249
57003841546357,113704059098036
57003841638569,113704059190249
57003874874728,113704092426536
57003874966443,113704092518249
57003908204871,113704125756249
57003908294871,113704125846249
57003941526759,113704159078249
57003941622757,113704159174249
57003974892265,113704192443949
57003974950566,113704192502249
57004008215217,113704225766199
57004008311267,113704225862249
57004041548674,113704259099574
57004041639350,113704259190249
57004074869841,113704292420624
57004074967466,113704292518249
57004108201033,113704325751699
57004108295583,113704325846249
57004141528521,113704359079036
57004141623735,113704359174249
57004174856018,113704392406324
57004174951943,113704392502249
57004208183478,113704425733661
57004208280067,113704425830249
57004241544577,113704459094499
57004241640327,113704459190249
57004274871981,113704492421824
57004274968407,113704492518249
57004308199398,113704525749161
57004308296486,113704525846249
57004341526825,113704559076499
57004341624575,113704559174249
57004374857987,113704592407536
57004374952700,113704592502249
57004408190789,113704625740199
57004408280840,113704625830249
57004441519641,113704659068911
57004441608979,113704659158249
57004474827319,113704692376449
57004474937119,113704692486249
57004508169883,113704725718874
57004508265259,113704725814249
57004541545773,113704759094624
57004541641398,113704759190249
57004574876950,113704792425661
57004574969538,113704792518249
57004608206214,113704825754786
57004608297678,113704825846249
57004641527409,113704859075824
57004641625834,113704859174249
57004674863558,113704892411787
57004674954021,113704892502249
57004708191002,113704925739124
57004708282127,113704925830249
57004741551904,113704959099949
57004741642205,113704959190249
57004774879379,113704992427286
57004774970342,113704992518249
57004808206854,113705025754624
57004808298479,113705025846249
57004841537994,113705059085661
57004841626582,113705059174250
57004874865358,113705092412999
57004874954609,113705092502249
57004908192823,113705125740324
57004908282748,113705125830249
57004941553816,113705159101161
57004941642904,113705159190249
57004974881233,113705192428499
57004974970984,113705192518249
57005008208679,113705225755786
57005008299142,113705225846249
57005041536071,113705259083124
57005041627197,113705259174249
57005074863618,113705292410449
57005074955418,113705292502249
57005108194692,113705325741499
57005108283442,113705325830249
57005141563171,113705359109786
57005141643634,113705359190249
57005174883108,113705392429661
57005174971696,113705392518249
57005208205213,113705425751699
57005208299764,113705425846249
57005241532684,113705459078786
57005241628147,113705459174249
57005274865007,113705492411036
57005274956221,113705492502249
57005308189976,113705525735786
57005308284439,113705525830249
57005341554403,113705559100161
57005341612491,113705559158249
57005374882960,113705592428661
57005374972548,113705592518249
57005408206679,113705625752249
57005408300680,113705625846249
57005441537885,113705659083324
57005441628811,113705659174249
57005474865317,113705692410624
57005474956942,113705692502249
57005508192773,113705725737949
57005508285073,113705725830249
57005541520241,113705759065286
57005541613205,113705759158249
57005574881214,113705792426124
57005574973340,113705792518249
57005608208685,113705825753449
57005608301485,113705825846249
57005641536168,113705859080786
57005641629631,113705859174249
57005674863673,113705892408124
57005674957799,113705892502249
57005708194922,113705925739161
57005708286011,113705925830249
57005741522391,113705959066499
57005741614141,113705959158249
57005774883308,113705992427324
57005774974234,113705992518249
57005808210766,113706025754661
57005808302354,113706025846249
57005841538225,113706059081999
57005841630475,113706059174249
57005874865664,113706092409324
57005874958590,113706092502249
57005908193076,113706125736661
57005908286664,113706125830249
57005941520397,113706159063949
57005941614697,113706159158249
57005974881391,113706192424824
57005974974816,113706192518249
57006008208842,113706225752124
57006008302968,113706225846249
57006041540068,113706259083199
57006041631119,113706259174249
57006074867557,113706292410536
57006074959270,113706292502249
57006108194996,113706325737824
57006108287421,113706325830249
57006141522484,113706359065161
57006141615573,113706359158249
57006174898386,113706392440911
57006174991724,113706392534249
57006208225875,113706425768249
57006208319876,113706425862249
57006241557064,113706459099286
57006241648027,113706459190249
57006274884541,113706492426624
57006274976167,113706492518249
57006308211971,113706525753949
57006308304271,113706525846249
57006341539413,113706559081286
57006341632376,113706559174249
57006374866805,113706592408574
57006374960481,113706592502249
57006408194247,113706625735911
57006408288585,113706625830249
57006441525440,113706659066999
57006441616690,113706659158249
57006474852831,113706692394286
57006474944795,113706692486249
57006508180274,113706725721624
57006508272899,113706725814249
57006541541204,113706759082449
57006541633004,113706759174249
57006574868646,113706792409786
57006574961109,113706792502249
57006608196114,113706825737124
57006608289239,113706825830249
57006641523671,113706859064449
57006641617472,113706859158249
57006674888499,113706892429036
57006674945712,113706892486249
57006708211930,113706925752624
57006708305553,113706925846249
57006741538934,113706959079949
57006741633237,113706959174249
57006774871711,113706992411949
57006774962011,113706992502249
57006808194097,113707025734161
57006808290186,113707025830249
57006841519004,113707059058949
57006841618304,113707059158249
57006874853648,113707092393536
57006874946362,113707092486249
57006908239276,113707125779036
57006908306489,113707125846249
57006941541848,113707159081499
57006941634598,113707159174249
57006974872206,113707192411749
57006974962706,113707192502249
57007008195745,113707225735162
57007008290833,113707225830249
57007041523206,113707259062449
57007041619007,113707259158249
57007074850667,113707292389786
57007074947130,113707292486249
57007108211590,113707325750624
57007108307215,113707325846249
57007141541452,113707359080324
57007141635378,113707359174249
57007174864077,113707392402786
57007174963540,113707392502249
57007208197805,113707425736374
57007208291680,113707425830249
57007241525227,113707459063699
57007241619778,113707459158249
57007274856445,113707492394749
57007274947946,113707492486249
57007308213696,113707525751874
57007308308071,113707525846249
57007341544868,113707559082911
57007341636207,113707559174249
57007374872342,113707592410249
57007374964342,113707592502249
57007408197052,113707625734824
57007408292477,113707625830249
57007441528237,113707659065874
57007441620613,113707659158249
57007474858248,113707692395749
57007474948748,113707692486249
57007508185708,113707725723074
57007508276884,113707725814249
57007541471468,113707759008699
57007541637019,113707759174249
57007574871279,113707792408374
57007574965155,113707792502249
57007608196577,113707825733536
57007608293290,113707825830249
57007641528425,113707859065249
57007641621425,113707859158249
57007674852560,113707892389249
57007674949561,113707892486249
57007708220245,113707925756786
57007708309708,113707925846249
57007741541921,113707959078286
57007741637885,113707959174249
57007774877193,113707992413449
57007774965993,113707992502249
57007808199697,113708025735911
57007808294036,113708025830249
57007841503763,113708059039749
57007841622263,113708059158249
57007874854855,113708092390786
57007874950318,113708092486249
57007908212508,113708125748324
57007908310433,113708125846249
57007941543523,113708159079374
57007941638398,113708159174249
57007974870888,113708192406699
57007974966440,113708192502249
57008008198582,113708225734036
57008008294795,113708225830249
57008041525997,113708259061374
57008041622872,113708259158249
57008074853417,113708292388699
57008074950967,113708292486249
57008108218154,113708325753249
57008108279155,113708325814249
57008141548462,113708359083661
57008141639048,113708359174249
57008174869024,113708392404699
57008174966576,113708392502249
57008208201516,113708425736699
57008208295068,113708425830249
57008241554970,113708459089661
57008241655560,113708459190249
57008274888583,113708492422874
57008274983959,113708492518249
57008308213213,113708525747411
57008308312051,113708525846249
57008341541544,113708559075699
57008341640094,113708559174249
57008374872529,113708592406536
57008374968243,113708592502249
57008408197266,113708625731124
57008408296391,113708625830249
57008441529614,113708659063324
57008441624539,113708659158249
57008474860599,113708692394161
57008474952688,113708692486249
57008508185335,113708725718749
57008508280836,113708725814249
57008541547484,113708759080749
57008541640984,113708759174249
57008574872207,113708792405324
57008574969133,113708792502249
57008608202030,113708825734999
57008608297281,113708825830249
57008641529504,113708859062324
57008641625429,113708859158249
57008674859339,113708892391999
57008674953589,113708892486249
57008708186799,113708925719324
57008708281724,113708925814249
57008741547622,113708959080161
57008741641711,113708959174249
57008774875073,113708992407499
57008774969823,113708992502249
57008808206223,113709025738536
57008808297936,113709025830249
57008841533678,113709059065874
57008841626054,113709059158249
57008874864636,113709092396699
57008874954187,113709092486249
57008908192119,113709125724036
57008908282333,113709125814249
57008941553119,113709159084874
57008941642494,113709159174249
57008974880540,113709192412199
57008974970590,113709192502249
57009008207972,113709225739536
57009008298686,113709225830249
57009041535446,113709259066874
57009041626822,113709259158249
57009074866674,113709292397911
57009074955012,113709292486249
57009108194023,113709325725249
57009108283023,113709325814249
57009141550306,113709359081374
57009141643182,113709359174250
57009174876992,113709392407749
57009174971493,113709392502249
57009208206091,113709425736661
57009208299680,113709425830249
57009241535309,113709459065786
57009241627772,113709459158249
57009274854274,113709492384699
57009274955824,113709492486249
57009308191971,113709525722249
57009308283971,113709525814249
57009341552138,113709559082374
57009341612013,113709559142249
57009374878550,113709592408699
57009374972101,113709592502249
57009408210192,113709625740199
57009408300242,113709625830249
57009441538084,113709659067949
57009441628384,113709659158249
57009474859062,113709692388786
57009474956526,113709692486249
57009508186542,113709725716124
57009508284667,113709725814249
57009541514009,113709759043449
57009541612809,113709759142249
57009574874996,113709792404286
57009574972959,113709792502249
57009608209009,113709825738124
57009608301134,113709825830249
57009641539059,113709859067999
57009641629309,113709859158249
57009674860285,113709892389036
57009674957499,113709892486249
57009708187823,113709925716374
57009708285698,113709925814249
57009741518206,113709959046661
57009741613794,113709959142249
57009774882896,113709992411249
57009774973897,113709992502249
57009808207771,113710025735999
57009808302022,113710025830249
57009841535221,113710059063324
57009841630147,113710059158249
57009874862652,113710092390661
57009874958240,113710092486249
57009908193723,113710125721699
57009908286274,113710125814249
57009941521184,113710159049036
57009941614397,113710159142249
57009974882102,113710192409874
57009974974477,113710192502249
57010008209575,113710225737199
57010008302626,113710225830249
57010041537061,113710259064536
57010041630774,113710259158249
57010074864547,113710292391874
57010074958923,113710292486249
57010108192021,113710325719199
57010108287071,113710325814249
57010141519496,113710359046536
57010141615209,113710359142249
57010174880454,113710392407374
57010174975329,113710392502249
57010208207935,113710425734699
57010208303485,113710425830249
57010241539141,113710459065749
57010241631641,113710459158249
57010274866622,113710492393074
57010274959797,113710492486249
57010308194115,113710525720411
57010308287953,113710525814249
57010341521572,113710559047749
57010341616072,113710559142249
57010374928064,113710592454199
57010374976114,113710592502249
57010408212042,113710625738036
57010408304255,113710625830249
57010441542059,113710659067911
57010441632397,113710659158249
57010474869538,113710692395249
57010474960539,113710692486249
57010508195592,113710725721161
57010508288680,113710725814249
57010541523072,113710759048499
57010541616822,113710759142249
57010574887524,113710792412824
57010574976949,113710792502249
57010608214080,113710825739324
57010608305005,113710825830249
57010641537361,113710859062499
57010641633112,113710859158249
57010674869567,113710892394286
57010674961531,113710892486249
57010708194992,113710925719624
57010708289617,113710925814249
57010741527062,113710959051624
57010741617687,113710959142249
57010774887887,113710992412249
57010774945887,113710992470249
57010808211420,113711025735661
57010808306008,113711025830249
57010841541378,113711059065536
57010841634092,113711059158249
57010874868800,113711092392874
57010874962175,113711092486249
57010908196242,113711125720199
57010908290292,113711125814249
57010941523746,113711159047536
57010941618459,113711159142249
57010974851049,113711192374824
57010974946474,113711192470249
57011008210368,113711225734074
57011008306543,113711225830249
57011041535344,113711259058874
57011041634720,113711259158249
57011074862057,113711292385411
57011074962896,113711292486249
57011108200521,113711325723699
57011108291072,113711325814249
57011141578785,113711359101786
57011141667248,113711359190249
57011174906299,113711392429124
57011174995424,113711392518249
57011208258262,113711425780911
57011208323600,113711425846249
57011241555934,113711459078449
57011241651734,113711459174249
57011274887048,113711492409499
57011274979799,113711492502249
57011308218296,113711525740536
57011308308009,113711525830249
57011341545772,113711559067874
57011341636148,113711559158249
57011374814073,113711592336036
57011374964286,113711592486249
57011408198999,113711625720824
57011408292425,113711625814249
57011441527438,113711659049124
57011441620563,113711659142249
57011474851613,113711692373161
57011474948702,113711692470249
57011508189290,113711725710699
57011508276840,113711725798249
57011541551854,113711759073124
57011541636979,113711759158249
57011574868367,113711792389499
57011574965118,113711792486249
57011608203506,113711825724499
57011608293256,113711825814249
57011641533719,113711859054574
57011641621395,113711859142249
57011674892358,113711892413074
57011674981533,113711892502249
57011708215102,113711925735699
57011708309652,113711925830249
57011741540206,113711959060699
57011741637757,113711959158249
57011774870464,113711992390786
57011774965927,113711992486249
57011808200329,113712025720661
57011808293917,113712025814249
57011841524309,113712059044499
57011841622059,113712059142249
57011874854346,113712092374374
57011874950221,113712092470249
57011908214070,113712125734036
57011908310283,113712125830249
57011941541523,113712159061374
57011941638398,113712159158249
57011974868864,113712192388699
57011974966415,113712192486249
57012008196463,113712225715999
57012008294714,113712225814249
57012041535547,113712259054949
57012041622847,113712259142249
57012074858061,113712292377374
57012074950936,113712292470249
57012108222601,113712325741749
57012108279101,113712325798249
57012141548844,113712359068124
57012141638966,113712359158249
57012174869573,113712392389374
57012174966449,113712392486249
57012208202560,113712425721824
57012208294987,113712425814249
57012241551810,113712459070536
57012241623525,113712459142249
57012274853668,113712492371999
57012274951918,113712492470249
57012308179817,113712525698161
57012308279905,113712525798249
57012341548623,113712559066874
57012341639998,113712559158249
57012374872361,113712592390449
57012374968161,113712592486249
57012408206149,113712625724074
57012408296325,113712625814249
57012441530113,113712659047874
57012441624488,113712659142249
57012474858976,113712692376574
57012474952651,113712692470249
57012508186476,113712725703911
57012508280815,113712725798249
57012541547478,113712759064749
57012541640978,113712759158249
57012574874966,113712792392074
57012574969141,113712792486249
57012608202466,113712825719411
57012608297305,113712825814249
57012641529967,113712859046749
57012641625468,113712859142249
57012674861121,113712892377786
57012674953584,113712892470249
57012708188464,113712925705124
57012708281589,113712925798249
57012741549410,113712959065949
57012741641710,113712959158249
57012774876905,113712992393286
57012774969868,113712992486249
57012808204401,113713025720624
57012808298027,113713025814249
57012841531844,113713059047949
57012841626144,113713059142249
57012874859175,113713092375249
57012874954175,113713092470249
57012908186638,113713125702574
57012908282313,113713125798249
57012941562526,113713159078324
57012941658452,113713159174249
57012974893715,113713192409374
57012974986590,113713192502249
57013008221178,113713225736699
57013008314729,113713225830249
57013041548658,113713259064036
57013041642872,113713259158249
57013074876161,113713292391374
57013074971036,113713292486249
57013108203626,113713325718699
57013108299176,113713325814249
57013141534697,113713359049749
57013141627197,113713359142249
57013174862148,113713392377074
57013174955324,113713392470249
57013208189772,113713425704411
57013208283611,113713425798249
57013241550759,113713459065249
57013241643760,113713459158249
57013274878150,113713492392574
57013274971825,113713492486249
57013308205428,113713525719874
57013308299804,113713525814249
57013341533191,113713559047199
57013341628241,113713559142249
57013374860579,113713592374536
57013374956292,113713592470249
57013408196437,113713625710286
57013408284401,113713625798249
57013441515046,113713659028786
57013441612509,113713659126249
57013474844817,113713692358449
57013474940617,113713692454249
57013508176925,113713725690449
57013508268726,113713725782249
57013541553959,113713759067374
57013541644834,113713759158249
57013574872590,113713792385874
57013574972965,113713792486249
57013608203615,113713825716699
57013608301165,113713825814249
57013641532315,113713859045199
57013641629365,113713859142249
57013674864704,113713892377411
57013674957543,113713892470249
57013708190807,113713925703374
57013708285682,113713925798249
57013741519478,113713959031874
57013741613853,113713959126249
57013774880325,113713992392699
57013774973876,113713992486249
57013808207804,113714025720036
57013808302017,113714025814249
57013841535284,113714059047374
57013841630159,113714059142249
57013874866476,113714092378411
57013874958315,113714092470249
57013908193971,113714125705749
57013908286471,113714125798249
57013941521375,113714159033074
57013941614550,113714159126249
57013974886119,113714192397624
57013974974744,113714192486249
57014008209860,113714225721249
57014008302860,113714225814249
57014041537301,113714259048574
57014041630976,113714259142249
57014074864754,113714292375911
57014074959092,113714292470249
57014108192158,113714325703199
57014108287208,113714325798249
57014141523337,113714359034286
57014141615300,113714359126249
57014174880483,113714392391374
57014174975359,113714392486249
57014208211732,113714425722449
57014208303532,113714425814249
57014241539242,113714459049786
57014241631705,113714459142249
57014274866703,113714492377074
57014274959879,113714492470249
57014308194214,113714525704411
57014308288052,113714525798249
57014341521737,113714559031749
57014341616237,113714559126249
57014374882759,113714592392574
57014374976435,113714592486249
57014408210221,113714625719911
57014408304560,113714625814249
57014441537684,113714659047249
57014441632685,113714659142249
57014474868846,113714692378286
57014474960810,113714692470249
57014508196309,113714725705624
57014508288935,113714725798249
57014541523759,113714759032949
57014541617060,113714759126249
57014574884680,113714792393786
57014574977143,113714792486249
57014608211955,113714825721124
57014608305080,113714825814249
57014641539357,113714859048449
57014641633159,113714859142249
57014674867251,113714892375786
57014674961715,113714892470249
57014708198383,113714925706824
57014708289808,113714925798249
57014741525812,113714959034161
57014741617900,113714959126249
57014774886798,113714992394999
57014774946049,113714992454249
57014808214329,113715025722324
57014808306255,113715025814249
57014841541787,113715059049661
57014841634376,113715059142249
57014874869246,113715092376999
57014874962497,113715092470249
57014908196583,113715125704286
57014908290546,113715125798249
57014941523877,113715159031624
57014941618503,113715159126249
57014974855192,113715192362661
57014974946781,113715192454249
57015008212436,113715225719786
57015008306900,113715225814249
57015041543624,113715259050824
57015041635050,113715259142249
57015074871111,113715292378161
57015074963200,113715292470249
57015108198574,113715325705499
57015108291324,113715325798249
57015141525962,113715359032824
57015141619388,113715359126249
57015174853473,113715392360161
57015174947561,113715392454249
57015208214591,113715425720999
57015208307842,113715425814249
57015241542033,113715459048324
57015241635958,113715459142249
57015274869487,113715492375661
57015274964075,113715492470249
57015308200676,113715525706699
57015308292227,113715525798249
57015341528246,113715559034036
57015341620460,113715559126249
57015374855728,113715592361374
57015374948603,113715592454249
57015408216653,113715625722199
57015408308703,113715625814249
57015441544090,113715659049536
57015441636803,113715659142249
57015474871528,113715692376874
57015474964903,113715692470249
57015508198915,113715725704161
57015508293003,113715725798249
57015541526353,113715759031499
57015541621103,113715759126249
57015574857552,113715792362574
57015574949227,113715792454249
57015608214833,113715825719661
57015608309421,113715825814249
57015641546108,113715859050749
57015641637609,113715859142249
57015674873583,113715892378036
57015674965797,113715892470249
57015708201101,113715925705374
57015708293977,113715925798249
57015741528557,113715959032699
57015741622107,113715959126249
57015774855954,113715992360036
57015774950168,113715992454249
57015808216932,113716025720874
57015808310308,113716025814249
57015841544382,113716059048199
57015841638432,113716059142249
57015874871678,113716092375536
57015874966393,113716092470249
57015908203080,113716125706574
57015908294755,113716125798249
57015941573421,113716159076999
57015941622670,113716159126249
57015974852123,113716192355911
57015974950464,113716192454249
57016008221058,113716225724199
57016008311108,113716225814249
57016041198181,113716258701499
57016041638920,113716259142249
57016074874973,113716292378824
57016074966399,113716292470249
57016108202793,113716325706161
57016108294882,113716325798249
57016141530614,113716359033499
57016141623365,113716359126249
57016174862045,113716392364536
57016174951759,113716392454249
57016208188435,113716425690750
57016208279935,113716425782249
57016241548387,113716459050411
57016241640226,113716459142249
57016274880921,113716492382824
57016274968346,113716492470249
57016308234667,113716525736449
57016308328467,113716525830249
57016341562088,113716559063749
57016341656588,113716559158249
57016374871370,113716592372911
57016374984709,113716592486249
57016408215079,113716625716499
57016408312830,113716625814249
57016441548775,113716659050074
57016441640950,113716659142249
57016474870196,113716692371374
57016474969071,113716692470249
57016508201354,113716725702411
57016508297192,113716725798249
57016541528812,113716759029749
57016541625313,113716759126249
57016574856252,113716792357074
57016574953427,113716792454249
57016608183734,113716825684411
57016608281573,113716825782249
57016641544830,113716859045249
57016641641831,113716859142249
57016674872296,113716892372574
57016674969971,113716892470249
57016708199737,113716925699874
57016708298112,113716925798249
57016741527203,113716959027199
57016741626253,113716959126249
57016774858430,113716992358286
57016774954394,113716992454249
57016808194886,113717025694624
57016808282511,113717025782249
57016841555776,113717059055449
57016841642577,113717059142249
57016874883238,113717092382786
57016874970702,113717092470249
57016908210701,113717125710124
57016908298827,113717125798249
57016941538150,113717159037449
57016941626950,113717159126249
57016974865608,113717192364787
57016974955071,113717192454249
57017008196775,113717225695824
57017008283201,113717225782249
57017041557767,113717259056662
57017041643355,113717259142249
57017074881545,113717292380286
57017074971509,113717292470249
57017108212708,113717325711324
57017108299633,113717325798249
57017141540145,113717359038661
57017141627734,113717359126249
57017174867752,113717392365999
57017174956002,113717392454249
57017208195245,113717425693324
57017208284170,113717425782249
57017241559975,113717459057874
57017241612350,113717459110249
57017274883442,113717492381499
57017274972190,113717492470249
57017308210258,113717525708786
57017308299721,113717525798249
57017341541582,113717559039874
57017341627957,113717559126249
57017374869143,113717592367199
57017374956193,113717592454249
57017408196679,113717625694499
57017408284430,113717625782249
57017444047383,113717661544949
57017444140683,113717661638249
57017477374919,113717694872249
57017477468920,113717694966249
57017508270888,113717725767999
57017508365138,113717725862249
57017541598449,113717759095324
57017541693374,113717759190249
57017574929735,113717792426374
57017575021611,113717792518249
57017608257280,113717825753699
57017608349830,113717825846249
57017641592240,113717859088499
57017641677991,113717859174249
57017674927535,113717892423661
57017675006123,113717892502249
57017708241704,113717925737699
57017708334254,113717925830249
57017741567797,113717959063661
57017741662385,113717959158249
57017774898016,113717992393749
57017774990516,113717992486249
57017808227059,113718025722661
57017808318647,113718025814249
57017841553122,113718059048574
57017841646797,113718059142249
57017874874597,113718092369874
57017874974972,113718092470249
57017908213584,113718125708786
57017908303047,113718125798249
57017941542159,113718159037286
57017941631122,113718159126249
57017974868407,113718192363411
57017974959246,113718192454249
57018008195992,113718225690749
57018008287492,113718225782249
57018041523441,113718259018074
57018041615616,113718259110249
57018074884293,113718292378911
57018074975632,113718292470250
57018108211744,113718325706250
57018108303744,113718325798249
57018141539181,113718359033574
57018141631856,113718359126249
57018174868791,113718392363036
57018174960005,113718392454249
57018208193856,113718425687824
57018208288282,113718425782249
57018241520281,113718459013949
57018241616581,113718459110249
57018274881293,113718492374824
57018274976718,113718492470249
57018308208626,113718525702124
57018308304752,113718525798249
57018341536160,113718559029449
57018341632960,113718559126249
57018374867318,113718592360536
57018374961031,113718592454249
57018408191019,113718625684124
57018408289144,113718625782249
57018441518456,113718659011449
57018441617256,113718659110249
57018474881119,113718692373999
57018474945369,113718692438249
57018508182481,113718725675249
57018508273481,113718725766249
57018541539506,113718759032161
57018541633594,113718759126249
57018574863998,113718792356536
57018574961712,113718792454249
57018608199784,113718825692449
57018608289581,113718825782249
57018641526302,113718859019574
57018641616978,113718859110249
57018674882239,113718892375124
57018674977365,113718892470249
57018708206000,113718925698499
57018708305751,113718925798249
57018741542136,113718959034249
57018741634137,113718959126249
57018774871184,113718992362911
57018774962523,113718992454249
57018808196100,113719025687499
57018808290851,113719025782249
57018841522166,113719059013411
57018841619005,113719059110249
57018874884358,113719092375449
57018874979159,113719092470249
57018908215554,113719125706499
57018908307305,113719125798249
57018941540250,113719159031074
57018941635426,113719159126249
57018974871421,113719192362124
57018974963547,113719192454249
57019008192585,113719225683161
57019008291674,113719225782249
57019041520069,113719259010499
57019041619820,113719259110249
57019074881040,113719292371324
57019074979965,113719292470249
57019108208523,113719325698661
57019108308111,113719325798249
57019141539707,113719359029700
57019141636257,113719359126249
57019174867189,113719392357036
57019174964403,113719392454249
57019208194673,113719425684374
57019208292548,113719425782249
57019241522144,113719459011699
57019241620694,113719459110249
57019274883127,113719492372536
57019274980840,113719492470249
57019308210609,113719525699874
57019308308985,113719525798249
57019341538075,113719559027199
57019341637126,113719559126249
57019374865516,113719592354499
57019374965267,113719592454249
57019408196733,113719625685574
57019408293408,113719625782249
57019441524174,113719659012874
57019441621549,113719659110249
57019474851640,113719692340199
57019474949690,113719692438249
57019508179118,113719725667536
57019508277831,113719725766249
57019541573222,113719759061499
57019541637973,113719759126249
57019574873215,113719792361374
57019574966090,113719792454249
57019608201801,113719825689874
57019608294176,113719825782249
57019641524000,113719859011874
57019641622375,113719859110249
57019674860115,113719892347824
57019674950541,113719892438249
57019708218565,113719925706124
57019708310690,113719925798249
57019741595589,113719959082999
57019741670840,113719959158249
57019774908189,113719992395449
57019774998989,113719992486249
57019808239388,113720025726499
57019808327139,113720025814249
57019841566863,113720059053824
57019841655288,113720059142249
57019874891562,113720092378374
57019874983437,113720092470249
57019908219017,113720125705699
57019908311567,113720125798249
57019941542721,113720159029324
57019941639646,113720159126249
57019974870162,113720192356661
57019974967750,113720192454249
57020008201304,113720225687699
57020008295854,113720225782249
57020041528755,113720259015036
57020041623969,113720259110249
57020074856651,113720292342786
57020074952115,113720292438249
57020108190601,113720325676574
57020108280276,113720325766249
57020141550682,113720359036449
57020141640482,113720359126249
57020174880007,113720392365574
57020174968682,113720392454249
57020208203082,113720425688449
57020208296882,113720425782249
57020241532196,113720459017374
57020241625072,113720459110249
57020274858504,113720492343536
57020274953218,113720492438249
57020308182626,113720525667574
57020308281301,113720525766249
57020341548847,113720559033749
57020341641347,113720559126249
57020374871830,113720592356574
57020374969505,113720592454249
57020408206038,113720625690624
57020408297664,113720625782250
57020441535321,113720659019749
57020441625822,113720659110249
57020474856930,113720692341199
57020474953980,113720692438249
57020508188550,113720725672661
57020508282138,113720725766249
57020541642297,113720759126249
57020541870048,113720759353999
57020574878655,113720792362449
57020574970455,113720792454249
57020608202650,113720825686286
57020608298613,113720825782249
57020641528971,113720859012449
57020641626772,113720859110249
57020674860125,113720892343699
57020674954672,113720892438249
57020708186928,113720925671036
57020708282143,113720925766249
57020741548292,113720959031874
57020741642668,113720959126249
57020774876142,113720992359199
57020774971193,113720992454249
57020808203846,113721025686536
57020808299558,113721025782249
57020841534822,113721059017574
57020841627497,113721059110249
57020874862289,113721092344911
57020874955627,113721092438249
57020908189823,113721125672249
57020908283823,113721125766249
57020941550813,113721159033074
57020941643988,113721159126249
57020974877484,113721192359661
57020974972073,113721192454249
57021008204952,113721225686999
57021008300202,113721225782249
57021041532368,113721259014286
57021041628331,113721259110249
57021074859815,113721292341624
57021074956440,113721292438249
57021108190913,113721325672661
57021108284501,113721325766249
57021141551933,113721359033536
57021141612647,113721359094249
57021174879462,113721392360824
57021174972887,113721392454249
57021208206986,113721425688161
57021208301075,113721425782249
57021241534512,113721459015499
57021241629263,113721459110249
57021274862000,113721492342824
57021274957425,113721492438249
57021308189424,113721525670161
57021308285513,113721525766249
57021341550350,113721559030999
57021341645600,113721559126249
57021374877778,113721592358324
57021374973704,113721592454249
57021408205270,113721625685661
57021408301858,113721625782249
57021441536462,113721659016699
57021441630012,113721659110249
57021474863953,113721692344036
57021474958166,113721692438249
57021508191445,113721725671374
57021508286320,113721725766249
57021541518924,113721758998699
57021541614475,113721759094249
57021574879913,113721792359536
57021574974627,113721792454249
57021608207397,113721825686874
57021608302773,113721825782249
57021641534868,113721859014199
57021641630919,113721859110249
57021674862351,113721892341499
57021674959102,113721892438249
57021708193682,113721925672574
57021708287358,113721925766249
57021741521109,113721958999874
57021741615484,113721959094249
57021774880131,113721992358786
57021774975595,113721992454249
57021808213873,113722025692411
57021808303711,113722025782249
57021841540153,113722059018574
57021841631828,113722059110249
57021874867598,113722092345911
57021874959936,113722092438249
57021908194982,113722125673199
57021908288032,113722125766249
57021941522449,113722159000536
57021941616163,113722159094249
57021974902043,113722192379999
57021974992294,113722192470249
57022008229499,113722225707324
57022008320425,113722225798249
57022041559930,113722259037624
57022041648555,113722259126249
57022074882533,113722292360074
57022074976709,113722292454249
57022108212604,113722325689949
57022108304905,113722325782249
57022141540034,113722359017286
57022141632997,113722359110249
57022174871148,113722392348324
57022174961074,113722392438249
57022208198751,113722425675661
57022208289339,113722425766249
57022241526334,113722459003000
57022241617584,113722459094249
57022274891118,113722492367536
57022274945831,113722492422249
57022308214485,113722525691161
57022308305571,113722525782249
57022341541305,113722559018500
57022341633055,113722559110249
57022374868831,113722592345786
57022374961295,113722592438249
57022408200159,113722625676874
57022408289534,113722625766249
57022441531435,113722659007911
57022441617774,113722659094249
57022474855263,113722692331499
57022474946014,113722692422249
57022508182827,113722725658824
57022508274253,113722725750249
57022541543904,113722759019661
57022541634493,113722759110249
57022574871482,113722792346999
57022574962733,113722792438249
57022608191379,113722825666661
57022608290967,113722825766249
57022641523886,113722858998911
57022641619225,113722859094249
57022674857546,113722892332286
57022674947509,113722892422249
57022708213351,113722925688036
57022708307564,113722925782249
57022741544347,113722959018874
57022741635722,113722959110249
57022774876505,113722992350874
57022774963881,113722992438249
57022808198694,113723025672911
57022808292033,113723025766249
57022841531009,113723059005124
57022841620134,113723059094249
57022874854454,113723092328499
57022874948205,113723092422249
57022908215296,113723125689124
57022908308421,113723125782249
57022941542709,113723159016449
57022941636509,113723159110249
57022974872471,113723192346124
57022974964597,113723192438249
57023008203676,113723225677199
57023008292727,113723225766249
57023041531200,113723259004499
57023041620950,113723259094249
57023074858652,113723292331824
57023074949077,113723292422249
57023108219635,113723325692661
57023108309224,113723325782249
57023141547119,113723359019999
57023141637369,113723359110249
57023174874590,113723392347324
57023174965515,113723392438249
57023208202085,113723425674661
57023208293673,113723425766249
57023241523112,113723458995499
57023241621863,113723459094249
57023274858036,113723492330286
57023274949999,113723492422249
57023308210344,113723525682499
57023308310095,113723525782249
57023341541590,113723559013536
57023341638303,113723559110249
57023374868917,113723592340874
57023374966292,113723592438249
57023408196246,113723625668199
57023408294296,113723625766249
57023441523587,113723658995536
57023441622300,113723659094249
57023474850929,113723692322874
57023474950304,113723692422249
57023508184308,113723725656249
57023508278308,113723725750249
57023541545137,113723759017074
57023541638312,113723759110249
57023574872592,113723792344411
57023574966432,113723792438249
57023608204097,113723825675449
57023608294898,113723825766249
57023641531901,113723859002786
57023641623365,113723859094249
57023674859627,113723892330124
57023674951752,113723892422249
57023708187117,113723925657449
57023708279917,113723925750249
57023741548153,113723959018286
57023741640117,113723959110249
57023774875629,113723992345624
57023774968254,113723992438249
57023808203092,113724025672949
57023808296392,113724025766249
57023841530559,113724059000286
57023841624522,113724059094249
57023874861714,113724092331324
57023874952640,113724092422249
57023908189179,113724125658661
57023908280767,113724125750249
57023941550108,113724159019499
57023941640859,113724159110249
57023974877587,113724192346824
57023974969013,113724192438249
57024008205078,113724225674161
57024008297167,113724225766249
57024041532473,113724259001499
57024041625222,113724259094249
57024074859712,113724292328786
57024074953176,113724292422249
57024108187480,113724325656124
57024108281605,113724325750249
57024141548451,113724359016999
57024141641701,113724359110249
57024174875913,113724392344286
57024174969876,113724392438249
57024208207176,113724425675374
57024208298051,113724425766249
57024241534661,113724459002661
57024241626250,113724459094249
57024274869653,113724492337449
57024274954453,113724492422250
57024308189551,113724525657324
57024308282476,113724525750249
57024341550502,113724559018161
57024341642590,113724559110249
57024374877970,113724592345499
57024374970720,113724592438249
57024408205425,113724625672824
57024408298850,113724625766249
57024441532892,113724659000161
57024441626981,113724659094249
57024474864061,113724692331199
57024474955111,113724692422249
57024508191528,113724725658536
57024508283241,113724725750249
57024541552496,113724759019374
57024541643371,113724759110249
57024574883663,113724792350411
57024574971502,113724792438249
57024608207450,113724825674036
57024608299664,113724825766249
57024641535064,113724859001374
57024641627940,113724859094249
57024674862661,113724892328699
57024674956211,113724892422249
57024708193780,113724925659749
57024708284280,113724925750249
57024741554672,113724959020574
57024741612347,113724959078249
57024774878205,113724992344161
57024774972291,113724992438249
57024808208771,113725025675249
57024808299772,113725025766249
57024841536587,113725059002574
57024841628264,113725059094250
57024874864379,113725092329874
57024874956755,113725092422249
57024908192095,113725125657199
57024908285145,113725125750249
57024941519539,113725158984536
57024941613253,113725159078249
57024974880546,113725192345374
57024974973422,113725192438249
57025008207996,113725225672699
57025008301547,113725225766249
57025041539171,113725259003749
57025041629672,113725259094249
57025074866645,113725292331074
57025074957821,113725292422249
57025108194145,113725325658411
57025108285983,113725325750249
57025141521506,113725358985749
57025141614007,113725359078249
57025174882487,113725392346574
57025174974162,113725392438249
57025208210012,113725425673911
57025208302351,113725425766249
57025241537539,113725459001249
57025241630539,113725459094249
57025274865052,113725492328574
57025274958728,113725492422249
57025308196290,113725525659624
57025308286916,113725525750249
57025341523793,113725558986949
57025341615094,113725559078249
57025374882853,113725592345874
57025374975228,113725592438249
57025408208903,113725625671824
57025408303328,113725625766249
57025441542803,113725659005624
57025441631428,113725659094249
57025474870228,113725692332949
57025474959528,113725692422249
57025508196703,113725725659324
57025508287628,113725725750249
57025541520603,113725758983124
57025541615728,113725759078249
57025574877855,113725792340249
57025574975856,113725792438249
57025608208141,113725825670324
57025608304067,113725825766249
57025641539402,113725859001374
57025641632278,113725859094249
57025674866938,113725892328699
57025674960488,113725892422249
57025708194486,113725925656036
57025708288699,113725925750249
57025741521984,113725958983374
57025741616859,113725959078249
57025774882847,113725992344199
57025774976898,113725992438249
57025808210313,113726025671536
57025808305026,113726025766249
57025841537779,113726058998874
57025841633154,113726059094249
57025874865232,113726092326199
57025874961283,113726092422249
57025908226198,113726125687036
57025908321411,113726125782249
57025941553712,113726159014374
57025941649588,113726159110249
57025974884993,113726192345411
57025974977831,113726192438249
57026008212102,113726225672749
57026008305600,113726225766249
57026041538760,113726259000074
57026041632935,113726259094249
57026074866308,113726292327411
57026074961147,113726292422249
57026108193807,113726325654699
57026108289358,113726325750249
57026141588394,113726359049074
57026141665570,113726359126249
57026174923406,113726392383874
57026174993781,113726392454249
57026208262117,113726425722374
57026208321993,113726425782249
57026241571029,113726459031074
57026241650204,113726459110249
57026274898540,113726492358374
57026274978416,113726492438249
57026308229827,113726525689449
57026308306627,113726525766249
57026341557338,113726559016749
57026341634839,113726559094249
57026374884875,113726592344074
57026374963050,113726592422249
57026408212423,113726625671411
57026408291262,113726625750249
57026441539973,113726658998749
57026441619473,113726659078249
57026474867509,113726692326074
57026474947685,113726692406249
57026508198771,113726725657124
57026508275896,113726725734249
57026541526307,113726758984449
57026541636108,113726759094249
57026574887356,113726792345286
57026574964319,113726792422249
57026608214905,113726825672624
57026608292531,113726825750249
57026641542442,113726858999949
57026641620742,113726859078249
57026674869990,113726892327286
57026674980954,113726892438249
57026708197520,113726925654624
57026708309146,113726925766249
57026741524941,113726958981911
57026741637279,113726959094249
57026774856162,113726992312999
57026774965412,113726992422249
57026808213346,113727025670074
57026808293521,113727025750249
57026841544509,113727059001161
57026841621597,113727059078249
57026874872018,113727092328499
57026874949768,113727092406249
57026908199410,113727125655786
57026908309874,113727125766249
57026941526965,113727158983124
57026941638091,113727159094249
57026974854396,113727192310449
57026974966196,113727192422249
57027008215294,113727225671286
57027008294257,113727225750249
57027041542813,113727258998624
57027041622438,113727259078249
57027074903818,113727292359449
57027074998619,113727292454249
57027108231336,113727325686786
57027108326799,113727325782249
57027141558854,113727359014124
57027141654980,113727359110249
57027174886167,113727392341249
57027174983168,113727392438249
57027208213682,113727425668574
57027208311358,113727425766249
57027241541149,113727458995911
57027241639488,113727459094249
57027274868558,113727492323199
57027274967609,113727492422249
57027308194641,113727525649161
57027308295730,113727525750249
57027341522106,113727558976499
57027341623857,113727559078249
57027374858192,113727592312449
57027374951992,113727592406249
57027408180512,113727625634661
57027408280101,113727625734249
57027441507959,113727658961999
57027441608209,113727659062249
57027474835392,113727692289324
57027474936318,113727692390249
57027508170051,113727725623874
57027508264426,113727725718249
57027541545909,113727758999624
57027541640534,113727759094249
57027574877054,113727792330661
57027574968643,113727792422249
57027608204501,113727825657999
57027608296751,113727825750249
57027641532039,113727858985324
57027641624965,113727859078249
57027674859823,113727892312661
57027674953411,113727892406249
57027708187145,113727925639999
57027708281393,113727925734249
57027741547583,113727959000824
57027741641009,113727959094249
57027774875274,113727992328161
57027774969363,113727992422249
57027808209003,113728025661536
57027808297717,113728025750249
57027841555302,113728059007499
57027841626053,113728059078249
57027874867924,113728092319911
57027874954262,113728092406249
57027908195273,113728125647249
57027908282273,113728125734249
57027941556228,113728159008074
57027941642404,113728159094249
57027974883798,113728192335411
57027974970637,113728192422249
57028008211370,113728225662749
57028008298870,113728225750249
57028041538863,113728258990074
57028041627038,113728259078249
57028074869939,113728292321124
57028074955064,113728292406249
57028108187012,113728325638249
57028108283009,113728325734249
57028141544272,113728358996324
57028141642195,113728359094249
57028174873295,113728392325749
57028174969797,113728392422249
57028208201449,113728425653074
57028208298626,113728425750249
57028241604617,113728459055411
57028241627456,113728459078249
57028274860227,113728492310411
57028274956065,113728492406249
57028308188701,113728525638911
57028308284039,113728525734249
57028341552758,113728559002824
57028341612184,113728559062249
57028374875311,113728592325036
57028374972525,113728592422249
57028408211412,113728625660999
57028408300662,113728625750249
57028441536124,113728658985574
57028441628800,113728659078249
57028474863599,113728692312911
57028474956937,113728692406249
57028508186899,113728725636074
57028508285075,113728725734249
57028541547662,113728758996699
57028541613212,113728759062249
57028574882614,113728792331499
57028574973364,113728792422249
57028608213635,113728825662324
57028608301560,113728825750249
57028641531168,113728858979661
57028641629756,113728859078249
57028674862146,113728892310499
57028674957896,113728892406249
57028708189460,113728925637786
57028708285923,113728925734249
57028741525806,113728958973949
57028741614107,113728959062249
57028774880282,113728992328286
57028774974246,113728992422249
57028808209866,113729025657749
57028808302367,113729025750249
57028841536899,113729058984661
57028841630488,113729059078249
57028874867883,113729092315499
57028874958633,113729092406249
57028908194017,113729125641449
57028908286817,113729125734249
57028941518684,113729158965999
57028941614935,113729159062249
57028974883290,113729192330374
57028974975166,113729192422249
57029008209602,113729225656536
57029008303316,113729225750249
57029041535665,113729258982449
57029041631466,113729259078249
57029074863121,113729292309786
57029074959584,113729292406249
57029108190486,113729325637124
57029108287611,113729325734249
57029141517807,113729358964449
57029141615607,113729359062249
57029174878600,113729392325286
57029174975564,113729392422249
57029208206234,113729425652624
57029208303860,113729425750249
57029241545030,113729458991124
57029241632156,113729459078249
57029274865155,113729492310999
57029274960406,113729492406249
57029308192660,113729525638324
57029308288586,113729525734249
57029341520296,113729558965661
57029341616884,113729559062249
57029374881145,113729592326499
57029374976895,113729592422249
57029408208489,113729625653824
57029408304914,113729625750249
57029441543058,113729658988374
57029441632933,113729659078249
57029474867864,113729692313161
57029474960952,113729692406249
57029508195007,113729725640286
57029508288971,113729725734249
57029541594276,113729759039536
57029541680989,113729759126249
57029574941629,113729792386661
57029575009218,113729792454249
57029608259600,113729825703949
57029608337901,113729825782249
57029641572216,113729859016411
57029641666054,113729859110249
57029674903407,113729892347449
57029674994207,113729892438249
57029708230897,113729925674786
57029708322360,113729925766249
57029741558388,113729959002124
57029741650514,113729959094249
57029774891580,113729992335161
57029774978668,113729992422249
57029808208110,113730025651536
57029808306824,113730025750249
57029841538131,113730058981411
57029841634970,113730059078249
57029874871565,113730092314699
57029874963115,113730092406249
57029908200423,113730125643411
57029908291261,113730125734249
57029941579282,113730159022124
57029941667407,113730159110249
57029974897377,113730192340074
57029974995553,113730192438249
57030008227648,113730225670199
57030008323699,113730225766249
57030041551594,113730258993999
57030041651844,113730259094249
57030074889277,113730292331536
57030074979990,113730292422249
57030108215384,113730325657499
57030108308135,113730325750249
57030141542851,113730358984824
57030141636276,113730359078249
57030174873618,113730392315449
57030174964418,113730392406249
57030208265141,113730425706824
57030208292566,113730425734249
57030241527932,113730458969449
57030241620732,113730459062249
57030274888723,113730492330074
57030274980899,113730492422249
57030308260890,113730525702074
57030308341065,113730525782249
57030341597018,113730559038036
57030341669232,113730559110249
57030374903097,113730592343949
57030374997398,113730592438249
57030408233726,113730625674411
57030408325564,113730625766249
57030441561392,113730659001911
57030441653731,113730659094249
57030474890808,113730692331161
57030474981897,113730692422249
57030508213225,113730725653411
57030508310063,113730725750249
57030541543054,113730758983074
57030541638230,113730759078249
57030574921096,113730792360949
57030574966396,113730792406249
57030608232512,113730825672199
57030608326562,113730825766249
57030641560015,113730858999536
57030641654729,113730859094249
57030674891202,113730892330574
57030674982877,113730892422249
57030708218650,113730925657911
57030708310989,113730925750249
57030741545909,113730958985249
57030741638907,113730959078249
57030774872712,113730992312574
57030774966388,113730992406249
57030808200353,113731025639874
57030808294729,113731025734249
57030841531769,113731058970949
57030841623070,113731059062249
57030874859447,113731092298286
57030874951411,113731092390249
57030908216876,113731125655374
57030908311752,113731125750249
57030941548225,113731158986449
57030941640025,113731159078249
57030974875596,113731192313749
57030974968096,113731192406249
57031008202992,113731225641074
57031008296167,113731225734249
57031041530400,113731258968411
57031041624238,113731259062249
57031074857809,113731292295749
57031074952309,113731292390249
57031108188997,113731325626786
57031108280461,113731325718249
57031141546471,113731358983911
57031141640810,113731359078249
57031174888896,113731392326124
57031174969021,113731392406249
57031208205268,113731425642286
57031208297232,113731425734249
57031241532817,113731458969624
57031241625443,113731459062249
57031274860353,113731492296949
57031274953654,113731492390249
57031308187891,113731525624286
57031308281855,113731525718249
57031341548898,113731558985124
57031341642023,113731559078249
57031374876386,113731592312449
57031374970186,113731592406249
57031408203886,113731625639786
57031408298350,113731625734249
57031441535088,113731658970824
57031441626513,113731659062249
57031474862588,113731692298161
57031474954676,113731692390249
57031508190039,113731725625449
57031508282840,113731725718249
57031541551078,113731758986324
57031541643003,113731759078249
57031574878578,113731792313661
57031574971166,113731792406249
57031608206029,113731825640949
57031608299330,113731825734249
57031641533529,113731858968286
57031641627493,113731859062249
57031674872176,113731892306786
57031674955640,113731892390249
57031708192182,113731925626661
57031708283770,113731925718249
57031741549494,113731958983786
57031741643957,113731959078249
57031774882100,113731992316449
57031774971899,113731992406249
57031808209302,113732025643749
57031808299804,113732025734249
57031841537182,113732058971074
57031841628357,113732059062249
57031874864613,113732092298411
57031874956452,113732092390249
57031908192146,113732125625749
57031908284646,113732125718249
57031941519565,113732158953074
57031941612741,113732159046249
57031974880648,113732192313912
57031974972986,113732192406249
57032008208115,113732225641249
57032008301116,113732225734249
57032041539282,113732258972286
57032041629246,113732259062249
57032074860250,113732292293124
57032074957375,113732292390249
57032108241955,113732325674699
57032108333505,113732325766249
57032141564335,113732358996949
57032141661635,113732359094249
57032174911590,113732392344074
57032174989765,113732392422249
57032208221441,113732425653749
57032208317942,113732425750249
57032241554133,113732458986161
57032241646222,113732459078249
57032274881629,113732492313499
57032274974379,113732492406249
57032308209109,113732525640824
57032308302534,113732525734249
57032341570101,113732559001661
57032341662690,113732559094249
57032374898007,113732592329411
57032374990845,113732592422249
57032408225700,113732625656949
57032408319000,113732625750249
57032441547105,113732658978199
57032441647155,113732659078249
57032474882685,113732692313624
57032474975311,113732692406249
57032508211541,113732725642325
57032508303466,113732725734249
57032541542946,113732758973574
57032541631621,113732759062249
57032574868313,113732792298786
57032574959776,113732792390249
57032608230468,113732825660786
57032608319932,113732825750249
57032641556787,113732858986949
57032641648087,113732859078249
57032674931068,113732892361074
57032674976243,113732892406249
57032708215042,113732925644911
57032708304380,113732925734249
57032741542484,113732958972249
57032741632484,113732959062249
57032774873729,113732992303286
57032774960693,113732992390250
57032808194413,113733025623786
57032808288876,113733025718249
57032841525981,113733058955249
57032841616981,113733059046249
57032874883455,113733092312624
57032874977081,113733092406249
57032908206312,113733125635449
57032908305111,113733125734249
57032941540317,113733158969499
57032941633069,113733159062249
57032974864723,113733192293536
57032974961437,113733192390249
57033008202235,113733225631074
57033008289409,113733225718249
57033041528415,113733258957411
57033041617255,113733259046249
57033074876465,113733292304749
57033074977965,113733292406249
57033108215022,113733325643249
57033108306023,113733325734249
57033141542589,113733358970574
57033141634264,113733359062249
57033174870167,113733392297911
57033174962506,113733392390249
57033208197729,113733425625249
57033208290730,113733425718249
57033241525225,113733458952574
57033241618901,113733459046249
57033274885821,113733492312999
57033274979071,113733492406249
57033308205649,113733525632661
57033308307237,113733525734249
57033341541712,113733558968574
57033341635388,113733559062249
57033374902538,113733592329249
57033374995539,113733592422249
57033408224889,113733625651449
57033408323690,113733625750249
57033441558415,113733658984824
57033441651840,113733659078249
57033474884528,113733692310786
57033474979991,113733692406249
57033508214341,113733725640449
57033508308142,113733725734249
57033541536704,113733758962661
57033541636293,113733759062249
57033574865355,113733792291161
57033574964443,113733792390249
57033608198919,113733825624574
57033608292594,113733825718249
57033641525037,113733858950536
57033641620750,113733859046249
57033674856273,113733892281574
57033674948949,113733892374249
57033708217353,113733925642411
57033708309192,113733925734249
57033741544808,113733958969749
57033741637308,113733959062249
57033774872250,113733992297074
57033774965425,113733992390249
57033808199710,113734025624411
57033808293549,113734025718249
57033841529317,113734058953874
57033841621693,113734059046249
57033874854209,113734092278624
57033874949834,113734092374249
57033908211476,113734125635749
57033908309976,113734125734249
57033941542677,113734158966786
57033941638141,113734159062249
57033974870227,113734192294124
57033974966352,113734192390249
57034008198796,113734225622574
57034008294471,113734225718249
57034041523653,113734258947374
57034041622529,113734259046249
57034074885790,113734292309375
57034074950665,113734292374249
57034108216785,113734325640199
57034108278836,113734325702249
57034141545297,113734358968699
57034141638845,113734359062249
57034174872205,113734392296036
57034174966419,113734392390249
57034208239535,113734425662949
57034208294836,113734425718249
57034241524951,113734458947949
57034241623252,113734459046249
57034274852651,113734492275249
57034274951652,113734492374249
57034308180252,113734525602574
57034308279927,113734525702249
57034341541165,113734558963411
57034341640004,113734559062249
57034374868637,113734592290749
57034374968137,113734592390249
57034408199845,113734625621824
57034408296270,113734625718249
57034441524528,113734658946374
57034441624404,113734659046249
57034474865699,113734692287411
57034474952537,113734692374249
57034508183170,113734725604749
57034508280671,113734725702249
57034541567466,113734758988911
57034541656804,113734759078249
57034574891187,113734792312499
57034574984937,113734792406249
57034608216166,113734825637286
57034608313130,113734825734249
57034641539855,113734858960661
57034641641444,113734859062249
57034674882251,113734892302911
57034674969590,113734892390249
57034708207147,113734925627661
57034708297736,113734925718249
57034741538171,113734958958499
57034741625922,113734959046249
57034774866912,113734992286999
57034774954162,113734992374249
57034808187995,113735025608036
57034808282208,113735025702249
57034841548758,113735058968699
57034841642309,113735059062249
57034874873662,113735092293449
57034874970463,113735092390249
57034908209778,113735125629411
57034908298617,113735125718249
57034941539578,113735158959074
57034941626753,113735159046249
57034974867004,113735192286411
57034974954843,113735192374249
57035008194467,113735225613749
57035008282967,113735225702249
57035041555478,113735258974574
57035041643154,113735259062249
57035074883030,113735292301911
57035074971368,113735292390249
57035108210492,113735325629249
57035108299492,113735325718249
57035141537883,113735358956536
57035141627597,113735359046249
57035174869271,113735392287624
57035174955896,113735392374249
57035208196751,113735425614949
57035208284052,113735425702249
57035241557787,113735458975786
57035241612250,113735459030249
57035274884992,113735492303124
57035274972115,113735492390249
57035308211885,113735525630411
57035308299724,113735525718249
57035341539471,113735558957749
57035341627971,113735559046249
57035374867043,113735592285074
57035374956218,113735592374249
57035408194627,113735625612411
57035408284466,113735625702249
57035441525912,113735658943449
57035441612713,113735659030249
57035474853496,113735692270786
57035474940960,113735692358249
57035508181082,113735725598124
57035508269207,113735725686249
57035541552366,113735758969161
57035541629455,113735759046249
57035574883621,113735792300199
57035574957671,113735792374249
57035608208776,113735825625199
57035608285827,113735825702249
57035641540053,113735858956249
57035641614054,113735859030249
57035674867523,113735892283574
57035674974198,113735892390249
57035708196827,113735925612699
57035708302377,113735925718249
57035741552756,113735958968449
57035741630556,113735959046249
57035774880267,113735992295786
57035774958730,113735992374249
57035808218879,113736025634286
57035808286842,113736025702249
57035841536674,113736058952036
57035841614888,113736059030249
57035874871868,113736092286999
57035874975119,113736092390249
57035908201856,113736125616874
57035908303231,113736125718249
57035941558131,113736158973036
57035941631344,113736159046249
57035974883483,113736192298249
57035974959483,113736192374249
57036008204938,113736225619499
57036008287689,113736225702249
57036041542581,113736258957036
57036041615794,113736259030249
57036074870170,113736292284624
57036074975795,113736292390249
57036108196461,113736325610749
57036108303962,113736325718249
57036141555328,113736358969449
57036141632128,113736359046249
57036174881886,113736392295824
57036174960312,113736392374249
57036208209704,113736425623374
57036208288580,113736425702250
57036241543859,113736458957199
57036241616909,113736459030249
57036274865283,113736492278449
57036274977083,113736492390249
57036308190301,113736525603411
57036308305139,113736525718249
57036341520527,113736558933536
57036341633241,113736559046249
57036374879140,113736592291824
57036374961565,113736592374249
57036408206586,113736625619124
57036408289712,113736625702249
57036441534058,113736658946449
57036441617859,113736659030249
57036474861542,113736692273786
57036474946005,113736692358249
57036508192727,113736725604824
57036508274152,113736725686249
57036541531374,113736758943324
57036541634299,113736759046249
57036574885896,113736792297699
57036574962446,113736792374249
57036608215718,113736825627374
57036608290593,113736825702249
57036641574151,113736858985661
57036641666740,113736859078249
57036674898836,113736892310199
57036674994887,113736892406249
57036708226320,113736925637536
57036708323033,113736925734249
57036741552430,113736958963499
57036741651180,113736959062249
57036774879905,113736992290824
57036774979330,113736992390249
57036808207403,113737025618161
57036808307491,113737025718249
57036841538607,113737058949199
57036841635658,113737059046249
57036874866111,113737092276536
57036874963824,113737092374249
57036908193623,113737125603874
57036908291998,113737125702249
57036941521069,113737158931161
57036941620157,113737159030249
57036974848464,113737192258499
57036974948215,113737192358249
57037008213158,113737225623074
57037008308333,113737225718249
57037041536928,113737258946661
57037041636517,113737259046250
57037074864449,113737292273999
57037074964700,113737292374249
57037108195614,113737325605036
57037108292827,113737325702249
57037141522965,113737358932374
57037141620841,113737359030249
57037174872101,113737392281286
57037174949064,113737392358249
57037208212055,113737425620949
57037208309356,113737425718249
57037241544430,113737458953199
57037241637481,113737459046249
57037274871892,113737492280536
57037274965606,113737492374249
57037308199360,113737525607824
57037308293786,113737525702249
57037341526956,113737558935161
57037341622044,113737559030249
57037374858073,113737592266249
57037374950073,113737592358249
57037408215279,113737625623324
57037408310205,113737625718249
57037441546498,113737658954411
57037441638336,113737659046249
57037474873917,113737692281699
57037474966467,113737692374249
57037508201385,113737725609036
57037508294599,113737725702249
57037541528854,113737758936374
57037541622730,113737759030249
57037574856348,113737792263699
57037574950899,113737792358249
57037608221182,113737825628286
57037608279146,113737825686249
57037641544672,113737858951874
57037641639045,113737859046249
57037674871512,113737892279199
57037674966563,113737892374249
57037708203053,113737925610249
57037708295055,113737925702249
57037741530870,113737958937574
57037741623546,113737959030249
57037774853270,113737992259574
57037774951946,113737992358249
57037808191726,113738025597874
57037808280102,113738025686249
57037841546523,113738058952449
57037841640324,113738059046250
57037874872347,113738092278161
57037874968436,113738092374249
57037908202123,113738125607824
57037908296548,113738125702249
57037941529390,113738158934949
57037941624690,113738159030249
57037974864402,113738192269749
57037974952902,113738192358249
57038008191801,113738225597036
57038008281014,113738225686249
57038041544812,113738258949999
57038041641062,113738259046249
57038074872303,113738292277324
57038074969229,113738292374249
57038108200970,113738325605824
57038108297395,113738325702249
57038141525718,113738358930411
57038141625557,113738359030249
57038174853208,113738392257749
57038174953708,113738392358249
57038208184469,113738425588786
57038208281933,113738425686249
57038241541908,113738458945911
57038241642246,113738459046249
57038274869300,113738492273199
57038274970350,113738492374249
57038308200491,113738525604286
57038308298454,113738525702249
57038341527931,113738558931624
57038341626556,113738559030249
57038374859079,113738592262661
57038374954668,113738592358249
57038408182826,113738625586249
57038408282826,113738625686249
57038441510309,113738658913574
57038441610984,113738659014249
57038474841517,113738692244624
57038474939143,113738692342249
57038508169001,113738725571949
57038508267301,113738725670249
57038541544909,113738758947699
57038541643460,113738759046249
57038574872386,113738792275036
57038574971599,113738792374249
57038608207076,113738825609574
57038608299752,113738825702249
57038641535912,113738858938074
57038641628088,113738859030249
57038674860933,113738892262874
57038674956308,113738892358249
57038708188327,113738925590199
57038708284377,113738925686249
57038741549231,113738958951036
57038741612444,113738959014249
57038774873637,113738992275574
57038774972309,113738992374249
57038808200468,113739025602911
57038808299808,113739025702249
57038841528290,113739058930249
57038841628291,113739059030249
57038874856098,113739092257574
57038874956774,113739092358249
57038908183847,113739125584911
57038908285186,113739125686249
57038941515065,113739158915949
57038941613365,113739159014249
57038974875821,113739192276574
57038974973496,113739192374249
57039008207002,113739225607624
57039008301627,113739225702249
57039041534458,113739258934949
57039041629758,113739259030249
57039074861926,113739292262286
57039074957889,113739292358249
57039108189395,113739325589624
57039108286021,113739325686249
57039141516872,113739358916949
57039141614172,113739359014249
57039174881199,113739392281074
57039174974374,113739392374249
57039208208719,113739425608411
57039208302558,113739425702250
57039241532315,113739458931824
57039241630741,113739459030249
57039274871976,113739492271286
57039274958940,113739492358249
57039308199488,113739525598574
57039308287164,113739525686249
57039341521863,113739558920824
57039341615288,113739559014249
57039374887419,113739592286324
57039374975345,113739592374250
57039408207459,113739625606200
57039408303509,113739625702249
57039441534748,113739658933324
57039441631673,113739659030249
57039474868337,113739692266749
57039474959838,113739692358249
57039508193452,113739725591699
57039508288002,113739725686249
57039541524703,113739758922786
57039541616167,113739759014249
57039574881933,113739792279874
57039574976308,113739792374249
57039608213111,113739825610949
57039608304412,113739825702249
57039641540647,113739858938287
57039641632610,113739859030249
57039674868133,113739892265574
57039674960808,113739892358249
57039708195668,113739925592911
57039708289006,113739925686249
57039741523204,113739958920249
57039741617205,113739959014249
57039774884199,113739992281074
57039774977374,113739992374249
57039808211491,113740025608411
57039808305327,113740025702249
57039841538688,113740058935749
57039841633190,113740059030249
57039874870327,113740092266786
57039874961790,113740092358249
57039908197732,113740125594124
57039908289858,113740125686249
57039941529868,113740158926124
57039941617994,113740159014249
57039974853664,113740192249749
57039974946165,113740192342249
57040008211002,113740225606874
57040008306378,113740225702249
57040041538402,113740258934161
57040041634490,113740259030249
57040074865853,113740292261499
57040074962603,113740292358249
57040108197082,113740325592574
57040108290758,113740325686249
57040141524573,113740358919874
57040141618948,113740359014249
57040174851911,113740392247199
57040174946961,113740392342249
57040208213065,113740425608036
57040208307279,113740425702249
57040241540670,113740458935374
57040241635546,113740459030249
57040274868261,113740492262699
57040274963812,113740492358249
57040308195755,113740525590036
57040308291968,113740525686249
57040341523000,113740558917374
57040341619875,113740559014249
57040374854204,113740592248411
57040374948043,113740592342249
57040408211488,113740625605536
57040408308201,113740625702249
57040441538984,113740658932874
57040441636360,113740659030249
57040474870179,113740692263911
57040474964518,113740692358249
57040508199463,113740725593036
57040508292676,113740725686249
57040541528334,113740758921749
57040541620835,113740759014249
57040574853471,113740792246749
57040574948971,113740792342249
57040608218533,113740825611699
57040608309084,113740825702249
57040641538896,113740858931824
57040641637321,113740859030249
57040674871558,113740892264249
57040674965559,113740892358249
57040708205536,113740925598036
57040708293749,113740925686249
57040741529474,113740958921874
57040741621850,113740959014249
57040774858427,113740992250574
57040774950102,113740992342249
57040808218445,113741025610449
57040808310245,113741025702249
57040841542293,113741058934286
57040841638256,113741059030249
57040874872286,113741092264161
57040874966374,113741092358249
57040908203735,113741125595411
57040908294573,113741125686249
57040941504019,113741158895499
57040941622769,113741159014249
57040974853755,113741192245161
57040974950843,113741192342249
57041008214733,113741225605999
57041008278983,113741225670249
57041041541944,113741258933324
57041041638867,113741259030249
57041074868854,113741292260661
57041074966444,113741292358249
57041108196655,113741325587999
57041108294906,113741325686249
57041141524442,113741358915324
57041141623368,113741359014249
57041174852203,113741392242661
57041174951792,113741392342249
57041208179832,113741425569999
57041208280082,113741425670249
57041241545544,113741458935499
57041241640295,113741459030249
57041274901445,113741492291249
57041274968445,113741492358249
57041308204006,113741525593661
57041308296595,113741525686249
57041341527544,113741558917074
57041341624719,113741559014249
57041374858446,113741592247911
57041374952785,113741592342249
57041408192160,113741625581499
57041408280910,113741625670249
57041441515697,113741658904911
57041441609036,113741658998249
57041474846661,113741692235749
57041474937161,113741692326249
57041508168986,113741725557949
57041508265287,113741725654249
57041541544662,113741758933499
57041541641412,113741759030249
57041574876787,113741792265499
57041574969538,113741792358249
57041608204238,113741825592824
57041608297663,113741825686249
57041641536451,113741858924824
57041641625878,113741859014249
57041674856548,113741892244499
57041674954299,113741892342249
57041708191550,113741925579286
57041708282514,113741925670249
57041741551158,113741958938749
57041741642659,113741959030249
57041774874638,113741992262124
57041774970763,113741992358249
57041808205817,113742025593199
57041808298867,113742025686249
57041841530709,113742058917949
57041841627010,113742059014249
57041874858240,113742092245286
57041874955203,113742092342250
57041908185619,113742125572624
57041908283245,113742125670249
57041941546615,113742158933449
57041941643416,113742159030249
57041974874089,113742192260786
57041974971552,113742192358249
57042008209473,113742225595999
57042008299724,113742225686250
57042041534616,113742258920949
57042041627916,113742259014249
57042074866001,113742292252249
57042074956002,113742292342249
57042108188851,113742325574874
57042108284227,113742325670249
57042141554913,113742358940824
57042141612338,113742358998249
57042174879685,113742392265786
57042174972147,113742392358249
57042208210588,113742425597074
57042208299764,113742425686249
57042241538433,113742458924411
57042241628272,113742459014249
57042274866229,113742492251699
57042274956781,113742492342249
57042308197732,113742525582786
57042308285196,113742525670249
57042341525184,113742558910074
57042341613360,113742558998249
57042374886284,113742592270949
57042374973585,113742592358249
57042408213746,113742625598286
57042408301710,113742625686249
57042441541159,113742658925574
57042441629835,113742659014249
57042474868621,113742692252911
57042474957960,113742692342249
57042508196084,113742725580249
57042508286085,113742725670249
57042541523534,113742758907574
57042541614210,113742758998249
57042574884511,113742792268411
57042574974350,113742792358249
57042608212035,113742825595749
57042608302536,113742825686249
57042641569346,113742858952874
57042641630721,113742859014249
57042674870782,113742892254124
57042674958907,113742892342249
57042708198292,113742925581449
57042708287093,113742925670249
57042741525796,113742958908786
57042741615259,113742958998249
57042774886756,113742992269624
57042774975382,113742992358249
57042808214247,113743025596949
57042808303547,113743025686249
57042841541749,113743058924286
57042841631713,113743059014249
57042874872953,113743092255324
57042874959878,113743092342249
57042908200456,113743125582661
57042908288044,113743125670249
57042941527959,113743158909999
57042941616210,113743158998250
57042974888950,113743192270824
57042974976375,113743192358249
57043008216447,113743225598161
57043008304536,113743225686249
57043041543881,113743258925449
57043041632682,113743259014249
57043074870952,113743292252374
57043074960828,113743292342249
57043108190942,113743325572249
57043108288942,113743325670249
57043141523246,113743358904499
57043141616997,113743358998249
57043174885229,113743392266286
57043174977193,113743392358249
57043208203856,113743425584786
57043208305318,113743425686249
57043241537319,113743458918374
57043241633197,113743459014249
57043274868827,113743492249249
57043274961827,113743492342249
57043308196225,113743525576536
57043308289938,113743525670249
57043341523717,113743558903874
57043341618093,113743558998249
57043374899622,113743592279624
57043374994247,113743592374249
57043408227101,113743625606949
57043408322402,113743625702249
57043441558306,113743658937999
57043441650556,113743659030249
57043474885786,113743692265324
57043474978711,113743692358249
57043508213277,113743725592661
57043508306866,113743725686249
57043541540770,113743758919999
57043541635020,113743759014249
57043574868211,113743792247286
57043574963175,113743792342249
57043608199454,113743825578374
57043608291329,113743825670249
57043641526980,113743858905699
57043641619531,113743858998249
57043674854552,113743892232999
57043674947802,113743892326249
57043708215497,113743925593874
57043708307873,113743925686249
57043741542926,113743958921161
57043741636014,113743959014249
57043774870406,113743992248499
57043774964156,113743992342249
57043808197901,113744025575824
57043808292327,113744025670249
57043841525459,113744058903161
57043841620547,113744058998249
57043874856636,113744092234199
57043874948687,113744092326249
57043908213972,113744125591324
57043908308898,113744125686249
57043941545164,113744158922374
57043941637039,113744159014249
57043974872631,113744192249699
57043974965181,113744192342249
57044008200098,113744225577036
57044008293311,113744225670249
57044041527509,113744258904374
57044041621384,113744258998249
57044074854910,113744292231699
57044074949461,113744292326249
57044108215994,113744325592536
57044108309708,113744325686249
57044141543475,113744358919874
57044141637850,113744359014249
57044174870955,113744392247199
57044174966006,113744392342249
57044208202157,113744425578249
57044208294158,113744425670249
57044241529753,113744458905574
57044241622428,113744458998249
57044274857252,113744492232874
57044274950627,113744492326249
57044308219173,113744525594699
57044308310723,113744525686249
57044341540181,113744558915749
57044341638679,113744559014249
57044374867011,113744592242874
57044374966386,113744592342249
57044408204367,113744625579999
57044408294618,113744625670249
57044441533099,113744658908499
57044441622850,113744658998249
57044474859456,113744692234624
57044474951081,113744692326249
57044508193062,113744725567999
57044508279313,113744725654249
57044541549044,113744758923749
57044541639545,113744759014249
57044574949277,113744792323749
57044574967777,113744792342249
57044608202133,113744825576374
57044608296008,113744825670249
57044641534602,113744858908574
57044641624278,113744858998249
57044674861824,113744892235499
57044674952574,113744892326249
57044708184111,113744925557749
57044708280611,113744925654249
57044741544816,113744958918374
57044741640691,113744959014249
57044774876999,113744992250374
57044774968875,113744992342249
57044808201969,113745025575161
57044808297058,113745025670249
57044841525528,113745058898536
57044841625241,113745058998249
57044874856549,113745092229374
57044874953425,113745092326249
57044908187766,113745125560411
57044908281605,113745125654249
57044941554841,113745158927324
57044941641767,113745159014249
57044974898404,113745192270749
57044974969904,113745192342249
57045008205829,113745225578036
57045008298042,113745225670249
57045041533309,113745258905374
57045041626185,113745258998249
57045074864539,113745292236449
57045074954340,113745292326249
57045108191964,113745325563749
57045108282464,113745325654249
57045141552934,113745358924624
57045141642559,113745359014249
57045174880429,113745392251911
57045174970768,113745392342249
57045208207975,113745425579249
57045208298976,113745425670249
57045241535496,113745458906574
57045241627172,113745458998249
57045274862985,113745492233911
57045274955324,113745492326249
57045308190485,113745525561249
57045308283486,113745525654249
57045341551531,113745558922074
57045341643707,113745559014249
57045374884296,113745592254699
57045374971846,113745592342249
57045408205919,113745625576199
57045408299969,113745625670249
57045441530254,113745658900411
57045441628092,113745658998249
57045474867165,113745692237199
57045474956215,113745692326249
57045508189213,113745725559124
57045508284338,113745725654249
57045541551586,113745758921374
57045541612461,113745758982249
57045574875450,113745792245374
57045574972322,113745792342249
57045608203802,113745825574286
57045608299767,113745825670249
57045641530748,113745858900661
57045641628338,113745858998249
57045674861194,113745892230536
57045674956909,113745892326249
57045708186715,113745925555536
57045708285429,113745925654249
57045741525691,113745958894249
57045741613691,113745958982249
57045774886514,113745992255074
57045774973689,113745992342249
57045808214047,113746025582411
57045808301885,113746025670249
57045841541581,113746058909749
57045841630081,113746058998249
57045874869074,113746092237074
57045874958249,113746092326249
57045908200226,113746125568124
57045908286351,113746125654249
57045941527705,113746158895449
57045941614506,113746158982249
57045974884985,113746192252574
57045974974660,113746192342249
57046008216190,113746225583624
57046008302815,113746225670249
57046041543669,113746258910949
57046041630970,113746258998249
57046074871161,113746292238286
57046074959125,113746292326249
57046108198604,113746325565574
57046108287279,113746325654249
57046141526072,113746358892911
57046141615410,113746358982249
57046174887004,113746392253749
57046174975504,113746392342249
57046208214532,113746425581074
57046208303708,113746425670249
57046241545785,113746458912124
57046241631911,113746458998249
57046274917614,113746492283749
57046274960114,113746492326249
57046308229067,113746525594999
57046308320318,113746525686249
57046341557753,113746558923499
57046341648504,113746559014249
57046374885220,113746592250824
57046374976645,113746592342249
57046408212723,113746625578161
57046408304812,113746625670249
57046441543728,113746658908999
57046441632978,113746658998249
57046474867270,113746692232375
57046474961145,113746692326249
57046508194761,113746725559699
57046508289312,113746725654249
57046541524603,113746758889374
57046541617478,113746758982249
57046574885353,113746792250000
57046574945603,113746792310250
57046608213851,113746825578499
57046608305601,113746825670249
57046641535076,113746858899574
57046641633753,113746858998249
57046674872651,113746892236661
57046674962240,113746892326249
57046708201333,113746925565161
57046708290422,113746925654249
57046741525096,113746958888786
57046741618559,113746958982249
57046774886071,113746992249624
57046774978696,113746992342249
57046808213531,113747025576949
57046808306831,113747025670249
57046841544709,113747058907999
57046841634960,113747058998249
57046874872162,113747092235324
57046874963088,113747092326249
57046908199628,113747125562661
57046908291216,113747125654249
57046941527094,113747158889999
57046941619344,113747158982249
57046974854514,113747192217286
57046974947477,113747192310249
57047008215542,113747225578161
57047008307630,113747225670249
57047041543000,113747258905449
57047041635801,113747258998249
57047074870508,113747292232786
57047074963971,113747292326249
57047108201766,113747325563874
57047108292142,113747325654249
57047141529224,113747358891161
57047141620312,113747358982249
57047174856736,113747392218499
57047174948486,113747392310249
57047208217739,113747425579325
57047208308664,113747425670249
57047241545234,113747458906661
57047241636822,113747458998249
57047274872730,113747492233999
57047274964980,113747492326249
57047308195513,113747525556624
57047308293138,113747525654249
57047341527871,113747558888824
57047341621297,113747558982249
57047374852617,113747592213411
57047374949456,113747592310249
57047408213193,113747625573824
57047408309619,113747625670249
57047441549106,113747658909574
57047441637781,113747658998249
57047474874980,113747692235286
57047474965943,113747692326249
57047508204605,113747725564749
57047508294106,113747725654249
57047541531893,113747758891874
57047541622268,113747758982249
57047574855214,113747792215036
57047574950427,113747792310249
57047608213467,113747825573124
57047608310592,113747825670249
57047641547000,113747858906536
57047641638713,113747858998249
57047674875359,113747892234824
57047674966786,113747892326249
57047708205667,113747925564499
57047708295417,113747925654249
57047741535383,113747958894161
57047741623472,113747958982249
57047774858886,113747992217536
57047774951599,113747992310249
57047808184913,113748025543499
57047808279664,113748025638249
57047841548437,113748058906874
57047841639813,113748058998249
57047874878220,113748092236536
57047874967934,113748092326249
57047908205466,113748125563661
57047908296055,113748125654249
57047941531766,113748158889824
57047941624191,113748158982249
57047974857923,113748192215786
57047974952387,113748192310249
57048008185485,113748225543124
57048008280611,113748225638249
57048041546496,113748258903949
57048041640796,113748258998249
57048074875952,113748292233249
57048074968952,113748292326249
57048108200895,113748325558036
57048108297108,113748325654249
57048141528389,113748358885374
57048141625264,113748358982249
57048174855832,113748392212661
57048174953420,113748392310249
57048208183339,113748425539999
57048208281589,113748425638249
57048241544367,113748458900824
57048241641792,113748458998249
57048274871891,113748492228161
57048274969980,113748492326250
57048308203166,113748525559249
57048308298167,113748525654249
57048341535171,113748558891074
57048341626347,113748558982249
57048374856580,113748592212324
57048374954505,113748592310249
57048408238738,113748625594324
57048408330664,113748625686249
57048441561572,113748658916999
57048441658822,113748659014249
57048474894142,113748692249411
57048474986981,113748692342249
57048508225338,113748725580449
57048508315139,113748725670249
57048541555584,113748758910536
57048541643297,113748758998249
57048574883080,113748792237874
57048574971456,113748792326249
57048608210582,113748825565199
57048608299633,113748825654249
57048641538158,113748858892536
57048641627872,113748858982249
57048674869396,113748892223574
57048674956071,113748892310249
57048708196791,113748925550911
57048708284130,113748925638249
57048741557803,113748958911749
57048741612303,113748958966249
57048774885074,113748992239074
57048774972247,113748992326249
57048808211942,113749025566411
57048808299781,113749025654249
57048841539754,113749058893749
57048841628256,113749058982249
57048874867554,113749092221074
57048874956731,113749092310249
57048908209201,113749125562324
57048908285127,113749125638249
57048941516903,113749158869874
57048941613279,113749158966249
57048974878077,113749192230911
57048974973416,113749192326249
57049008208315,113749225560999
57049008301566,113749225654249
57049041537590,113749258890124
57049041629716,113749258982249
57049074864121,113749292216499
57049074957871,113749292310249
57049108190633,113749325542874
57049108286008,113749325638249
57049141520974,113749358873161
57049141614063,113749358966249
57049174884709,113749392236749
57049174974209,113749392326249
57049208206969,113749425558786
57049208302433,113749425654249
57049241529855,113749458881449
57049241630656,113749458982249
57049274904629,113749492255999
57049274958879,113749492310249
57049308219852,113749525570999
57049308319103,113749525670249
57049341551291,113749558902249
57049341647291,113749558998249
57049374881261,113749592232124
57049374975386,113749592326249
57049408208717,113749625559449
57049408303517,113749625654249
57049441547348,113749658897949
57049441631648,113749658982249
57049474863654,113749692214124
57049474959780,113749692310249
57049508191110,113749725541449
57049508287911,113749725638249
57049541522292,113749758872499
57049541616042,113749758966249
57049574879573,113749792229624
57049574976199,113749792326249
57049608210831,113749825560661
57049608304419,113749825654249
57049641538348,113749858887999
57049641632598,113749858982249
57049674865852,113749892215324
57049674960778,113749892310249
57049708193409,113749925542661
57049708288998,113749925638249
57049741524703,113749958873699
57049741617253,113749958966249
57049774881855,113749992230824
57049774977280,113749992326249
57049808209209,113750025558161
57049808305296,113750025654249
57049841536375,113750058885449
57049841633177,113750058982249
57049874868095,113750092216536
57049874961808,113750092310249
57049908195577,113750125543874
57049908289952,113750125638249
57049941522965,113750158871161
57049941618053,113750158966249
57049974850514,113750192198499
57049974946265,113750192294249
57050008211491,113750225559324
57050008306416,113750225654249
57050041538994,113750258886661
57050041634583,113750258982249
57050074866499,113750292213999
57050074962749,113750292310249
57050108193970,113750325541324
57050108290895,113750325638249
57050141525097,113750358872374
57050141618972,113750358966249
57050174852529,113750392199699
57050174947080,113750392294249
57050208213616,113750425560536
57050208307330,113750425654249
57050241541175,113750458887874
57050241635551,113750458982249
57050274874058,113750492220536
57050274963772,113750492310249
57050308201554,113750525547824
57050308291980,113750525638249
57050341529077,113750558875161
57050341620165,113750558966249
57050374856616,113750592202499
57050374948366,113750592294249
57050408217543,113750625563324
57050408308468,113750625654249
57050441544982,113750658890661
57050441636570,113750658982249
57050474876122,113750692221699
57050474964672,113750692310249
57050508203561,113750725549036
57050508292775,113750725638249
57050541531001,113750758876374
57050541620877,113750758966249
57050574858479,113750792203699
57050574949030,113750792294249
57050608219595,113750825564536
57050608309308,113750825654249
57050641550816,113750858895574
57050641637492,113750858982250
57050674874624,113750892219199
57050674965675,113750892310249
57050708202145,113750925546536
57050708293858,113750925638249
57050741596666,113750958940874
57050741670042,113750959014249
57050774909300,113750992253325
57050774998225,113750992342249
57050808236783,113751025580624
57050808326408,113751025670249
57050841562166,113751058905824
57050841654592,113751058998249
57050874889686,113751092233161
57050874982775,113751092326249
57050908213424,113751125556749
57050908310924,113751125654249
57050941544576,113751158887824
57050941639001,113751158982249
57050974872088,113751192215161
57050974967176,113751192310249
57051008199551,113751225542449
57051008295351,113751225638249
57051041526982,113751258869786
57051041623444,113751258966249
57051074854304,113751292197124
57051074951430,113751292294249
57051108219211,113751325561699
57051108279761,113751325622249
57051141549638,113751358891999
57051141639889,113751358982249
57051174868563,113751392210699
57051174968114,113751392310249
57051208202375,113751425544286
57051208296339,113751425638250
57051241534077,113751458875786
57051241624541,113751458966249
57051274859180,113751492200749
57051274952680,113751492294249
57051308182769,113751525524161
57051308280857,113751525622249
57051341545947,113751558887124
57051341641072,113751558982249
57051374928857,113751592269874
57051374969232,113751592310249
57051408204016,113751625544874
57051408297391,113751625638249
57051441537338,113751658878036
57051441625551,113751658966249
57051474860910,113751692201449
57051474953711,113751692294249
57051508187032,113751725527411
57051508281870,113751725622249
57051541546654,113751758886874
57051541642030,113751758982249
57051574874139,113751792214199
57051574970189,113751792310249
57051608211386,113751825551286
57051608298349,113751825638249
57051641527708,113751858867449
57051641626509,113751858966249
57051674855226,113751892194786
57051674954690,113751892294249
57051708186513,113751925525824
57051708282939,113751925622249
57051741543847,113751958882949
57051741643147,113751958982249
57051774875014,113751992213999
57051774971264,113751992310249
57051808202583,113752025541324
57051808299508,113752025638249
57051841530021,113752058868661
57051841627610,113752058966249
57051874859317,113752092197786
57051874955780,113752092294249
57051908188183,113752125526499
57051908283933,113752125622249
57051941550225,113752158888499
57051941643975,113752158982249
57051974877595,113752192215824
57051974972018,113752192310249
57052008205733,113752225544124
57052008299860,113752225638249
57052041540944,113752258878699
57052041628494,113752258966249
57052074868286,113752292205999
57052074956536,113752292294249
57052108211676,113752325549199
57052108284726,113752325622249
57052141513109,113752358850449
57052141612909,113752358950249
57052174874094,113752392211286
57052174973058,113752392310249
57052208205865,113752425542786
57052208301329,113752425638249
57052241541099,113752458877749
57052241629600,113752458966249
57052274871233,113752492207624
57052274957858,113752492294249
57052308190101,113752525526324
57052308286026,113752525622249
57052341517477,113752558853661
57052341614066,113752558950249
57052374878457,113752592214499
57052374974207,113752592310249
57052408208073,113752625543949
57052408302374,113752625638249
57052441534202,113752658869911
57052441630540,113752658966249
57052474859156,113752692194699
57052474958707,113752692294249
57052508198998,113752725534374
57052508286874,113752725622249
57052541526490,113752758861699
57052541615040,113752758950249
57052574887500,113752792222536
57052574975214,113752792310249
57052608206607,113752825541449
57052608303407,113752825638249
57052641535512,113752858870161
57052641631600,113752858966249
57052674860705,113752892195161
57052674959794,113752892294249
57052708188399,113752925522661
57052708287987,113752925622249
57052741528493,113752958862574
57052741616169,113752958950249
57052774915514,113752992249449
57052774976315,113752992310249
57052808265335,113753025599124
57052808304461,113753025638249
57052841544393,113753058878036
57052841632606,113753058966249
57052874871877,113753092205374
57052874960752,113753092294249
57052908309473,113753125642824
57052908336898,113753125670249
57052941574419,113753158907624
57052941665044,113753158998249
57052974903015,113753192236074
57052974993190,113753192326249
57053008229461,113753225562374
57053008321336,113753225654249
57053041557256,113753258889999
57053041649507,113753258982249
57053074884783,113753292217324
57053074977708,113753292310249
57053108305615,113753325638249
57053108324815,113753325657449
57053141542153,113753358874999
57053141633406,113753358966249
57053174866510,113753392198574
57053174962186,113753392294249
57053208196875,113753425528661
57053208290464,113753425622249
57053241517946,113753458849499
57053241618697,113753458950249
57053274860517,113753492191911
57053274946856,113753492278249
57053308208555,113753525539786
57053308307018,113753525638249
57053341573306,113753558904374
57053341667181,113753558998249
57053374899630,113753592230536
57053374995344,113753592326249
57053408265293,113753625596036
57053408323506,113753625654249
57053441559293,113753658889874
57053441651669,113753658982249
57053474886781,113753692217199
57053474979831,113753692310249
57053508214243,113753725544499
57053508307994,113753725638250
57053541541731,113753758871824
57053541636156,113753758966249
57053574869230,113753792199161
57053574964318,113753792294249
57053608200430,113753825530199
57053608292481,113753825622249
57053641557718,113753858887324
57053641652644,113753858982249
57053674885291,113753892214661
57053674980880,113753892310249
57053708216709,113753925545699
57053708309260,113753925638249
57053741544187,113753958873036
57053741637400,113753958966249
57053774871666,113753992200374
57053774965541,113753992294249
57053808193257,113754025521824
57053808293682,113754025622249
57053841520734,113754058849161
57053841621823,113754058950249
57053874857224,113754092185536
57053874949937,113754092278249
57053908216004,113754125544249
57053908310005,113754125638249
57053941547612,113754158875699
57053941638163,113754158966249
57053974879607,113754192207536
57053974966321,113754192294249
57054008202698,113754225530411
57054008294536,113754225622249
57054041525609,113754258853249
57054041622610,113754258950249
57054074741054,113754292068536
57054074950768,113754292278249
57054108219104,113754325546411
57054108278942,113754325606249
57054141547978,113754358875324
57054141638901,113754358966249
57054174873115,113754392200949
57054174966416,113754392294249
57054208233344,113754425560624
57054208294970,113754425622249
57054241531223,113754458857949
57054241623524,113754458950249
57054274863177,113754492189449
57054274951977,113754492278249
57054308180596,113754525506749
57054308280096,113754525606249
57054341547987,113754558874074
57054341640163,113754558966249
57054374874531,113754592200449
57054374968332,113754592294249
57054408204575,113754625530324
57054408296501,113754625622249
57054441534619,113754658860199
57054441624670,113754658950249
57054474862338,113754692187749
57054474952839,113754692278249
57054508189832,113754725515074
57054508281008,113754725606249
57054541550839,113754758875911
57054541641177,113754758966249
57054574878346,113754792203249
57054574969346,113754792294249
57054608205840,113754825530574
57054608297515,113754825622249
57054641570596,113754858895161
57054641625684,113754858950249
57054674860853,113754892185249
57054674953853,113754892278249
57054708236722,113754925560949
57054708330023,113754925654249
57054741567978,113754958892036
57054741658192,113754958982249
57054774895435,113754992219324
57054774986361,113754992310249
57054808222926,113755025546661
57054808314514,113755025638249
57054841550394,113755058873999
57054841642644,113755058966249
57054874877914,113755092201324
57054874970840,113755092294249
57054908205447,113755125528661
57054908299036,113755125622249
57054941538759,113755158861824
57054941627184,113755158950249
57054974862427,113755192185449
57054974955227,113755192278249
57055008184788,113755225507661
57055008283377,113755225606249
57055041555593,113755258878286
57055041643557,113755258966249
57055074883087,113755292205624
57055074971712,113755292294249
57055108205291,113755325527824
57055108299717,113755325622249
57055141535297,113755358857499
57055141628047,113755358950249
57055174855420,113755392177411
57055174956258,113755392278249
57055208186694,113755425508449
57055208284495,113755425606249
57055241547768,113755458869286
57055241612731,113755458934249
57055274875212,113755492196624
57055274972838,113755492294249
57055308209887,113755525531161
57055308300975,113755525622249
57055341531112,113755558852249
57055341629112,113755558950249
57055374858580,113755592179574
57055374957256,113755592278249
57055408189793,113755625510624
57055408285418,113755625606249
57055441517080,113755658837749
57055441613581,113755658934249
57055474851993,113755692172499
57055474941743,113755692262249
57055508174980,113755725495324
57055508269906,113755725590249
57055541535980,113755758856161
57055541630068,113755758950249
57055574863480,113755792183499
57055574958230,113755792278249
57055608190988,113755825510824
57055608286414,113755825606249
57055641515765,113755858835374
57055641614641,113755858934249
57055674876783,113755892196249
57055674974783,113755892294249
57055708203079,113755925522374
57055708302954,113755925622249
57055741530575,113755958849699
57055741631125,113755958950249
57055774891583,113755992210536
57055774991296,113755992310249
57055808219092,113756025537874
57055808319467,113756025638249
57055841546591,113756058865199
57055841647641,113756058966249
57055874877816,113756092196249
57055874975817,113756092294249
57055908205294,113756125523574
57055908303970,113756125622249
57055941532784,113756158850911
57055941632123,113756158950249
57055974873775,113756192191749
57055974960276,113756192278249
57056008187553,113756225505374
57056008288429,113756225606249
57056041558531,113756258876199
57056041616582,113756258934249
57056074889734,113756292207249
57056074976735,113756292294249
57056108217213,113756325534574
57056108304889,113756325622249
57056141534457,113756358851699
57056141633007,113756358950250
57056174861866,113756392179036
57056174961080,113756392278249
57056208189442,113756425506324
57056208289367,113756425606249
57056241517014,113756458833661
57056241617603,113756458934249
57056274881824,113756492198249
57056274945824,113756492262249
57056308205214,113756525521824
57056308305637,113756525622249
57056341531976,113756558849161
57056341633065,113756558950249
57056374863293,113756592180199
57056374961343,113756592278249
57056408190908,113756625507536
57056408289622,113756625606249
57056441518525,113756658834874
57056441617901,113756658934249
57056474846128,113756692162199
57056474946179,113756692262249
57056508173744,113756725489536
57056508274458,113756725590249
57056541534861,113756758850374
57056541634737,113756758950249
57056574862464,113756792177699
57056574963015,113756792278249
57056608197282,113756825512249
57056608291282,113756825606249
57056641527214,113756858841911
57056641619553,113756858934249
57056674858386,113756892172786
57056674947849,113756892262249
57056708211613,113756925525949
57056708307913,113756925622249
57056741542606,113756958856786
57056741636069,113756958950249
57056774891050,113756992205074
57056774964225,113756992278249
57056808193667,113757025507536
57056808292381,113757025606249
57056841523486,113757058837199
57056841620536,113757058934249
57056874850952,113757092164499
57056874948702,113757092262249
57056908212003,113757125525374
57056908308879,113757125622249
57056941539407,113757158852661
57056941636995,113757158950249
57056974870612,113757192183749
57056974965112,113757192278249
57057008198097,113757225511074
57057008293273,113757225606249
57057041530372,113757258843074
57057041621547,113757258934249
57057074851602,113757292164124
57057074949727,113757292262249
57057108217439,113757325529874
57057108309814,113757325622249
57057141544662,113757358856999
57057141637913,113757358950249
57057174873339,113757392185449
57057174966140,113757392278249
57057208202067,113757425513949
57057208294367,113757425606249
57057241531949,113757458843661
57057241622538,113757458934249
57057274856857,113757492168411
57057274950696,113757492262249
57057308214160,113757525525536
57057308278873,113757525590249
57057341541547,113757558852874
57057341638920,113757558950249
57057374868299,113757592180199
57057374966350,113757592278249
57057408195673,113757625507286
57057408294637,113757625606249
57057441527048,113757658838374
57057441622924,113757658934249
57057476541512,113757693852536
57057476631225,113757693942249
57057508281410,113757725592161
57057508375499,113757725686249
57057541612735,113757758923199
57057541703786,113757759014249
57057574940359,113757792250536
57057575032073,113757792342249
57057608267948,113757825577874
57057608360324,113757825670249
57057641599162,113757858908911
57057641688500,113757858998249
57057674926731,113757892236249
57057675016731,113757892326249
57057708261682,113757925571036
57057708344896,113757925654249
57057741596717,113757958905786
57057741673181,113757958982249
57057774909321,113757992218249
57057775001322,113757992310250
57057808236787,113758025545574
57057808329462,113758025638249
57057841567978,113758058876624
57057841657603,113758058966249
57057874891693,113758092200199
57057874985744,113758092294249
57057908222901,113758125531286
57057908313864,113758125622249
57057941550264,113758158858574
57057941641940,113758158950249
57057974877731,113758192185911
57057974970069,113758192278249
57058008205198,113758225513249
57058008298198,113758225606249
57058041532668,113758258840574
57058041626344,113758258934249
57058074860212,113758292167911
57058074954551,113758292262249
57058108193079,113758325500536
57058108282792,113758325590249
57058141550445,113758358857661
57058141643034,113758358950249
57058174881689,113758392188699
57058174971240,113758392278249
57058208209160,113758425516036
57058208299374,113758425606250
57058241536725,113758458843374
57058241627600,113758458934249
57058274864233,113758492170699
57058274955783,113758492262249
57058308191773,113758525498036
57058308283987,113758525590249
57058341552762,113758558858874
57058341612137,113758558918249
57058374928663,113758592234624
57058375004288,113758592310249
57058408241225,113758625547036
57058408332439,113758625638249
57058441568714,113758658874374
57058441660589,113758658966249
57058474896189,113758692201699
57058474988740,113758692294249
57058508227390,113758725532749
57058508316890,113758725622249
57058541554865,113758758860074
57058541645041,113758758950249
57058574882361,113758792187411
57058574973199,113758792278249
57058608209832,113758825514699
57058608301382,113758825606249
57058641537352,113758858842036
57058641629566,113758858934249
57058674868624,113758892173124
57058674957749,113758892262249
57058708196104,113758925500411
57058708285942,113758925590249
57058741557173,113758958861286
57058741614136,113758958918249
57058774884577,113758992188574
57058774974252,113758992278249
57058808241818,113759025545699
57058808334369,113759025638250
57058841572984,113759058876749
57058841662484,113759058966249
57058874900425,113759092204074
57058874990600,113759092294249
57058908227919,113759125531411
57058908318758,113759125622249
57058941555479,113759158858749
57058941646979,113759158950249
57058974882867,113759192186074
57058974975042,113759192278249
57059008214073,113759225517124
57059008303198,113759225606249
57059041541553,113759258844449
57059041631354,113759258934249
57059074869046,113759292171786
57059074959510,113759292262249
57059108196540,113759325499124
57059108287665,113759325590249
57059141524046,113759358826449
57059141615847,113759358918249
57059174885151,113759392187286
57059174976115,113759392278249
57059208212760,113759425514624
57059208304385,113759425606249
57059241540238,113759458841911
57059241632577,113759458934249
57059274871518,113759492172999
57059274960769,113759492262249
57059308199026,113759525500324
57059308288952,113759525590249
57059341526444,113759558827624
57059341617069,113759558918249
57059374887357,113759592188499
57059374977108,113759592278249
57059408216438,113759625517411
57059408305276,113759625606249
57059441536482,113759658837286
57059441633445,113759658934249
57059474867689,113759692168324
57059474961614,113759692262249
57059508195194,113759725495661
57059508289783,113759725590249
57059541526401,113759758826699
57059541617952,113759758918249
57059574887383,113759792187536
57059574946096,113759792246249
57059608214834,113759825514874
57059608306210,113759825606249
57059641542401,113759858842199
57059641634451,113759858934249
57059674869979,113759892169536
57059674962693,113759892262249
57059708197542,113759925496874
57059708290917,113759925590249
57059741524999,113759958824161
57059741619088,113759958918249
57059774852314,113759992151499
57059774947062,113759992246249
57059808212792,113760025512374
57059808306668,113760025606249
57059841540355,113760058839661
57059841634944,113760058934249
57059874871719,113760092170749
57059874963220,113760092262249
57059908199282,113760125498036
57059908291496,113760125590249
57059941562021,113760158860499
57059941651772,113760158950249
57059974889630,113760192187824
57059974980056,113760192278249
57060008213477,113760225511411
57060008308316,113760225606250
57060041540927,113760258838749
57060041636428,113760258934249
57060074868365,113760292166074
57060074964540,113760292262249
57060108195859,113760325493411
57060108292698,113760325590249
57060141527150,113760358824449
57060141620950,113760358918249
57060174854632,113760392151786
57060174949096,113760392246249
57060208215710,113760425512624
57060208309336,113760425606249
57060241543300,113760458839949
57060241637600,113760458934249
57060274870798,113760492167286
57060274965762,113760492262249
57060308198252,113760525494624
57060308293877,113760525590249
57060341525627,113760558821911
57060341621966,113760558918249
57060374853146,113760592149249
57060374950146,113760592246249
57060408214144,113760625510074
57060408310319,113760625606249
57060441541654,113760658837411
57060441638492,113760658934249
57060474872915,113760692168499
57060474966665,113760692262249
57060508200374,113760725495786
57060508294838,113760725590249
57060541527885,113760758823124
57060541623011,113760758918249
57060574855343,113760792150449
57060574951143,113760792246249
57060608220022,113760825515036
57060608279235,113760825574249
57060641543904,113760858838624
57060641639530,113760858934249
57060674871367,113760892165949
57060674967667,113760892262249
57060708198841,113760925493286
57060708295804,113760925590249
57060741530071,113760958824324
57060741623997,113760958918249
57060774857698,113760992151661
57060774952286,113760992246249
57060808185129,113761025478999
57060808280380,113761025574249
57060841539040,113761058832786
57060841640504,113761058934249
57060874877674,113761092171286
57060874968637,113761092262249
57060908197682,113761125491161
57060908296770,113761125590249
57060941525190,113761158818499
57060941624941,113761158918249
57060974856502,113761192149574
57060974953177,113761192246249
57061008186898,113761225479874
57061008281273,113761225574249
57061041546678,113761258839536
57061041641392,113761258934249
57061074877901,113761292170574
57061074969577,113761292262249
57061108205423,113761325497911
57061108297762,113761325590249
57061141532946,113761358825249
57061141625947,113761358918249
57061174893956,113761392186074
57061174986132,113761392278249
57061208223266,113761425515199
57061208314317,113761425606249
57061241595451,113761458887199
57061241674502,113761458966249
57061274920431,113761492211999
57061275002681,113761492294249
57061308233005,113761525524411
57061308330843,113761525622249
57061341560917,113761558852161
57061341659005,113761558950249
57061374890954,113761592182036
57061374987168,113761592278249
57061408218454,113761625509374
57061408315330,113761625606249
57061441545941,113761658836699
57061441643492,113761658934249
57061474880691,113761692171286
57061474971654,113761692262249
57061508208191,113761725498624
57061508299816,113761725590249
57061541535678,113761758825949
57061541627978,113761758918249
57061574869465,113761792159574
57061574956141,113761792246249
57061608196948,113761825486874
57061608284323,113761825574249
57061641558031,113761858847749
57061641612531,113761858902249
57061674885155,113761892175036
57061674972366,113761892262249
57061708211909,113761925502374
57061708299785,113761925590249
57061741535117,113761958825036
57061741628331,113761958918249
57061774859251,113761992148624
57061774956877,113761992246249
57061808189579,113762025478499
57061808285330,113762025574249
57061841524552,113762058813286
57061841613515,113762058902249
57061874881890,113762092170411
57061874973728,113762092262249
57061908213079,113762125501449
57061908301879,113762125590249
57061941540567,113762158828786
57061941630030,113762158918249
57061974868056,113762192156124
57061974958181,113762192246249
57062008229032,113762225516949
57062008318332,113762225606249
57062041556515,113762258844286
57062041646479,113762258934249
57062074884001,113762292171624
57062074974626,113762292262249
57062108211478,113762325498911
57062108302817,113762325590249
57062141539007,113762358826249
57062141631008,113762358918249
57062174870235,113762392157286
57062174959198,113762392246249
57062208197764,113762425484624
57062208287389,113762425574249
57062241525281,113762458811949
57062241615581,113762458902249
57062274886301,113762492172786
57062274975765,113762492262249
57062308213785,113762525500124
57062308303911,113762525590249
57062341541256,113762558827449
57062341632057,113762558918249
57062374868739,113762592154786
57062374960203,113762592246250
57062408196223,113762625482124
57062408288348,113762625574249
57062441527406,113762658813161
57062441616494,113762658902249
57062474854890,113762692140499
57062474944640,113762692230249
57062508272786,113762725558249
57062541632932,113762758918249
57062574864952,113762792150124
57062574961078,113762792246249
57062608192445,113762825477449
57062608289245,113762825574249
57062641520058,113762858804786
57062641617522,113762858902249
57062674884915,113762892169324
57062674945840,113762892230249
57062708208355,113762925492949
57062708305652,113762925590249
57062741539816,113762958824949
57062741633117,113762958918249
57062774864944,113762992149536
57062774961659,113762992246249
57062808232362,113763025516411
57062808290201,113763025574249
57062841523819,113763058807449
57062841618619,113763058902249
57062874851027,113763092134574
57062874946702,113763092230249
57062908216709,113763125500074
57062908306885,113763125590249
57062941542813,113763158826036
57062941635026,113763158918249
57062974872618,113763192155699
57062974963168,113763192246249
57063008192466,113763225475374
57063008291342,113763225574249
57063041524953,113763258807624
57063041619579,113763258902249
57063074852420,113763292134949
57063074947721,113763292230249
57063108236718,113763325519074
57063108307893,113763325590249
57063141545605,113763358827786
57063141636068,113763358918249
57063174874280,113763392156286
57063174964243,113763392246249
57063208195298,113763425477124
57063208292423,113763425574249
57063241519103,113763458800749
57063241620604,113763458902249
57063274848911,113763492130411
57063274948749,113763492230249
57063308215963,113763525497286
57063308308926,113763525590249
57063341536031,113763558817199
57063341637081,113763558918249
57063374894436,113763592175449
57063374965236,113763592246249
57063408201928,113763625482786
57063408293391,113763625574249
57063441529421,113763658810124
57063441621547,113763658902249
57063475992657,113763693273199
57063476085707,113763693366249
57063508281232,113763725561624
57063508373857,113763725654249
57063541634762,113763758914999
57063541702012,113763758982249
57063574936202,113763792216249
57063575030203,113763792310249
57063608267485,113763825547286
57063608358449,113763825638249
57063641598712,113763858878374
57063641686588,113763858966249
57063674926277,113763892205699
57063675014827,113763892294249
57063708261192,113763925540449
57063708342993,113763925622249
57063741596197,113763958875249
57063741671198,113763958950249
57063774908770,113763992187661
57063774999359,113763992278249
57063808236269,113764025514999
57063808327520,113764025606249
57063841567880,113764058846449
57063841655681,113764058934249
57063874887916,113764092166324
57063874983842,113764092262249
57063908217986,113764125496249
57063908311986,113764125590249
57063941545391,113764158823536
57063941640104,113764158918249
57063974875703,113764192153661
57063974968292,113764192246249
57064008198304,113764225476074
57064008296480,113764225574249
57064041530860,113764258808499
57064041624610,113764258902249
57064074858239,113764292135824
57064074952665,113764292230249
57064108185878,113764325463161
57064108280967,113764325558249
57064141546889,113764358823999
57064141641139,113764358918249
57064174874389,113764392151324
57064174969314,113764392246249
57064208205614,113764425482374
57064208297489,113764425574249
57064241533146,113764458809699
57064241625697,113764458902249
57064274860724,113764492137036
57064274953937,113764492230249
57064308188123,113764525464374
57064308281999,113764525558249
57064341549526,113764558825624
57064341642152,113764558918249
57064374877240,113764592153161
57064374970329,113764592246249
57064408203580,113764625479324
57064408298506,113764625574249
57064441530344,113764658805911
57064441626683,113764658902249
57064474859235,113764692134624
57064474954860,113764692230249
57064508190662,113764725465874
57064508283037,113764725558249
57064541552089,113764758827124
57064541643214,113764758918249
57064574883303,113764792158161
57064574971392,113764792246249
57064608186942,113764825461624
57064608299568,113764825574249
57064641536993,113764858811499
57064641627743,113764858902249
57064674860743,113764892135074
57064674955918,113764892230249
57064708188254,113764925462412
57064708284092,113764925558249
57064741553006,113764958826999
57064741612257,113764958886249
57064774874392,113764992148449
57064774972190,113764992246249
57064808206192,113765025480661
57064808299782,113765025574249
57064841534209,113765058808199
57064841628261,113765058902249
57064874862025,113765092135536
57064874956740,113765092230249
57064908193688,113765125466786
57064908285151,113765125558249
57064941521206,113765158794124
57064941613331,113765158886249
57064974882144,113765192154950
57064974973444,113765192246249
57065008209643,113765225482286
57065008301606,113765225574249
57065041537143,113765258809624
57065041629769,113765258902249
57065074868348,113765292140661
57065074957936,113765292230249
57065108195833,113765325467999
57065108286083,113765325558249
57065141523105,113765358795324
57065141614029,113765358886249
57065174885927,113765392158286
57065174973891,113765392246249
57065208205994,113765425477949
57065208302296,113765425574249
57065241538649,113765458810199
57065241630700,113765458902249
57065274866061,113765492137286
57065274959024,113765492230249
57065308188441,113765525459536
57065308287155,113765525558249
57065341522046,113765558792911
57065341615384,113765558886249
57065374880877,113765592151624
57065374975502,113765592246249
57065408211850,113765625482449
57065408303650,113765625574249
57065441540498,113765658810949
57065441631798,113765658902249
57065474869146,113765692139449
57065474959946,113765692230249
57065508196594,113765725466749
57065508288094,113765725558249
57065541524067,113765758794074
57065541616242,113765758886249
57065574885111,113765792154949
57065574976412,113765792246249
57065608206796,113765825476411
57065608304634,113765825574249
57065641538233,113765858807661
57065641632821,113765858902249
57065674869083,113765892138324
57065674961009,113765892230249
57065708201716,113765925470749
57065708289217,113765925558249
57065741525766,113765958794574
57065741617441,113765958886249
57065774888080,113765992156786
57065774945543,113765992214249
57065808215598,113766025484324
57065808305521,113766025574249
57065841541784,113766058810699
57065841633337,113766058902249
57065874870108,113766092138249
57065874962108,113766092230249
57065908196614,113766125464624
57065908290239,113766125558249
57065941494446,113766158762374
57065941618322,113766158886249
57065974853164,113766192120824
57065974946590,113766192214249
57066008209481,113766225476999
57066008306732,113766225574249
57066041538523,113766258805911
57066041634861,113766258902249
57066074865027,113766292132286
57066074962990,113766292230249
57066108196435,113766325463536
57066108291148,113766325558249
57066141520500,113766358787375
57066141619375,113766358886249
57066174858414,113766392125124
57066174947540,113766392214249
57066208218081,113766425484624
57066208307707,113766425574249
57066241539560,113766458805874
57066241635936,113766458902249
57066274871240,113766492137324
57066274964165,113766492230249
57066308193879,113766525459786
57066308292342,113766525558249
57066341531443,113766558797286
57066341620406,113766558886249
57066374855471,113766592121124
57066374948596,113766592214249
57066408211594,113766625477074
57066408308769,113766625574249
57066441544192,113766658809499
57066441636942,113766658902249
57066474895402,113766692160536
57066474965115,113766692230249
57066508204287,113766725469249
57066508293288,113766725558249
57066541531785,113766758796574
57066541621461,113766758886249
57066574859061,113766792123911
57066574949397,113766792214249
57066608219445,113766825484749
57066608308946,113766825574249
57066641601558,113766858866324
57066641637484,113766858902249
57066674872219,113766892136449
57066674966021,113766892230249
57066708204848,113766925468661
57066708294436,113766925558249
57066741528090,113766958791824
57066741622516,113766958886249
57066774856494,113766992120124
57066774950618,113766992214249
57066808210872,113767025474499
57066808310623,113767025574249
57066841552049,113767058815499
57066841638798,113767058902249
57066874872495,113767092136324
57066874966421,113767092230249
57066908200257,113767125463661
57066908294846,113767125558249
57066941561095,113767158824074
57066941623271,113767158886249
57066974855077,113767192117699
57066974951627,113767192214249
57067008179979,113767225442449
57067008279780,113767225542249
57067041549392,113767258811699
57067041639943,113767258902249
57067074870621,113767292132786
57067074968084,113767292230249
57067108206676,113767325468699
57067108296226,113767325558249
57067141548905,113767358810749
57067141624406,113767358886249
57067174861601,113767392123161
57067174952690,113767392214249
57067208186635,113767425447949
57067208280936,113767425542249
57067241547698,113767458808787
57067241641161,113767458902249
57067274875198,113767492136124
57067274969323,113767492230249
57067308202647,113767525463411
57067308297486,113767525558249
57067341530113,113767558790749
57067341625613,113767558886249
57067374861251,113767592121824
57067374953676,113767592214249
57067408188744,113767625449124
57067408281869,113767625542249
57067441516261,113767658776449
57067441610062,113767658870249
57067474843791,113767692103786
57067474938255,113767692198249
57067508171322,113767725431124
57067508266447,113767725526249
57067541547265,113767758806874
57067541642640,113767758902249
57067574880082,113767792139499
57067574970833,113767792230249
57067608207600,113767825466824
57067608299026,113767825558249
57067641535112,113767858794161
57067641627200,113767858886249
57067674862583,113767892121499
57067674955333,113767892214249
57067708190063,113767925448786
57067708283527,113767925542249
57067741551168,113767958809661
57067741643757,113767958902249
57067774878618,113767992136999
57067774971868,113767992230249
57067808205963,113768025464286
57067808299926,113768025558249
57067841537271,113768058795374
57067841628147,113768058886249
57067874864783,113768092122662
57067874956371,113768092214249
57067908192178,113768125449999
57067908284427,113768125542249
57067941556768,113768158814574
57067941612443,113768158870249
57067974880758,113768192138161
57067974972847,113768192230249
57068008208221,113768225465499
57068008300972,113768225558249
57068041535671,113768258792824
57068041629097,113768258886249
57068074863151,113768292120161
57068074957240,113768292214250
57068108194389,113768325451199
57068108285440,113768325542249
57068141521937,113768358778536
57068141613650,113768358870249
57068174882986,113768392139374
57068174973861,113768392230249
57068208210521,113768425466699
57068208302072,113768425558249
57068241538069,113768458794036
57068241630282,113768458886249
57068274865586,113768492121374
57068274958461,113768492214249
57068308192992,113768525448699
57068308286542,113768525542249
57068341524171,113768558779749
57068341614672,113768558870249
57068374881563,113768592136874
57068374974939,113768592230249
57068408208992,113768625464161
57068408303080,113768625558249
57068441540222,113768658795249
57068441631222,113768658886249
57068474861188,113768692116074
57068474959364,113768692214249
57068508196080,113768725450824
57068508287505,113768725542249
57068541523559,113768758778161
57068541615647,113768758870249
57068574884603,113768792139036
57068574975817,113768792230249
57068608212145,113768825466324
57068608304071,113768825558249
57068641539736,113768858793661
57068641632325,113768858886249
57068674870983,113768892124699
57068674960533,113768892214249
57068708198444,113768925452036
57068708288658,113768925542249
57068741525994,113768958779374
57068741616869,113768958870249
57068774886636,113768992140199
57068774976684,113768992230249
57068808213633,113769025467536
57068808304348,113769025558249
57068841541708,113769058794874
57068841633084,113769058886249
57068874869389,113769092122199
57068874961440,113769092214249
57068908196701,113769125449536
57068908289412,113769125542249
57068941527293,113769158780574
57068941616969,113769158870249
57068974884767,113769192137699
57068974977318,113769192230249
57069008212452,113769225465036
57069008305666,113769225558249
57069041543839,113769258796074
57069041634014,113769258886249
57069074871524,113769292123411
57069074962363,113769292214249
57069108199168,113769325450749
57069108290668,113769325542249
57069141526630,113769358778036
57069141618843,113769358870249
57069174887680,113769392138911
57069174979018,113769392230249
57069208215193,113769425466249
57069208307193,113769425558249
57069241542656,113769458793537
57069241635369,113769458886249
57069274873919,113769492124624
57069274963545,113769492214249
57069308201382,113769525451911
57069308291720,113769525542249
57069341528896,113769558779249
57069341619896,113769558870249
57069374889896,113769592140074
57069374980072,113769592230249
57069408217409,113769625467411
57069408308248,113769625558249
57069441544923,113769658794749
57069441636423,113769658886249
57069474872424,113769692122074
57069474964599,113769692214249
57069508199936,113769725449411
57069508292775,113769725542249
57069541531150,113769758780449
57069541620950,113769758870249
57069574860251,113769792109374
57069574949126,113769792198249
57069608262214,113769825511161
57069608325302,113769825574249
57069641600889,113769858849661
57069641653478,113769858902249
57069674909778,113769892158374
57069674981653,113769892230249
57069708237279,113769925485699
57069708309829,113769925558249
57069741564791,113769958813036
57069741638005,113769958886249
57069774892305,113769992140374
57069774966181,113769992214249
57069808217079,113770025464949
57069808294380,113770025542249
57069841544618,113770058792249
57069841622619,113770058870249
57069874879549,113770092127036
57069874950762,113770092198249
57069908207008,113770125454374
57069908278883,113770125526249
57069941534244,113770158781699
57069941638792,113770158886249
57069974861218,113770192109036
57069974966432,113770192214249
57070008222473,113770225469874
57070008294849,113770225542249
57070041550215,113770258797199
57070041623265,113770258870249
57070074877876,113770292124499
57070074951627,113770292198249
57070108205396,113770325451824
57070108279821,113770325526249
57070141559965,113770358806199
57070141656016,113770358902249
57070174898660,113770392144699
57070174984210,113770392230249
57070208218729,113770425464574
57070208312405,113770425558249
57070241546261,113770458791911
57070241640599,113770458886249
57070274907293,113770492152749
57070275000794,113770492246249
57070308234813,113770525480074
57070308328988,113770525574249
57070341562344,113770558807411
57070341657183,113770558902249
57070374889813,113770592134699
57070374985364,113770592230249
57070408217292,113770625462036
57070408313506,113770625558250
57070441544772,113770658789374
57070441641647,113770658886249
57070474875950,113770692120411
57070474969789,113770692214249
57070508203430,113770725447749
57070508297930,113770725542249
57070541530897,113770758775074
57070541626072,113770758870249
57070574858364,113770792102411
57070574954202,113770792198249
57070608186253,113770825430161
57070608282342,113770825526249
57070641547396,113770858790999
57070641642647,113770858886249
57070674875071,113770892118324
57070674970996,113770892214249
57070708202536,113770925445661
57070708299124,113770925542250
57070741533625,113770958776699
57070741627175,113770958870249
57070774861188,113770992104036
57070774955402,113770992198249
57070808188754,113771025431374
57070808283630,113771025526249
57070841549713,113771058792199
57070841643763,113771058886249
57070874877037,113771092119536
57070874971750,113771092214249
57070908204413,113771125446874
57070908299789,113771125542249
57070941532178,113771158774199
57070941628228,113771158870249
57070974859665,113771192101499
57070974956415,113771192198249
57071008190838,113771225432574
57071008284514,113771225526249
57071041551908,113771258793411
57071041612747,113771258854249
57071074879392,113771292120749
57071074972893,113771292214250
57071108206788,113771325448037
57071108301001,113771325542249
57071141534234,113771358775374
57071141629109,113771358870249
57071174861741,113771392102699
57071174957292,113771392198249
57071208189425,113771425430036
57071208285639,113771425526249
57071241520618,113771458761074
57071241613794,113771458854249
57071274881615,113771492121911
57071274973953,113771492214249
57071308205440,113771525445536
57071308302153,113771525542249
57071341536678,113771558776574
57071341630353,113771558870249
57071374864204,113771592103911
57071374958543,113771592198249
57071408191701,113771625431249
57071408286701,113771625526249
57071441519184,113771658758574
57071441614860,113771658854249
57071474872718,113771692111949
57071474943018,113771692182249
57071508177876,113771725416949
57071508271176,113771725510249
57071541535159,113771758774074
57071541631335,113771758870249
57071574866368,113771792105124
57071574959493,113771792198249
57071608193851,113771825432449
57071608287652,113771825526249
57071641522340,113771858760749
57071641615841,113771858854249
57071674883239,113771892121374
57071674976115,113771892214249
57071708212969,113771925450824
57071708304395,113771925542249
57071741542703,113771958780286
57071741632666,113771958870249
57071774863523,113771992101124
57071774960649,113771992198249
57071808194273,113772025431749
57071808288773,113772025526249
57071841526839,113772058764161
57071841616928,113772058854249
57071874880308,113772092117324
57071874977234,113772092214249
57071908215076,113772125451911
57071908305414,113772125542249
57071941543459,113772158780199
57071941633509,113772158870249
57071974867017,113772192103574
57071974961693,113772192198249
57072008197989,113772225434624
57072008289612,113772225526249
57072041518550,113772258755449
57072041617352,113772258854249
57072074886415,113772292122575
57072074978090,113772292214249
57072108213629,113772325449911
57072108305965,113772325542249
57072141540365,113772358777249
57072141633367,113772358870249
57072174886754,113772392123199
57072174961805,113772392198249
57072208199617,113772425435624
57072208290243,113772425526249
57072241527380,113772458762949
57072241618682,113772458854249
57072274888656,113772492123786
57072274979120,113772492214249
57072308216368,113772525451124
57072308307494,113772525542249
57072341543871,113772558778449
57072341635672,113772558870249
57072374865511,113772592099911
57072374963850,113772592198249
57072408198152,113772625432374
57072408292028,113772625526249
57072441530530,113772658764574
57072441620205,113772658854249
57072474858045,113772692091911
57072474948383,113772692182249
57072508185561,113772725419249
57072508276561,113772725510249
57072541546564,113772758780074
57072541636739,113772758870249
57072574874079,113772792107411
57072574964917,113772792198249
57072608201545,113772825434699
57072608293095,113772825526249
57072641525773,113772858758749
57072641621273,113772858854249
57072674888151,113772892120949
57072674981451,113772892214249
57072708215665,113772925448286
57072708309629,113772925542249
57072741543181,113772958775624
57072741637807,113772958870249
57072774874376,113772992106661
57072774965965,113772992198249
57072808201796,113773025433999
57072808294046,113773025526249
57072841529200,113773058761324
57072841622125,113773058854249
57072874856739,113773092088661
57072874950327,113773092182249
57072908217739,113773125449499
57072908310489,113773125542249
57072941543764,113773158775449
57072941638563,113773158870249
57072974873572,113773192105374
57072974966448,113773192198249
57073008198991,113773225430324
57073008294917,113773225526249
57073041529337,113773258760411
57073041623175,113773258854249
57073074855677,113773292086574
57073074951352,113773292182249
57073108179379,113773325410199
57073108279430,113773325510249
57073141543903,113773358774749
57073141639401,113773358870249
57073174870875,113773392102074
57073174967051,113773392198249
57073208198703,113773425429411
57073208295543,113773425526249
57073241526533,113773458756749
57073241624034,113773458854249
57073274854289,113773492084074
57073274952465,113773492182249
57073308185566,113773525415124
57073308280692,113773525510249
57073341542862,113773558772249
57073341640862,113773558870249
57073374875655,113773592104874
57073374969031,113773592198249
57073408203361,113773625432411
57073408297199,113773625526249
57073441533404,113773658762286
57073441625367,113773658854249
57073474872285,113773692100999
57073474953536,113773692182249
57073508188828,113773725417374
57073508281704,113773725510249
57073541551197,113773758779574
57073541641872,113773758870249
57073574881240,113773792109449
57073574970041,113773792198249
57073608195245,113773825423286
57073608298209,113773825526249
57073641537627,113773858765499
57073641626377,113773858854249
57073674865151,113773892092824
57073674954577,113773892182249
57073708192741,113773925420161
57073708282830,113773925510249
57073741553712,113773958780999
57073741642963,113773958870249
57073774881202,113773992108324
57073774971127,113773992198249
57073808208670,113774025435661
57073808299258,113774025526249
57073841536128,113774058762999
57073841627378,113774058854249
57073874867355,113774092094036
57073874955568,113774092182249
57073908194795,113774125421374
57073908283670,113774125510249
57073941552122,113774158778499
57073941643872,113774158870249
57073974883156,113774192109536
57073974971869,113774192198249
57074008210396,113774225436874
57074008299773,113774225526249
57074041538246,113774258764199
57074041628297,113774258854249
57074074865708,113774292091499
57074074956458,113774292182249
57074108193223,113774325418824
57074108284648,113774325510249
57074141524493,113774358749874
57074141612869,113774358838249
57074174881790,113774392106999
57074174973041,113774392198249
57074208213077,113774425438036
57074208301291,113774425526249
57074241540665,113774458765374
57074241629541,113774458854249
57074274868208,113774492092699
57074274957759,113774492182249
57074308195642,113774525420036
57074308285855,113774525510249
57074341523034,113774558747374
57074341613910,113774558838249
57074374884023,113774592108199
57074374974073,113774592198249
57074408211539,113774625435536
57074408302252,113774625526249
57074441539056,113774658762874
57074441630431,113774658854249
57074474870272,113774692093911
57074474958611,113774692182249
57074508197789,113774725421249
57074508286790,113774725510249
57074541555094,113774758778374
57074541614969,113774758838249
57074574883354,113774792106661
57074574974940,113774792198249
57074608210275,113774825433949
57074608302576,113774825526249
57074641539283,113774858762449
57074641631084,113774858854249
57074674866916,113774892089574
57074674959593,113774892182249
57074708192028,113774925414374
57074708287902,113774925510249
57074741524157,113774958746574
57074741615834,113774958838249
57074774880389,113774992102324
57074774976315,113774992198249
57074808211547,113775025433374
57074808304423,113775025526249
57074841542514,113775058764199
57074841632564,113775058854249
57074874871156,113775092092699
57074874960706,113775092182249
57074908197475,113775125418874
57074908288851,113775125510249
57074941525916,113775158747161
57074941617005,113775158838249
57074974886695,113775192107786
57074974977159,113775192198249
57075008215237,113775225436286
57075008305199,113775225526249
57075041533479,113775258754574
57075041633156,113775258854249
57075074874108,113775292094624
57075074961733,113775292182249
57075108193860,113775325414286
57075108289824,113775325510249
57075141526071,113775358746324
57075141617997,113775358838249
57075174850861,113775392070874
57075174946236,113775392166249
57075208213093,113775425432911
57075208306432,113775425526249
57075241544160,113775458763749
57075241634661,113775458854249
57075274893840,113775492113199
57075274962890,113775492182249
57075308199010,113775525418161
57075308291099,113775525510249
57075341533725,113775558752749
57075341619225,113775558838249
57075374857197,113775592076125
57075374947322,113775592166249
57075408219409,113775625438161
57075408307497,113775625526249
57075441541797,113775658760374
57075441635672,113775658854249
57075474867922,113775692086324
57075474963847,113775692182249
57075508199147,113775725417374
57075508292022,113775725510249
57075541528984,113775758747036
57075541620197,113775758838249
57075574858824,113775792076699
57075574948374,113775792166249
57075608217324,113775825434999
57075608308575,113775825526249
57075641546074,113775858763499
57075641636825,113775858854249
57075674872274,113775892089449
57075674965075,113775892182249
57075708199808,113775925416749
57075708293308,113775925510249
57075741527325,113775958744074
57075741621500,113775958838249
57075774854833,113775992071411
57075774949671,113775992166249
57075808215717,113776025432249
57075808309717,113776025526249
57075841543245,113776058759574
57075841637922,113776058854249
57075874870896,113776092086911
57075874966234,113776092182249
57075908198173,113776125414249
57075908294174,113776125510249
57075941529365,113776158745287
57075941622328,113776158838249
57075974862232,113776192077949
57075974950533,113776192166249
57076008217226,113776225432699
57076008310777,113776225526249
57076041543612,113776258759074
57076041638785,113776258854249
57076074876090,113776292091699
57076074966642,113776292182249
57076108200754,113776325415749
57076108295255,113776325510249
57076141536130,113776358750949
57076141623430,113776358838249
57076174854071,113776392068699
57076174951622,113776392166249
57076208223725,113776425438161
57076208311814,113776425526249
57076241551457,113776458765699
57076241640007,113776458854249
57076274872957,113776492086999
57076274968207,113776492182249
57076308205782,113776525419624
57076308296407,113776525510249
57076341527157,113776558740874
57076341624532,113776558838249
57076374852329,113776592066074
57076374952505,113776592166249
57076408181246,113776625394786
57076408280710,113776625494249
57076441526239,113776658739574
57076441608915,113776658822249
57076474844157,113776692057286
57076474937120,113776692150249
57076508175650,113776725388574
57076508265325,113776725478249
57076541545317,113776758758036
57076541641531,113776758854249
57076574872861,113776792085374
57076574969736,113776792182249
57076608200353,113776825412661
57076608297941,113776825510249
57076641531674,113776858743749
57076641626175,113776858838249
57076674859292,113776892071074
57076674954467,113776892166249
57076708186792,113776925398375
57076708282667,113776925494249
57076741547813,113776958759249
57076741642813,113776958854249
57076774875269,113776992086536
57076774970983,113776992182249
57076808202971,113777025413874
57076808299346,113777025510249
57076841537585,113777058748449
57076841627385,113777058838249
57076874864921,113777092075786
57076874955384,113777092166249
57076908195974,113777125406824
57076908283401,113777125494249
57076941553609,113777158763949
57076941643909,113777158854249
57076974884860,113777192094999
57076974972110,113777192182249
57077008212364,113777225422324
57077008300289,113777225510249
57077041563168,113777258772949
57077041660469,113777258870249
57077074898147,113777292107749
57077074988648,113777292198249
57077108218202,113777325427624
57077108316827,113777325526249
57077141549418,113777358758661
57077141645006,113777358854249
57077174876935,113777392085999
57077174973186,113777392182250
57077208206564,113777425415449
57077208301365,113777425510249
57077241532668,113777458741374
57077241629544,113777458838249
57077274860164,113777492068699
57077274957715,113777492166249
57077308190016,113777525398374
57077308285892,113777525494249
57077341519927,113777558728036
57077341614141,113777558822249
57077374880763,113777592088699
57077374974313,113777592182249
57077408214277,113777625422074
57077408302453,113777625510249
57077441535467,113777658743124
57077441630592,113777658838249
57077474864306,113777692071824
57077474958732,113777692166249
57077508197446,113777725404824
57077508286871,113777725494249
57077541525085,113777758732324
57077541615011,113777758822249
57077574883331,113777792090411
57077574975170,113777792182249
57077608236711,113777825443574
57077608303386,113777825510249
57077641535639,113777858742286
57077641631603,113777858838249
57077674868095,113777892074499
57077674959846,113777892166249
57077708189473,113777925395574
57077708288148,113777925494249
57077741517012,113777958722911
57077741616350,113777958822249
57077774877939,113777992083749
57077774976440,113777992182249
57077808205472,113778025411074
57077808304648,113778025510249
57077841536829,113778058742124
57077841632954,113778058838249
57077874864221,113778092069449
57077874961021,113778092166249
57077908197195,113778125402286
57077908289158,113778125494249
57077941518539,113778158723536
57077941617253,113778158822249
57077974883199,113778192087949
57077974977499,113778192182249
57078008207077,113778225411949
57078008305374,113778225510249
57078041540322,113778258745786
57078041632786,113778258838249
57078074873310,113778292078411
57078074961149,113778292166249
57078108192587,113778325397324
57078108289513,113778325494249
57078141521875,113778358726249
57078141617876,113778358822249
57078174884689,113778392088699
57078174978240,113778392182249
57078208207845,113778425411536
57078208306558,113778425510249
57078241544404,113778458747911
57078241634743,113778458838249
57078274864677,113778492068000
57078274962927,113778492166249
57078308203561,113778525406699
57078308291111,113778525494249
57078341524995,113778558727949
57078341619296,113778558822249
57078374886017,113778592088786
57078374979480,113778592182249
57078408213539,113778625416124
57078408307664,113778625510249
57078441544798,113778658747199
57078441635849,113778658838249
57078474872283,113778692074499
57078474964033,113778692166249
57078508199792,113778725401824
57078508292217,113778725494249
57078541527313,113778758729161
57078541620402,113778758822249
57078574855785,113778792057449
57078574948586,113778792150249
57078608246425,113778825447874
57078608308800,113778825510249
57078641539179,113778858740324
57078641637105,113778858838249
57078674866570,113778892067411
57078674965409,113778892166249
57078708197667,113778925398286
57078708293630,113778925494249
57078741524796,113778958725374
57078741621672,113778958822249
57078774857085,113778992057411
57078774949924,113778992150249
57078808212986,113779025413124
57078808310111,113779025510249
57078841545099,113779058745161
57078841638188,113779058838249
57078874873311,113779092073199
57078874966361,113779092166249
57078908195760,113779125395449
57078908294561,113779125494249
57078941535425,113779158734911
57078941622763,113779158822249
57078974862457,113779192061824
57078974950883,113779192150249
57079008217233,113779225416374
57079008279108,113779225478249
57079041548547,113779258747824
57079041638970,113779258838249
57079074876370,113779292076124
57079074966496,113779292166249
57079108204182,113779325403411
57079108295021,113779325494249
57079141532045,113779358730749
57079141623546,113779358822249
57079174855901,113779392054161
57079174951989,113779392150249
57079208191119,113779425389161
57079208280208,113779425478249
57079241541032,113779458738824
57079241640458,113779458838249
57079274881269,113779492078911
57079274968608,113779492166249
57079308202707,113779525400199
57079308296758,113779525494249
57079341537591,113779558734949
57079341624891,113779558822249
57079374865040,113779592062286
57079374953003,113779592150249
57079408192578,113779625389624
57079408281204,113779625478249
57079441520104,113779658716949
57079441609404,113779658806249
57079474851354,113779692047999
57079474937605,113779692134249
57079508170467,113779725366911
57079508265805,113779725462249
57079541546417,113779758742661
57079541642006,113779758838249
57079574873956,113779792069999
57079574970206,113779792166249
57079608201443,113779825397286
57079608298407,113779825494249
57079641528973,113779858724625
57079641626598,113779858822249
57079674860210,113779892055699
57079674954761,113779892150249
57079708217460,113779925412786
57079708314923,113779925510249
57079741548700,113779958743874
57079741643075,113779958838249
57079774876129,113779992071161
57079774971218,113779992166249
57079808203624,113780025398499
57079808299374,113780025494250
57079841531021,113780058725824
57079841627447,113780058822249
57079874858614,113780092053161
57079874955702,113780092150249
57079908142960,113780125337411
57079908283798,113780125478249
57079941549953,113780158744286
57079941643916,113780158838249
57079974883613,113780192077911
57079974971950,113780192166249
57080008207296,113780225401699
57080008299848,113780225494249
57080041534125,113780258727874
57080041628500,113780258822249
57080074861564,113780292055199
57080074956615,113780292150249
57080108189129,113780325382537
57080108284842,113780325478249
57080141516597,113780358709874
57080141612972,113780358806249
57080174877498,113780392070699
57080174973049,113780392166249
57080208205119,113780425398036
57080208301332,113780425494249
57080241532740,113780458725374
57080241629616,113780458822249
57080274864014,113780492056411
57080274957852,113780492150249
57080308191451,113780525383749
57080308285951,113780525478249
57080341521886,113780558714036
57080341614100,113780558806249
57080374885501,113780592077411
57080374974339,113780592166249
57080408203183,113780625394949
57080408302483,113780625494249
57080441539701,113780658731324
57080441630627,113780658822249
57080474867395,113780692058874
57080474958770,113780692150249
57080508190163,113780725381499
57080508286914,113780725478249
57080541519219,113780758710411
57080541615058,113780758806249
57080574882646,113780792073661
57080574975235,113780792166249
57080608197889,113780825388624
57080608303514,113780825494249
57080641536868,113780858727324
57080641631794,113780858822249
57080674866986,113780892057199
57080674960037,113780892150249
57080708189551,113780925379661
57080708288139,113780925478249
57080741520855,113780958710911
57080741616194,113780958806249
57080774880748,113780992070574
57080774976424,113780992166249
57080808214638,113781025404161
57080808304726,113781025494249
57080841487872,113781058677249
57080841632872,113781058822249
57080874863654,113781092052999
57080874960905,113781092150249
57080908196246,113781125385624
57080908288868,113781125478249
57080941523381,113781158713374
57080941616257,113781158806249
57080974888519,113781192078161
57080974976608,113781192166249
57081008212657,113781225401949
57081008304958,113781225494249
57081041539697,113781258728536
57081041633412,113781258822249
57081074870164,113781292058411
57081074962002,113781292150249
57081108201500,113781325389661
57081108290088,113781325478249
57081141524367,113781358712324
57081141618292,113781358806249
57081174880283,113781392068036
57081174978496,113781392166249
57081208212940,113781425400499
57081208306690,113781425494249
57081241540427,113781458727824
57081241634853,113781458822249
57081274867927,113781492055161
57081274963015,113781492150249
57081308195379,113781525382449
57081308291180,113781525478249
57081341522885,113781558709786
57081341619349,113781558806249
57081374883892,113781592070624
57081374979518,113781592166249
57081408211387,113781625397949
57081408307687,113781625494249
57081441538893,113781658725286
57081441635856,113781658822249
57081474870850,113781692057074
57081474964025,113781692150249
57081508197194,113781725383249
57081508292194,113781725478249
57081541551938,113781758737824
57081541620363,113781758806249
57081574851801,113781792037499
57081574948552,113781792134249
57081608246174,113781825431624
57081608308800,113781825494249
57081641542586,113781858727786
57081641637050,113781858822249
57081674866211,113781892051161
57081674965300,113781892150249
57081708198704,113781925383411
57081708293542,113781925478249
57081741526203,113781958710749
57081741621703,113781958806249
57081774853535,113781992038036
57081774949749,113781992134249
57081808214647,113782025398911
57081808309986,113782025494249
57081841542206,113782058726249
57081841638207,113782058822249
57081874869651,113782092053536
57081874966365,113782092150249
57081908197158,113782125380874
57081908294533,113782125478249
57081941524618,113782158708199
57081941622669,113782158806249
57081974855914,113782192039249
57081974950915,113782192134249
57082008216830,113782225400074
57082008279005,113782225462249
57082041544031,113782258727411
57082041638866,113782258822249
57082074870921,113782292054749
57082074966422,113782292150249
57082108198775,113782325382074
57082108294952,113782325478249
57082141526641,113782358709411
57082141623481,113782358806249
57082174854408,113782392036749
57082174951909,113782392134249
57082208181867,113782425364074
57082208280042,113782425462249
57082241598714,113782458780749
57082241640214,113782458822249
57082274871961,113782492053824
57082274968386,113782492150249
57082308203183,113782525384874
57082308296558,113782525478249
57082341530679,113782558712199
57082341624730,113782558806249
57082374858188,113782592039536
57082374952902,113782592134249
57082408219198,113782625400374
57082408313074,113782625494249
57082441546695,113782658727699
57082441641246,113782658822249
57082474874204,113782692055036
57082474969418,113782692150249
57082508201714,113782725382374
57082508297590,113782725478249
57082541529173,113782758709661
57082541625761,113782758806249
57082574860433,113782792040749
57082574953933,113782792134249
57082608187944,113782825368036
57082608282158,113782825462249
57082641549148,113782858728911
57082641642486,113782858822249
57082674876598,113782892056199
57082674970648,113782892150249
57082708204097,113782925383536
57082708298811,113782925478249
57082741531612,113782958710874
57082741626987,113782958806249
57082774859155,113782992038199
57082774955205,113782992134249
57082808186682,113783025365536
57082808283396,113783025462249
57082841547644,113783058726374
57082841643519,113783058822249
57082874875055,113783092053699
57082874971605,113783092150249
57082908206235,113783125384749
57082908299736,113783125478249
57082941533844,113783158712074
57082941628019,113783158806249
57082974861289,113783192039411
57082974956127,113783192134249
57083008188782,113783225366749
57083008284283,113783225462249
57083041553521,113783258731286
57083041612485,113783258790249
57083074877377,113783292054911
57083074972716,113783292150249
57083108204865,113783325382249
57083108300866,113783325478249
57083141532340,113783358709574
57083141629016,113783358806249
57083174863582,113783392040624
57083174957208,113783392134249
57083208189585,113783425366324
57083208285511,113783425462249
57083241518291,113783458694824
57083241613716,113783458790249
57083274885316,113783492061749
57083274973817,113783492150249
57083308211220,113783525387499
57083308301971,113783525478249
57083341536124,113783558712249
57083341630125,113783558806249
57083374862236,113783592038199
57083374958286,113783592134249
57083408190719,113783625366499
57083408286469,113783625462249
57083441525477,113783658701074
57083441614653,113783658790249
57083474845335,113783692020749
57083474942836,113783692118249
57083508176344,113783725351574
57083508271019,113783725446249
57083541535989,113783758711036
57083541631203,113783758806249
57083574867208,113783792042074
57083574959383,113783792134249
57083607865634,113783825040324
57083608287561,113783825462249
57083641520880,113783858695324
57083641615806,113783858790249
57083674882039,113783892056161
57083674976127,113783892150249
57083708211635,113783925385624
57083708304261,113783925478249
57083741540322,113783958714124
57083741632447,113783958806249
57083774870014,113783992043786
57083774960477,113783992134249
57083808192162,113784025365786
57083808288626,113784025462249
57083841524689,113784058698036
57083841616903,113784058790249
57083874880552,113784092053749
57083874977052,113784092150249
57083908212889,113784125385999
57083908305139,113784125478249
57083941596047,113784158768949
57083941633348,113784158806249
57083974872630,113784192045324
57083974961556,113784192134249
57084008193424,113784225366161
57084008289509,113784225462249
57084041525049,113784258698374
57084041616924,113784258790249
57084074877203,113784292050411
57084074977041,113784292150249
57084108212070,113784325385161
57084108305158,113784325478249
57084141548227,113784358721124
57084141633353,113784358806249
57084174872236,113784392044699
57084174961787,113784392134249
57084208200006,113784425372036
57084208290220,113784425462249
57084241527777,113784458699374
57084241618653,113784458790249
57084274889036,113784492060199
57084274979087,113784492150249
57084308216743,113784525387536
57084308307457,113784525478249
57084341547959,113784558718574
57084341635635,113784558806249
57084374875475,113784592045911
57084374963813,113784592134249
57084408202991,113784625373249
57084408291991,113784625462249
57084441530494,113784658700574
57084441620169,113784658790249
57084474858009,113784692027911
57084474948347,113784692118249
57084508185525,113784725355249
57084508276525,113784725446249
57084541546528,113784758716074
57084541636703,113784758806249
57084574874043,113784792043411
57084574964882,113784792134250
57084608143559,113784825312749
57084608293060,113784825462249
57084641525737,113784858694749
57084641621238,113784858790249
57084674890490,113784892059324
57084674981416,113784892150249
57084708221692,113784925390374
57084708309567,113784925478249
57084741549162,113784958717699
57084741637713,113784958806249
57084774876783,113784992045036
57084774965996,113784992134249
57084808204139,113785025372374
57084808294014,113785025462249
57084841531496,113785058699661
57084841622085,113785058790249
57084874862811,113785092030749
57084874950312,113785092118249
57084908220060,113785125387824
57084908310486,113785125478249
57084941551242,113785158718911
57084941638579,113785158806249
57084974878257,113785192046249
57084974966258,113785192134249
57085008205815,113785225373536
57085008294529,113785225462249
57085041596712,113785258764161
57085041670800,113785258838249
57085074909446,113785292076624
57085074999071,113785292166249
57085108238003,113785325404911
57085108327342,113785325494249
57085141569312,113785358735949
57085141655613,113785358822249
57085174893208,113785392059574
57085174983884,113785392150249
57085208220788,113785425386874
57085208312164,113785425478249
57085241548394,113785458714199
57085241640444,113785458806249
57085274875714,113785492041324
57085274968640,113785492134249
57085308204410,113785525369824
57085308296836,113785525462249
57085341534416,113785558699699
57085341624966,113785558790249
57085374861746,113785592027036
57085374952959,113785592118249
57085408231172,113785625396286
57085408281136,113785625446249
57085443629073,113785660793999
57085443721323,113785660886249
57085476960286,113785694125036
57085477049499,113785694214249
57085508285414,113785725449999
57085508377665,113785725542249
57085541616628,113785758781036
57085541705841,113785758870249
57085574971342,113785792135574
57085575034017,113785792198249
57085608269141,113785825433124
57085608362268,113785825526249
57085641599172,113785858762786
57085641690635,113785858854249
57085674926608,113785892090124
57085675018734,113785892182249
57085708262761,113785925426074
57085708346936,113785925510249
57085741601413,113785958764574
57085741675088,113785958838249
57085774931252,113785992094249
57085775003252,113785992166249
57085808237348,113786025400199
57085808331398,113786025494249
57085841562669,113786058725374
57085841659544,113786058822249
57085874940640,113786092103199
57085874987690,113786092150249
57085908225373,113786125387786
57085908315836,113786125478249
57085941553612,113786158715874
57085941643988,113786158806249
57085974874248,113786192036499
57085974971996,113786192134249
57086008205873,113786225368286
57086008299839,113786225462249
57086041537146,113786258698911
57086041628485,113786258790249
57086074860557,113786292022124
57086074956683,113786292118249
57086108241238,113786325402536
57086108284951,113786325446249
57086141516284,113786358677499
57086141613034,113786358774249
57086174880736,113786392041874
57086174973112,113786392134249
57086208203224,113786425364074
57086208301400,113786425462249
57086241537137,113786458697699
57086241629687,113786458790249
57086274859246,113786492019574
57086274957921,113786492118249
57086308190259,113786525350624
57086308285883,113786525446249
57086341517497,113786558677949
57086341613799,113786558774249
57086374875200,113786592035036
57086374974414,113786592134249
57086408206430,113786625366124
57086408302555,113786625462249
57086441533859,113786658693411
57086441630697,113786658790249
57086474861338,113786692020749
57086474958839,113786692118249
57086508188805,113786725348074
57086508286980,113786725446249
57086541521947,113786758681074
57086541615122,113786758774249
57086574881753,113786792040749
57086574975254,113786792134249
57086608205479,113786825364374
57086608303354,113786825462249
57086641536830,113786858695624
57086641631455,113786858790249
57086674873093,113786892031786
57086674959556,113786892118249
57086708195606,113786925354199
57086708287657,113786925446249
57086741518547,113786958676874
57086741615924,113786958774249
57086774878697,113786992036536
57086774976409,113786992134249
57086808209876,113787025367786
57086808304341,113787025462249
57086841538063,113787058695324
57086841632988,113787058790249
57086874870542,113787092027749
57086874961042,113787092118249
57086908202110,113787125359036
57086908289323,113787125446249
57086941518628,113787158675374
57086941617504,113787158774249
57086974882158,113787192038786
57086974945621,113787192102249
57087008209379,113787225366124
57087008305502,113787225462249
57087041536255,113787258693411
57087041633095,113787258790249
57087074901294,113787292057999
57087074961544,113787292118249
57087108197905,113787325354161
57087108289994,113787325446249
57087141525612,113787358681499
57087141618363,113787358774249
57087174855466,113787392011161
57087174946555,113787392102249
57087208215270,113787425370624
57087208306896,113787425462249
57087241546441,113787458701661
57087241635029,113787458790249
57087274873912,113787492028999
57087274963162,113787492118249
57087308201429,113787525356324
57087308291355,113787525446249
57087341520868,113787558675449
57087341619669,113787558774249
57087374852267,113787592006699
57087374947818,113787592102249
57087408207226,113787625361499
57087408307976,113787625462249
57087441543921,113787658698036
57087441636135,113787658790249
57087474869079,113787692023036
57087474964293,113787692118249
57087508203076,113787725356874
57087508292451,113787725446249
57087541530984,113787758684624
57087541620610,113787758774249
57087574856883,113787792010374
57087574948759,113787792102249
57087608204357,113787825357699
57087608308908,113787825462249
57087641544677,113787858697786
57087641637141,113787858790249
57087674867324,113787892020199
57087674965374,113787892118249
57087708198627,113787925351286
57087708293591,113787925446249
57087741526294,113787958678786
57087741621758,113787958774249
57087774887336,113787992039661
57087774981924,113787992134249
57087808214851,113788025366999
57087808310101,113788025462249
57087841546053,113788058698036
57087841638266,113788058790249
57087874870154,113788092022036
57087874966367,113788092118249
57087908191704,113788125343324
57087908294630,113788125446249
57087941525656,113788158677124
57087941622781,113788158774249
57087974858548,113788192009786
57087974951011,113788192102249
57088008221108,113788225372199
57088008279158,113788225430249
57088041541422,113788258692699
57088041638970,113788258790249
57088074874748,113788292026536
57088074966462,113788292118249
57088108143447,113788325294699
57088108295000,113788325446249
57088141528572,113788358679286
57088141623537,113788358774249
57088174853104,113788392003324
57088174952030,113788392102249
57088208189551,113788425339449
57088208280351,113788425430249
57088241546115,113788458695824
57088241640541,113788458790249
57088274875174,113788492024749
57088274968674,113788492118249
57088308195182,113788525344624
57088308296807,113788525446249
57088341533071,113788558682374
57088341624947,113788558774249
57088374857062,113788592006199
57088374953113,113788592102249
57088408163629,113788625312574
57088408281304,113788625430249
57088441515282,113788658664036
57088441609495,113788658758249
57088474849261,113788691997824
57088474937687,113788692086249
57088508164502,113788725312874
57088508265878,113788725414249
57088541544569,113788758692749
57088541642069,113788758790249
57088574876010,113788792023999
57088574970261,113788792118249
57088608191201,113788825338999
57088608298452,113788825446249
57088641531502,113788858679074
57088641626678,113788858774249
57088674857952,113788892005249
57088674954952,113788892102249
57088708185370,113788925332574
57088708283045,113788925430249
57088741546345,113788958693411
57088741643184,113788958790249
57088774873967,113788992020749
57088774971468,113788992118249
57088808201398,113789025348036
57088808299611,113789025446249
57088841531771,113789058678374
57088841627647,113789058774249
57088874865639,113789092011949
57088874955940,113789092102249
57088908196892,113789125342999
57088908284142,113789125430249
57088941561535,113789158707574
57088941612210,113789158758249
57088974885017,113789192031161
57088974972103,113789192118249
57089008212004,113789225358499
57089008299755,113789225446249
57089041539754,113789258685824
57089041628180,113789258774249
57089074871229,113789292016874
57089074956605,113789292102249
57089108198913,113789325344199
57089108284964,113789325430249
57089141526439,113789358671536
57089141613153,113789358758249
57089174887536,113789392032374
57089174973411,113789392118249
57089208215044,113789425359699
57089208301594,113789425446249
57089241542564,113789458687036
57089241629778,113789458774249
57089274870120,113789492014374
57089274957996,113789492102249
57089308197708,113789525341699
57089308286258,113789525430249
57089341528856,113789558672749
57089341614357,113789558758249
57089374886134,113789592029874
57089374974509,113789592118249
57089408217346,113789625360911
57089408302684,113789625446249
57089441537184,113789658680574
57089441630859,113789658774249
57089474865859,113789692009074
57089474959034,113789692102249
57089508196871,113789725339911
57089508287209,113789725430249
57089541518083,113789758660949
57089541615384,113789758758249
57089574878943,113789792021624
57089574975569,113789792118249
57089608206231,113789825348699
57089608303782,113789825446249
57089641537532,113789858679786
57089641631995,113789858774249
57089674868583,113789892010624
57089674960209,113789892102249
57089708197084,113789925338911
57089708288422,113789925430249
57089741519493,113789958661124
57089741616619,113789958758249
57089774881637,113789992023124
57089774976762,113789992118249
57089808213718,113790025355124
57089808304843,113790025446249
57089841538389,113790058679874
57089841632763,113790058774249
57089874869384,113790092010949
57089874960684,113790092102249
57089908196767,113790125338286
57089908288731,113790125430249
57089941528234,113790158669324
57089941617161,113790158758249
57089974885789,113790192026449
57089974977590,113790192118249
57090008216921,113790225357499
57090008305668,113790225446249
57090041543638,113790258684824
57090041633064,113790258774249
57090074871467,113790292012124
57090074961594,113790292102249
57090108199321,113790325339449
57090108290123,113790325430249
57090141527053,113790358666786
57090141618516,113790358758249
57090174854476,113790391994124
57090174946602,113790392086249
57090208215647,113790425354949
57090208306947,113790425446249
57090241543174,113790458682286
57090241635138,113790458774249
57090274874403,113790492013324
57090274963329,113790492102249
57090308201931,113790525340661
57090308291519,113790525430249
57090341529460,113790558667999
57090341619710,113790558758249
57090374856972,113790591995324
57090374947897,113790592086249
57090408217986,113790625356161
57090408308075,113790625446249
57090441545501,113790658683499
57090441636252,113790658774249
57090474866303,113790692004124
57090474964429,113790692102249
57090508193392,113790725331036
57090508292606,113790725430249
57090541530282,113790758667749
57090541620783,113790758758250
57090574858470,113790791995786
57090574948933,113790792086249
57090608299556,113790825436749
57090608309056,113790825446249
57090641539742,113790858676661
57090641637331,113790858774249
57090674869642,113790892006286
57090674965606,113790892102249
57090708197975,113790925334374
57090708293851,113790925430249
57090741527578,113790958663824
57090741622004,113790958758249
57090774905607,113790992041699
57090774982157,113790992118249
57090808227760,113791025363699
57090808310310,113791025446249
57090841561288,113791058697074
57090841638463,113791058774249
57090874891152,113791092026749
57090874966652,113791092102249
57090908218505,113791125353874
57090908294880,113791125430249
57090941540794,113791158676124
57090941622919,113791158758249
57090974870582,113791192005786
57090974951046,113791192086249
57091008201626,113791225336624
57091008279252,113791225414249
57091041523720,113791258658824
57091041639142,113791258774249
57091074859120,113791291994786
57091074966584,113791292102249
57091108225183,113791325360324
57091108295109,113791325430249
57091141546758,113791358681374
57091141623634,113791358758249
57091174873160,113791392007286
57091174952124,113791392086249
57091208202426,113791425336199
57091208280477,113791425414249
57091241524499,113791458658036
57091241640713,113791458774249
57091274891008,113791492024374
57091274968884,113791492102249
57091308223179,113791525356374
57091308297054,113791525430249
57091341546947,113791558679999
57091341625197,113791558758249
57091374876699,113791592009661
57091374953287,113791592086249
57091408204225,113791625336999
57091408281475,113791625414249
57091441531700,113791658664286
57091441609663,113791658742249
57091474859226,113791691991624
57091474937852,113791692070249
57091508190451,113791725322661
57091508266040,113791725398249
57091541547764,113791758679786
57091541642228,113791758774249
57091574875291,113791792007124
57091574970416,113791792102249
57091608205179,113791825336824
57091608298604,113791825430249
57091641532699,113791858664161
57091641626788,113791858758249
57091674860239,113791891991499
57091674954989,113791892086249
57091708187784,113791925318786
57091708283248,113791925414249
57091741548801,113791958679661
57091741643389,113791958774249
57091774874106,113791992004824
57091774971531,113791992102249
57091808207864,113792025338449
57091808299664,113792025430249
57091841535587,113792058665999
57091841627838,113792058758249
57091874863180,113792091993324
57091874956105,113792092086249
57091908195629,113792125325749
57091908284129,113792125414249
57091941560410,113792158690325
57091941612335,113792158742249
57091974848040,113792191978036
57091974972250,113792192102249
57092008204677,113792225335161
57092008299766,113792225430249
57092041536481,113792258666449
57092041628283,113792258758249
57092074864498,113792291993949
57092074956799,113792292086249
57092108194857,113792325323874
57092108285233,113792325414249
57092141516266,113792358645124
57092141613391,113792358742249
57092174877205,113792392005949
57092174973506,113792392102249
57092208204753,113792425333286
57092208301717,113792425430249
57092241547177,113792458675499
57092241629928,113792458758249
57092274859838,113792491987949
57092274958138,113792492086249
57092308277474,113792525405374
57092308286349,113792525414249
57092341520571,113792558648249
57092341614572,113792558742249
57092374881423,113792592008874
57092374974799,113792592102249
57092408207307,113792625334624
57092408302932,113792625430249
57092441543352,113792658670536
57092441631065,113792658758249
57092474889235,113792692016286
57092474959199,113792692086249
57092508199619,113792725326536
57092508287332,113792725414249
57092541515915,113792758642699
57092541615465,113792758742249
57092574875293,113792792002161
57092574975379,113792792102249
57092608242630,113792825370249
57092608302629,113792825430249
57092641531956,113792858660324
57092641629879,113792858758249
57092674899986,113792892028624
57092674957613,113792892086249
57092708198718,113792925326161
57092708286809,113792925414249
57092741527251,113792958653499
57092741616005,113792958742249
57092774889052,113792992014324
57092774976977,113792992102249
57092808216564,113793025341661
57092808305152,113793025430249
57092841543849,113793058668999
57092841633100,113793058758249
57092874862726,113793091987499
57092874961477,113793092086249
57092908200351,113793125324824
57092908289776,113793125414249
57092941519331,113793158643749
57092941617831,113793158742249
57092974890783,113793192015036
57092974945996,113793192070249
57093008215853,113793225339999
57093008306103,113793225430249
57093041541070,113793258664999
57093041634320,113793258758249
57093074879986,113793292003699
57093074962537,113793292086249
57093108196330,113793325319874
57093108290705,113793325414249
57093141527427,113793358650911
57093141618766,113793358742249
57093174855007,113793391978249
57093174947008,113793392070249
57093208216192,113793425339074
57093208307367,113793425430249
57093241543700,113793458666411
57093241635538,113793458758249
57093274871209,113793491993749
57093274963709,113793492086249
57093308202422,113793525324786
57093308291886,113793525414249
57093341529953,113793558652125
57093341620078,113793558742249
57093374857451,113793591979449
57093374948252,113793592070249
57093408218434,113793625340286
57093408308398,113793625430249
57093441545918,113793658667624
57093441636543,113793658758249
57093474873389,113793691994949
57093474964689,113793692086249
57093508200835,113793725322249
57093508292835,113793725414249
57093541528306,113793758649574
57093541620981,113793758742249
57093574859551,113793791980624
57093574949177,113793792070249
57093608216964,113793825337749
57093608309464,113793825430249
57093641548168,113793858668786
57093641637631,113793858758249
57093674875792,113793891996124
57093674965918,113793892086249
57093708203260,113793925323449
57093708294061,113793925414249
57093741530803,113793958650786
57093741622266,113793958742249
57093774858249,113793991978124
57093774950374,113793992070249
57093808219285,113794025338949
57093808310586,113794025430249
57093841546723,113794058666286
57093841638685,113794058758249
57093874873899,113794091993624
57093874966526,113794092086249
57093908205576,113794125324661
57093908295164,113794125414249
57093941532984,113794158651999
57093941623235,113794158742249
57093974860558,113794191979324
57093974951483,113794192070249
57094008189057,113794225307624
57094008279683,113794225398249
57094041540015,113794258658449
57094041639816,113794258758249
57094074874899,113794291993199
57094074967949,113794292086249
57094108202157,113794325320324
57094108296082,113794325414249
57094141529627,113794358647661
57094141624215,113794358742249
57094174858313,113794391976161
57094174952402,113794392070249
57094208185964,113794425303499
57094208280714,113794425398249
57094241546991,113794458664324
57094241640916,113794458758249
57094274874511,113794491991661
57094274969100,113794492086250
57094308202032,113794525318999
57094308297283,113794525414249
57094341529574,113794558646324
57094341625500,113794558742249
57094374857194,113794591973661
57094374953783,113794592070249
57094408188201,113794625304499
57094408281952,113794625398249
57094441515696,113794658631824
57094441610121,113794658726249
57094474843165,113794691959124
57094474938291,113794692054249
57094508170660,113794725286449
57094508266460,113794725382249
57094541546579,113794758662199
57094541642630,113794758758249
57094574874085,113794791989536
57094574970799,113794792086249
57094608205293,113794825320574
57094608298968,113794825414249
57094641532852,113794858647911
57094641627191,113794858742249
57094674860545,113794891975249
57094674955546,113794892070249
57094708195298,113794925309786
57094708283761,113794925398249
57094741556209,113794958670624
57094741643835,113794958758249
57094774883465,113794991997949
57094774971763,113794992086249
57094808210319,113795025325286
57094808299284,113795025414250
57094841538043,113795058652624
57094841627669,113795058742249
57094874869466,113795091983661
57094874956055,113795092070249
57094908197189,113795125310999
57094908284440,113795125398249
57094941524900,113795158638324
57094941612826,113795158726249
57094974886066,113795191999161
57094974973154,113795192086249
57095008213558,113795225326499
57095008301308,113795225414249
57095041541037,113795258653824
57095041629463,113795258742249
57095074868530,113795291981161
57095074957618,113795292070249
57095108196005,113795325308499
57095108285755,113795325398249
57095141527133,113795358639536
57095141613847,113795358726249
57095174875066,113795391987286
57095174974030,113795392086249
57095208210912,113795425322874
57095208302288,113795425414249
57095241534246,113795458645949
57095241630546,113795458742249
57095274865213,113795491976661
57095274958802,113795492070249
57095308188138,113795525299324
57095308287064,113795525398249
57095341523188,113795558634124
57095341615313,113795558726249
57095374881976,113795591992824
57095374975401,113795592086249
57095408208295,113795625318999
57095408303545,113795625414249
57095441539476,113795658650036
57095441631689,113795658742249
57095474863457,113795691973874
57095474959833,113795692070249
57095508194638,113795725304911
57095508287977,113795725398249
57095541518370,113795758628499
57095541616120,113795758726249
57095574879398,113795791989324
57095574976324,113795792086249
57095608207066,113795825316661
57095608304655,113795825414249
57095641534584,113795858643999
57095641632834,113795858742249
57095674862123,113795891971324
57095674961049,113795892070249
57095708192847,113795925301949
57095708289146,113795925398249
57095741527341,113795958636536
57095741617056,113795958726249
57095774883743,113795991992449
57095774977543,113795992086249
57095808215282,113796025324036
57095808305493,113796025414249
57095841539196,113796058648374
57095841633072,113796058742249
57095874912555,113796092021374
57095874961430,113796092070249
57095908191412,113796125299874
57095908289788,113796125398249
57095941523771,113796158631874
57095941618147,113796158726249
57095974888705,113796191996450
57095974978505,113796192086249
57096008213757,113796225321199
57096008306808,113796225414249
57096041537516,113796258644824
57096041634941,113796258742249
57096074869324,113796291976499
57096074963074,113796292070249
57096108193049,113796325300074
57096108291224,113796325398249
57096141520374,113796358627199
57096141619424,113796358726249
57096174880036,113796391986661
57096174979624,113796392086249
57096208221868,113796425328286
57096208307832,113796425414249
57096241543885,113796458650074
57096241636061,113796458742249
57096274863577,113796491969536
57096274964290,113796492070249
57096308194793,113796525300536
57096308292507,113796525398249
57096341535808,113796558641374
57096341620684,113796558726250
57096374885485,113796591990874
57096374980861,113796592086249
57096408215112,113796625320324
57096408309038,113796625414249
57096441539839,113796658644874
57096441637215,113796658742249
57096474872216,113796691977074
57096474965392,113796692070249
57096508196980,113796725301661
57096508293569,113796725398249
57096541524282,113796758628786
57096541621746,113796758726249
57096574856634,113796791960999
57096574949884,113796792054249
57096608219906,113796825324161
57096608309995,113796825414249
57096641546166,113796858650124
57096641638291,113796858742249
57096674877331,113796891981161
57096674966421,113796892070249
57096708196161,113796925299661
57096708294749,113796925398249
57096741523602,113796958626999
57096741622853,113796958726249
57096774851180,113796991954324
57096774951105,113796992054249
57096808215904,113797025318911
57096808279242,113797025382249
57096841539314,113797058642499
57096841639061,113797058742249
57096874866062,113797091969824
57096874966488,113797092070249
57096908216279,113797125319499
57096908295030,113797125398249
57096941525520,113797158628199
57096941623572,113797158726249
57096974853305,113797191955536
57096974952018,113797192054249
57097008180807,113797225282874
57097008280183,113797225382249
57097041541810,113797258643699
57097041640361,113797258742249
57097074869310,113797291971036
57097074968523,113797292070249
57097108196810,113797325298374
57097108296686,113797325398249
57097141524333,113797358625699
57097141624884,113797358726249
57097174855673,113797391956749
57097174953174,113797392054249
57097208183244,113797425284074
57097208281420,113797425382249
57097241544336,113797458644911
57097241641674,113797458742249
57097274871840,113797491972249
57097274969841,113797492070249
57097308199332,113797525299574
57097308298007,113797525398249
57097341526806,113797558626874
57097341626181,113797558726249
57097374854319,113797591954199
57097374954370,113797592054249
57097408181823,113797625281536
57097408282537,113797625382249
57097441513028,113797658612574
57097441610703,113797658710249
57097474840531,113797691939911
57097474938870,113797692038249
57097508201536,113797725300749
57097508267037,113797725366250
57097541543953,113797758642999
57097541643203,113797758742249
57097574871467,113797791970324
57097574971393,113797792070249
57097608199020,113797825297624
57097608299646,113797825398249
57097641530291,113797858628699
57097641627841,113797858726249
57097674857720,113797891955999
57097674955971,113797892054249
57097708185294,113797925283324
57097708284220,113797925382249
57097741550062,113797958647911
57097741612400,113797958710249
57097774873547,113797991971499
57097774972294,113797992070249
57097808200288,113798025298824
57097808299714,113798025398249
57097841528133,113798058626161
57097841628222,113798058726249
57097874863429,113798091960949
57097874956731,113798092054249
57097908187438,113798125284536
57097908285152,113798125382249
57097941514897,113798158611874
57097941613272,113798158710249
57097974875783,113798191972699
57097974973334,113798192070249
57098008203341,113798225300036
57098008301554,113798225398249
57098041530899,113798258627374
57098041629775,113798258726249
57098074891945,113798291988199
57098074989996,113798292086249
57098108223628,113798325319661
57098108318217,113798325414249
57098141556275,113798358652124
57098141646400,113798358742249
57098174875292,113798391971036
57098174974505,113798392070249
57098208205588,113798425301124
57098208302714,113798425398249
57098241533334,113798458628661
57098241630922,113798458726249
57098274868755,113798491963874
57098274959131,113798492054249
57098308189038,113798525283949
57098308287339,113798525382249
57098341519325,113798558614036
57098341615538,113798558710249
57098374885247,113798591979786
57098374975711,113798592070249
57098408250208,113798625344574
57098408335883,113798625430249
57098441566755,113798658660949
57098441664056,113798658758249
57098474903478,113798691997499
57098474992228,113798692086249
57098508222600,113798725316449
57098508320400,113798725414249
57098541554022,113798758647699
57098541648573,113798758742249
57098574883120,113798791976624
57098574976745,113798792070249
57098608209713,113798825302999
57098608304964,113798825398249
57098641543833,113798858636786
57098641633297,113798858726249
57098674861786,113798891954536
57098674961499,113798892054249
57098708191954,113798925284624
57098708289579,113798925382249
57098741522234,113798958614699
57098741617785,113798958710249
57098774882135,113798991974411
57098774945974,113798992038249
57098808208764,113799025300786
57098808306228,113799025398249
57098841539015,113799058630874
57098841634390,113799058726249
57098874873214,113799091964911
57098874962553,113799092054249
57098908199757,113799125291286
57098908290720,113799125382249
57098941521387,113799158612749
57098941618888,113799158710249
57098974851792,113799191943036
57098974947006,113799192038249
57099008215547,113799225306661
57099008307135,113799225398249
57099041538363,113799258629286
57099041635327,113799258726249
57099074866305,113799291957036
57099074963519,113799292054249
57099108192639,113799325283199
57099108291689,113799325382249
57099141526559,113799358616999
57099141619810,113799358710249
57099174855523,113799391945749
57099174948024,113799392038249
57099208215512,113799425305411
57099208308351,113799425398249
57099241536916,113799458626661
57099241636505,113799458726249
57099274867158,113799491956749
57099274964659,113799492054249
57099308199800,113799525289199
57099308292851,113799525382249
57099341526246,113799558615374
57099341621122,113799558710249
57099374860200,113799591949161
57099374949288,113799592038249
57099408208892,113799625297661
57099408309481,113799625398249
57099441540123,113799658628699
57099441637673,113799658726249
57099476964127,113799694052499
57099477061878,113799694150249
57099508277095,113799725365286
57099508374059,113799725462249
57099541630701,113799758718699
57099541702251,113799758790249
57099574935105,113799792022911
57099575030443,113799792118249
57099608265126,113799825352786
57099608358590,113799825446250
57099641599975,113799858687574
57099641686651,113799858774249
57099674927520,113799892014911
57099675014859,113799892102249
57099708258770,113799925345949
57099708343071,113799925430249
57099741597562,113799958684449
57099741671362,113799958758249
57099774906439,113799991993161
57099774999528,113799992086249
57099808233943,113800025320499
57099808327694,113800025414249
57099841613559,113800058699949
57099841655859,113800058742249
57099874892650,113800091978874
57099874984025,113800092070249
57099908220132,113800125306199
57099908312183,113800125398249
57099941547619,113800158633536
57099941640332,113800158726249
57099974875107,113800191960824
57099974968532,113800192054249
57100008202644,113800225288161
57100008296732,113800225382249
57100041530138,113800258615499
57100041624888,113800258710249
57100074861254,113800291946536
57100074952968,113800292038249
57100108188832,113800325273874
57100108281208,113800325366249
57100141549854,113800358634699
57100141641405,113800358726249
57100174877428,113800391962036
57100174969642,113800392054249
57100208205004,113800425289374
57100208297879,113800425382249
57100241532543,113800458616699
57100241626094,113800458710249
57100274862343,113800491946374
57100274954218,113800492038249
57100308184638,113800525268574
57100308282313,113800525366249
57100341597842,113800558681574
57100341642517,113800558726249
57100374874220,113800591957749
57100374970721,113800592054249
57100408204299,113800625287624
57100408298924,113800625382249
57100441536703,113800658619824
57100441627128,113800658710249
57100476536003,113800693618911
57100476635342,113800693718249
57100508286036,113800725368750
57100508379536,113800725462249
57100541617276,113800758699786
57100541707740,113800758790249
57100574948518,113800792030824
57100575035943,113800792118249
57100608268647,113800825350749
57100608364147,113800825446249
57100641603600,113800858685499
57100641692351,113800858774249
57100674927412,113800892009124
57100675020537,113800892102249
57100708258589,113800925340161
57100708348677,113800925430249
57100741597255,113800958678661
57100741676843,113800958758249
57100774932196,113800992013411
57100775005034,113800992086249
57100808241099,113801025322124
57100808333225,113801025414249
57100841572365,113801058653199
57100841661416,113801058742249
57100874897931,113801091978574
57100874989606,113801092070249
57100908224288,113801125304749
57100908317789,113801125398249
57100941548078,113801158628374
57100941645953,113801158726249
57100974875582,113801191955699
57100974974132,113801192054249
57101008206798,113801225286749
57101008302299,113801225382249
57101041534290,113801258614074
57101041630465,113801258710249
57101074876667,113801291956286
57101074958630,113801292038249
57101108189217,113801325268699
57101108286767,113801325366249
57101141516643,113801358596036
57101141614857,113801358694249
57101174877650,113801391956874
57101174975026,113801392054249
57101208205219,113801425284199
57101208303270,113801425382249
57101241532799,113801458611536
57101241631513,113801458710249
57101274864081,113801491942574
57101274959756,113801492038249
57101308191661,113801525269911
57101308288000,113801525366249
57101341519218,113801558597249
57101341616219,113801558694249
57101374880190,113801591958074
57101374976365,113801592054249
57101408207675,113801625285411
57101408304513,113801625382249
57101441535161,113801658612749
57101441632661,113801658710249
57101474862633,113801691940074
57101474960809,113801692038249
57101508193831,113801725271124
57101508288957,113801725366249
57101541521304,113801758598449
57101541617104,113801758694249
57101574882323,113801791959287
57101574977286,113801792054249
57101608209750,113801825286624
57101608305374,113801825382249
57101641536928,113801858613949
57101641633231,113801858710249
57101674865020,113801891941286
57101674961983,113801892038249
57101708192504,113801925268574
57101708290180,113801925366249
57101741520062,113801958595911
57101741618400,113801958694249
57101774851245,113801991926999
57101774946496,113801992022249
57101808212050,113802025287624
57101808306675,113802025382249
57101841540754,113802058616124
57101841634880,113802058710249
57101874870620,113802091945786
57101874963084,113802092038249
57101908204164,113802125279161
57101908291252,113802125366249
57101941525115,113802158599999
57101941619366,113802158694249
57101974852486,113802191927124
57101974947612,113802192022249
57102008216996,113802225291499
57102008307747,113802225382249
57102041537759,113802258612124
57102041635884,113802258710249
57102074867521,113802291941749
57102074964021,113802292038249
57102108239429,113802325313536
57102108292142,113802325366249
57102141526723,113802358600661
57102141620312,113802358694249
57102174862851,113802391936411
57102174948690,113802392022249
57102208217333,113802425290749
57102208308834,113802425382249
57102241541996,113802458615124
57102241637121,113802458710249
57102274874283,113802491947124
57102274965409,113802492038249
57102308201630,113802525274249
57102308293630,113802525366249
57102341531147,113802558603699
57102341621697,113802558694249
57102374859649,113802591931999
57102374949899,113802592022249
57102408211621,113802625283786
57102408310084,113802625382249
57102441551219,113802658623199
57102441638269,113802658710249
57102474873241,113802691945036
57102474966454,113802692038249
57102508198925,113802725270536
57102508294639,113802725366249
57102541564449,113802758635874
57102541654824,113802758726249
57102574889170,113802791960411
57102574983009,113802792054249
57102608307019,113802825378074
57102608343194,113802825414249
57102641597089,113802858667949
57102641671389,113802858742249
57102674904651,113802891975286
57102674999615,113802892070249
57102708234540,113802925304949
57102708327841,113802925398249
57102741564441,113802958634624
57102741656067,113802958726249
57102774895742,113802991965699
57102774984293,113802992054249
57102808223227,113803025292999
57102808312477,113803025382249
57102841550645,113803058620324
57102841640570,113803058710249
57102874878182,113803091947661
57102874968770,113803092038249
57102908205720,113803125274999
57102908296970,113803125366249
57102941533216,113803158602324
57102941625141,113803158694249
57102974864374,113803191933374
57102974953249,113803192022249
57103008191889,113803225260699
57103008281439,113803225350249
57103041552659,113803258621536
57103041641370,113803258710249
57103074898073,113803291967499
57103074968824,113803292038249
57103108207311,113803325276199
57103108297362,113803325366249
57103141535185,113803358603536
57103141625900,113803358694249
57103174863004,113803391930874
57103174954380,113803392022249
57103208190579,113803425258161
57103208282667,113803425350249
57103241551656,113803458619037
57103241642869,113803458710249
57103274879157,113803491946324
57103274971083,113803492038249
57103308210588,113803525277411
57103308299426,113803525366249
57103341537972,113803558604699
57103341627522,113803558694249
57103374865397,113803591932036
57103374955611,113803592022249
57103408192916,113803625259374
57103408283792,113803625350249
57103441520423,113803658586699
57103441611973,113803658678249
57103474851654,113803691917749
57103474940155,113803692006249
57103508179160,113803725245074
57103508268336,113803725334249
57103541555092,113803758620824
57103541644517,113803758710249
57103574876465,113803791942286
57103574972425,113803792038249
57103608188549,113803825254949
57103608299851,113803825366249
57103641532592,113803858598536
57103641628306,113803858694249
57103674869423,113803891934911
57103674956762,113803892022249
57103708186253,113803925251286
57103708285218,113803925350249
57103741553997,113803958618574
57103741645674,113803958710249
57103774883308,113803991947499
57103774974058,113803992038249
57103808207304,113804025271324
57103808302229,113804025366249
57103841536187,113804058600036
57103841630400,113804058694249
57103874866202,113804091929911
57103874958540,113804092022249
57103908193626,113804125257249
57103908286626,113804125350249
57103941524751,113804158588286
57103941614713,113804158678249
57103974881732,113804191945411
57103974974571,113804192038249
57104008213041,113804225276449
57104008302842,113804225366249
57104041541612,113804258604749
57104041631113,113804258694249
57104074869208,113804291932074
57104074959383,113804292022249
57104108196815,113804325259411
57104108287654,113804325350249
57104141572359,113804358634699
57104141615909,113804358678249
57104174876186,113804391938324
57104174976111,113804392038249
57104208212345,113804425274286
57104208304309,113804425366249
57104241542046,113804458603749
57104241632546,113804458694249
57104274865858,113804491927324
57104274960784,113804492022249
57104308199683,113804525260949
57104308288983,113804525350249
57104341527127,113804558588286
57104341617091,113804558678249
57104374882811,113804591943786
57104374977275,113804592038249
57104408215210,113804625276000
57104408305460,113804625366249
57104441533895,113804658594499
57104441633645,113804658694249
57104474870030,113804691930449
57104474961831,113804692022249
57104508197552,113804725257786
57104508290016,113804725350249
57104541528776,113804758588824
57104541618201,113804758678249
57104574856292,113804791916161
57104574946380,113804792006249
57104608217320,113804825276999
57104608306571,113804825366249
57104641544933,113804858604324
57104641634859,113804858694249
57104674872558,113804891931661
57104674963146,113804892022249
57104708200130,113804925258999
57104708291380,113804925350249
57104741527556,113804958586324
57104741619481,113804958678249
57104774855101,113804991913661
57104774947690,113804992006249
57104808216159,113805025274499
57104808307910,113805025366249
57104841543626,113805058601824
57104841636051,113805058694249
57104874874818,113805091932874
57104874964193,113805092022249
57104908236760,113805125294661
57104908292348,113805125350249
57104941523306,113805158581036
57104941620519,113805158678249
57104974860554,113805191918161
57104974948642,113805192006249
57105008213714,113805225271124
57105008308839,113805225366249
57105041542159,113805258599411
57105041636997,113805258694249
57105074868655,113805291925749
57105074965156,113805292022249
57105108241764,113805325298699
57105108293314,113805325350249
57105141535368,113805358592124
57105141621494,113805358678249
57105174859004,113805391915499
57105174949755,113805392006249
57105208221088,113805425277286
57105208310052,113805425366249
57105241545888,113805458601874
57105241638263,113805458694249
57105274874538,113805491930374
57105274966414,113805492022249
57105308202201,113805525257699
57105308294752,113805525350249
57105341532016,113805558587374
57105341622891,113805558678249
57105374851791,113805591907037
57105374951004,113805592006249
57105408223994,113805625279036
57105408279208,113805625334249
57105441548786,113805658603624
57105441607411,113805658662249
57105474878652,113805691933286
57105474935615,113805691990249
57105508237143,113805725291574
57105508263818,113805725318249
57105541529772,113805758583999
57105541640022,113805758694249
57105574858475,113805791912499
57105574968226,113805792022249
57105608219504,113805825273324
57105608296430,113805825350249
57105641547021,113805858600661
57105641624609,113805858678249
57105674874510,113805891927999
57105674952761,113805892006249
57105708206422,113805925259661
57105708281011,113805925334249
57105741528068,113805958581161
57105741641157,113805958694249
57105774858714,113805991911661
57105774969302,113805992022249
57105808223323,113806025276124
57105808297448,113806025350249
57105841546140,113806058598786
57105841625604,113806058678249
57105874874489,113806091926949
57105874953790,113806092006249
57105908237725,113806125289999
57105908329976,113806125382249
57105941563536,113806158615624
57105941658162,113806158710249
57105974893847,113806191945749
57105974986348,113806192038249
57106008223348,113806225275074
57106008314524,113806225366249
57106041547340,113806258598911
57106041642678,113806258694249
57106074878986,113806291930374
57106074970862,113806292022250
57106108210831,113806325262036
57106108299045,113806325350249
57106141535987,113806358587036
57106141627200,113806358678249
57106174856192,113806391907124
57106174955318,113806392006249
57106208186747,113806425237411
57106208283586,113806425334249
57106241553033,113806458603374
57106241643909,113806458694249
57106274878364,113806491928374
57106274972239,113806492022249
57106308205997,113806525255911
57106308300335,113806525350249
57106341533431,113806558583249
57106341628431,113806558678249
57106374865998,113806591915699
57106374956549,113806592006249
57106408185104,113806625234624
57106408284730,113806625334249
57106441521410,113806658570749
57106441612911,113806658662249
57106474848916,113806691898074
57106474941092,113806691990249
57106508180148,113806725229124
57106508269273,113806725318249
57106541556079,113806758604874
57106541629454,113806758678249
57106574883583,113806791932199
57106574957633,113806792006249
57106608211122,113806825259536
57106608285836,113806825334249
57106641538777,113806858586874
57106641614153,113806858662249
57106674866385,113806891914161
57106674974474,113806892022249
57106708197607,113806925245249
57106708302607,113806925350249
57106741554865,113806958602374
57106741630740,113806958678249
57106774882335,113806991929661
57106774958924,113806992006249
57106808213701,113807025260749
57106808287201,113807025334249
57106841541107,113807058588036
57106841615320,113807058662249
57106874868596,113807091915374
57106874975471,113807092022249
57106908196072,113807125242699
57106908303622,113807125350249
57106941557060,113807158603536
57106941631773,113807158678249
57106974884549,113807191930874
57106974959924,113807192006249
57107008212054,113807225258199
57107008288105,113807225334249
57107041543346,113807258589249
57107041616347,113807258662249
57107074870848,113807291916574
57107074976524,113807292022249
57107108198408,113807325243911
57107108304746,113807325350249
57107141525933,113807358571249
57107141632934,113807358678249
57107174886946,113807391932074
57107174961122,113807392006249
57107208214470,113807425259411
57107208289308,113807425334249
57107241538028,113807458582786
57107241617491,113807458662249
57107274864168,113807491908749
57107274945668,113807491990249
57107308197486,113807525242124
57107308305609,113807525350249
57107341519018,113807558564124
57107341633144,113807558678249
57107374893476,113807591938286
57107374961440,113807592006249
57107408214397,113807625258911
57107408289736,113807625334249
57107441534156,113807658578374
57107441618032,113807658662249
57107474866652,113807691910574
57107474946327,113807691990249
57107508200535,113807725244161
57107508274623,113807725318249
57107541517955,113807758561286
57107541634919,113807758678249
57107574891465,113807791934499
57107574963215,113807792006249
57107608209045,113807825251824
57107608291471,113807825334249
57107641540274,113807858582874
57107641619650,113807858662249
57107674867880,113807891910199
57107674947930,113807891990249
57107708195344,113807925237499
57107708308094,113807925350249
57107741522848,113807958564824
57107741636274,113807958678249
57107774883902,113807991925699
57107774964453,113807992006249
57107808215563,113808025257161
57107808292652,113808025334249
57107841541962,113808058583324
57107841620888,113808058662249
57107874867104,113808091908286
57107874949067,113808091990249
57107908201136,113808125242124
57107908309262,113808125350249
57107941529986,113808158570824
57107941637412,113808158678249
57107974891187,113808191931874
57107974965562,113808192006249
57108008223942,113808225264499
57108008293692,113808225334249
57108041539056,113808258579499
57108041621806,113808258662249
57108074875436,113808291915662
57108074950024,113808291990249
57108108170798,113808325210874
57108108310173,113808325350249
57108141524316,113808358564249
57108141638316,113808358678249
57108174855450,113808391895286
57108174966415,113808392006249
57108208216109,113808425255499
57108208294860,113808425334249
57108241540844,113808458579874
57108241623219,113808458662249
57108274873905,113808491912824
57108274951330,113808491990249
57108308198961,113808525237749
57108308279461,113808525318249
57108341523121,113808558561824
57108341639547,113808558678249
57108374852165,113808591890661
57108374967754,113808592006249
57108408216336,113808625254624
57108408295961,113808625334249
57108441542867,113808658580949
57108441624168,113808658662249
57108474870411,113808691908286
57108474952375,113808691990249
57108508201118,113808725238786
57108508280582,113808725318249
57108541533988,113808758571449
57108541640789,113808758678249
57108574857570,113808791894824
57108574968996,113808792006249
57108608222778,113808825259824
57108608297203,113808825334249
57108641550322,113808858587161
57108641625410,113808858662249
57108674880933,113808891917574
57108674953608,113808891990249
57108708199571,113808925236074
57108708281746,113808925318249
57108741532771,113808958569249
57108741641772,113808958678250
57108774862025,113808991898499
57108774969775,113808992006249
57108808212654,113809025249124
57108808297780,113809025334250
57108841552285,113809058588574
57108841625962,113809058662249
57108874878612,113809091914324
57108874954537,113809091990249
57108908209638,113809125245161
57108908282726,113809125318249
57108941533329,113809158568574
57108941643004,113809158678249
57108974859132,113809191894286
57108974971096,113809192006249
57109008195883,113809225230824
57109008299308,113809225334249
57109041542905,113809258577749
57109041627406,113809258662249
57109074872599,113809291907199
57109074955649,113809291990249
57109108201214,113809325235699
57109108283764,113809325318249
57109141533681,113809358567949
57109141643982,113809358678249
57109174858280,113809391892499
57109174972028,113809392006249
57109208185306,113809425219824
57109208299733,113809425334249
57109241555252,113809458589286
57109241628216,113809458662249
57109274884235,113809491917786
57109274956699,113809491990249
57109308211952,113809525245124
57109308285077,113809525318249
57109341543078,113809558576161
57109341613166,113809558646249
57109374870600,113809591903499
57109374973351,113809592006249
57109408198115,113809625230824
57109408301540,113809625334249
57109441525641,113809658558161
57109441629730,113809658662249
57109474853119,113809691885449
57109474957919,113809691990249
57109508180645,113809725212786
57109508286109,113809725318249
57109541541710,113809758573661
57109541614298,113809758646249
57109574869191,113809791900949
57109574974491,113809792006249
57109608200482,113809825232036
57109608302696,113809825334249
57109641557775,113809858589124
57109641630900,113809858662249
57109674889077,113809891920199
57109674959127,113809891990249
57109708210172,113809925241036
57109708287386,113809925318249
57109741533909,113809958564624
57109741615535,113809958646249
57109774870015,113809991900574
57109774975690,113809992006249
57109808189838,113810025220249
57109808303839,113810025334249
57109841553399,113810058583661
57109841631987,113810058662249
57109874878085,113810091908199
57109874960136,113810091990249
57109908204196,113810125234161
57109908288284,113810125318249
57109941535397,113810158565199
57109941616447,113810158646249
57109974865286,113810191894874
57109974976662,113810192006249
57110008192825,113810225222199
57110008304876,113810225334249
57110041527779,113810258556999
57110041633030,113810258662249
57110074881308,113810291910374
57110074961184,113810291990249
57110108208819,113810325237699
57110108289370,113810325318249
57110141536408,113810358565036
57110141617622,113810358646249
57110174863902,113810391892374
57110174945777,113810391974249
57110208194821,113810425223411
57110208305656,113810425334249
57110241523176,113810458552324
57110241633103,113810458662249
57110274884597,113810491913161
57110274961686,113810491990249
57110308212518,113810525240499
57110308290269,113810525318249
57110341540325,113810558567824
57110341618750,113810558646249
57110374867835,113810591895161
57110374946924,113810591974250
57110408195304,113810625222449
57110408307105,113810625334249
57110441522822,113810658549786
57110441635286,113810658662249
57110474854042,113810691880825
57110474963467,113810691990249
57110508181560,113810725208161
57110508291648,113810725318249
57110541542616,113810758569036
57110541619829,113810758646249
57110574870083,113810791896324
57110574948008,113810791974249
57110608197610,113810825223661
57110608308199,113810825334249
57110641525194,113810858550999
57110641636444,113810858662249
57110674886264,113810891911824
57110674964690,113810891990249
57110708213816,113810925239161
57110708292905,113810925318249
57110741541309,113810958566499
57110741621060,113810958646249
57110774868883,113810991893824
57110774949308,113810991974249
57110808200126,113811025224874
57110808309502,113811025334250
57110841527559,113811058552199
57110841637610,113811058662249
57110874888505,113811091913036
57110874965718,113811091990249
57110908216004,113811125240374
57110908293879,113811125318249
57110941543585,113811158567699
57110941622135,113811158646249
57110974871014,113811191895036
57110974950227,113811191974249
57111008198538,113811225222374
57111008310414,113811225334249
57111041527519,113811258551286
57111041638482,113811258662249
57111074861079,113811291884874
57111074966455,113811291990249
57111108220017,113811325243374
57111108294892,113811325318249
57111141544083,113811358567199
57111141623134,113811358646249
57111174871676,113811391894499
57111174951427,113811391974249
57111208199441,113811425222036
57111208279655,113811425302249
57111241526952,113811458549374
57111241639827,113811458662249
57111274854456,113811491876699
57111274968006,113811491990249
57111308215472,113811525237536
57111308296186,113811525318249
57111341542978,113811558564874
57111341624354,113811558646249
57111374870452,113811591892199
57111374952503,113811591974249
57111408201701,113811625223249
57111408280702,113811625302249
57111441529225,113811658550574
57111441608901,113811658630249
57111474856761,113811691877911
57111474937100,113811691958249
57111508184298,113811725205249
57111508265299,113811725286249
57111541545323,113811758566074
57111541641498,113811758662249
57111574872858,113811791893411
57111574969697,113811791990249
57111608204520,113811825224874
57111608297896,113811825318249
57111641535772,113811858555911
57111641626111,113811858646249
57111674859659,113811891879536
57111674954373,113811891974249
57111708217047,113811925236661
57111708314636,113811925334249
57111741552015,113811958571411
57111741642853,113811958662249
57111774875723,113811991895036
57111774970937,113811991990249
57111808203145,113812025222374
57111808299020,113812025318249
57111841533564,113812058552661
57111841627153,113812058646249
57111874862292,113812091881161
57111874955380,113812091974249
57111908190444,113812125209249
57111908283444,113812125302249
57111941547648,113812158566374
57111941643524,113812158662249
57111974878765,113812191897411
57111974971603,113812191990249
57112008205318,113812225223786
57112008299783,113812225318249
57112041533072,113812258551124
57112041628197,113812258646249
57112074860611,113812291878449
57112074956412,113812291974249
57112108188157,113812325205786
57112108284621,113812325302249
57112141515622,113812358533124
57112141612747,113812358630249
57112174876592,113812391893949
57112174972893,113812391990249
57112208209475,113812425226574
57112208301151,113812425318249
57112241540784,113812458557624
57112241629409,113812458646249
57112274868354,113812491884949
57112274957655,113812491974249
57112308195897,113812525212286
57112308285861,113812525302249
57112341594192,113812558610374
57112341678068,113812558694249
57112374955224,113812591971199
57112375006274,113812592022249
57112408245517,113812625261286
57112408334480,113812625350249
57112441573061,113812658588624
57112441662686,113812658678249
57112474900592,113812691915949
57112474990893,113812692006249
57112508228135,113812725243286
57112508319099,113812725334249
57112541555679,113812758570624
57112541647305,113812758662249
57112574886923,113812791901661
57112574975511,113812791990249
57112608206042,113812825220574
57112608303717,113812825318249
57112641536123,113812858550449
57112641631924,113812858646249
57112674863596,113812891877786
57112674960059,113812891974249
57112708190907,113812925205124
57112708288033,113812925302249
57112741518381,113812958532449
57112741616181,113812958630249
57112774879435,113812991893286
57112774976399,113812991990249
57112808207060,113813025220624
57112808304686,113813025318249
57112841538306,113813058551661
57112841632894,113813058646249
57112874884299,113813091897624
57112874960924,113813091974249
57112908193153,113813125206324
57112908289077,113813125302249
57112941520448,113813158533662
57112941617037,113813158630249
57112974881736,113813191894499
57112974977486,113813191990249
57113008208988,113813225221824
57113008305411,113813225318249
57113041535928,113813258549124
57113041633054,113813258646249
57113074863486,113813291876449
57113074961287,113813291974249
57113108194769,113813325207499
57113108289520,113813325302249
57113141522328,113813358534824
57113141617753,113813358630249
57113174883436,113813391895699
57113174977987,113813391990249
57113208210970,113813425222999
57113208306220,113813425318249
57113241538528,113813458550324
57113241634453,113813458646249
57113274924098,113813491935661
57113274962687,113813491974249
57113308198119,113813525209449
57113308290920,113813525302249
57113341522940,113813558534036
57113341619153,113813558630249
57113374886548,113813591897411
57113374979387,113813591990249
57113408211319,113813625221949
57113408307620,113813625318249
57113441542178,113813658552574
57113441635853,113813658646249
57113474870498,113813691880661
57113474964087,113813691974249
57113508200394,113813725210324
57113508292320,113813725302249
57113541525215,113813758534911
57113541620553,113813758630249
57113574857254,113813791866699
57113574948805,113813791958249
57113608215623,113813825224786
57113608309086,113813825318249
57113641549193,113813858558161
57113641637282,113813858646249
57113674870264,113813891879036
57113674965477,113813891974249
57113708200122,113813925208699
57113708293673,113813925302249
57113741530193,113813958538574
57113741621869,113813958630249
57113774857735,113813991865911
57113774950074,113813991958249
57113808218792,113814025226749
57113808310292,113814025318249
57113841546220,113814058554074
57113841638394,113814058646249
57113874873544,113814091881374
57113874966421,113814091974249
57113908200461,113814125207949
57113908294761,113814125302249
57113941530902,113814158538249
57113941622903,113814158630249
57113974861286,113814191868374
57113974951161,113814191958249
57114008222713,113814225229624
57114008279339,113814225286249
57114041545510,113814258552249
57114041639510,113814258646249
57114074878173,113814291884699
57114074967723,113814291974249
57114108203347,113814325209661
57114108295936,113814325302249
57114141525957,113814358532124
57114141624082,113814358630249
57114174853313,113814391859449
57114174952114,113814391958249
57114208184651,113814425190499
57114208280402,113814425286249
57114241542005,113814458547624
57114241640631,113814458646249
57114274873184,113814491878661
57114274968772,113814491974249
57114308200664,113814525205999
57114308296914,113814525302249
57114341528186,113814558533324
57114341625113,113814558630249
57114374855807,113814591860624
57114374953433,113814591958249
57114408183303,113814625187949
57114408281604,113814625286249
57114441510811,113814658515286
57114441609775,113814658614249
57114474842020,113814691846324
57114474937946,113814691942249
57114508169528,113814725173661
57114508266116,113814725270249
57114541545449,113814758549411
57114541642287,113814758646249
57114574872958,113814791876749
57114574970458,113814791974249
57114608200454,113814825204074
57114608298629,113814825302249
57114641527986,113814858531374
57114641626862,113814858630249
57114674859387,113814891862449
57114674955187,113814891958249
57114708186813,113814925189786
57114708283277,113814925286249
57114741547875,113814958550624
57114741643500,113814958646249
57114774875290,113814991877949
57114774971590,113814991974249
57114808202691,113815025205249
57114808299692,113815025302249
57114841533909,113815058536124
57114841628034,113815058630249
57114874866273,113815091868324
57114874956199,113815091958249
57114908188766,113815125190536
57114908284480,113815125286249
57114941552109,113815158553749
57114941612610,113815158614249
57114974891935,113815191893411
57114974972773,113815191974249
57115008204327,113815225205624
57115008300952,113815225302249
57115041544168,113815258545286
57115041629131,113815258630249
57115074862842,113815291863786
57115074957305,113815291958249
57115108190320,113815325191124
57115108285445,113815325286249
57115141517549,113815358518249
57115141613550,113815358614249
57115174876023,113815391876536
57115174973737,113815391974249
57115208203381,113815425203661
57115208301970,113815425302249
57115241534653,113815458534699
57115241630203,113815458630249
57115274860802,113815491860624
57115274958427,113815491958249
57115308209306,113815525208911
57115308286645,113815525286249
57115341517112,113815558516449
57115341614912,113815558614249
57115374878152,113815591877286
57115374975115,113815591974249
57115408205638,113815625204624
57115408303263,113815625302249
57115441533111,113815658531949
57115441631411,113815658630249
57115474860595,113815691859286
57115474959559,113815691958249
57115508188081,113815725186624
57115508287707,113815725286249
57115541519266,113815758517661
57115541615854,113815758614249
57115574876566,113815791874786
57115574976030,113815791974249
57115608207852,113815825205824
57115608304277,113815825302249
57115641535401,113815858533161
57115641632490,113815858630249
57115674862952,113815891860499
57115674960703,113815891958249
57115708190504,113815925187824
57115708288930,113815925286249
57115741518059,113815958515161
57115741617147,113815958614249
57115774878998,113815991875999
57115774977249,113815991974249
57115808206372,113816025203324
57115808305296,113816025302249
57115841533515,113816058530624
57115841633143,113816058630249
57115874865343,113816091861699
57115874961893,113816091958249
57115908192811,113816125189036
57115908290024,113816125286249
57115941520214,113816158516324
57115941618140,113816158614249
57115974847832,113816191843661
57115974946421,113816191942249
57116008208800,113816225204499
57116008306551,113816225302249
57116041541616,113816258537161
57116041634705,113816258630249
57116074869308,113816291864699
57116074962859,113816291958249
57116108193063,113816325188286
57116108291026,113816325286249
57116141525940,113816358520949
57116141619240,113816358614249
57116174853500,113816391848286
57116174947464,113816391942249
57116208259194,113816425253786
57116208307657,113816425302249
57116241542050,113816458536449
57116241635850,113816458630249
57116274869543,113816491863749
57116274964044,113816491958249
57116308197062,113816525191074
57116308292237,113816525286249
57116341524602,113816558518411
57116341620440,113816558614249
57116374858861,113816591852449
57116374948661,113816591942249
57116408214756,113816625208161
57116408308845,113816625302249
57116441536227,113816658529449
57116441637028,113816658630249
57116474867461,113816691860499
57116474965211,113816691958249
57116508194019,113816725186874
57116508293394,113816725286249
57116541531739,113816758524411
57116541621578,113816758614249
57116574858017,113816791850536
57116574949730,113816791942249
57116608219247,113816825211624
57116608309873,113816825302249
57116641546924,113816858538911
57116641638263,113816858630249
57116674874558,113816891866249
57116674966558,113816891958249
57116708205695,113816925197286
57116708294658,113816925286249
57116741533212,113816958524624
57116741622838,113816958614249
57116774860705,113816991851949
57116774951005,113816991942249
57116808225432,113817025216536
57116808279145,113817025270249
57116841548863,113817058540124
57116841638985,113817058630249
57116874875646,113817091867449
57116874966447,113817091958249
57116908203512,113817125194786
57116908294977,113817125286249
57116941527454,113817158518199
57116941623506,113817158614249
57116974858943,113817191849249
57116974951943,113817191942249
57117008190173,113817225180324
57117008280099,113817225270249
57117041547415,113817258537411
57117041640253,113817258630249
57117074878686,113817291868499
57117074968436,113817291958249
57117108207781,113817325197411
57117108296620,113817325286249
57117141519239,113817358508661
57117141624828,113817358614249
57117174864263,113817391853411
57117174953102,113817391942249
57117208188366,113817425177249
57117208281367,113817425270249
57117241545978,113817458534574
57117241641654,113817458630249
57117274873714,113817491862124
57117274969839,113817491958249
57117308205149,113817525193374
57117308298024,113817525286249
57117341536784,113817558524824
57117341626210,113817558614249
57117374895682,113817591883536
57117374986395,113817591974249
57117408225992,113817625213661
57117408314581,113817625302249
57117441550178,113817658537661
57117441642766,113817658630249
57117474879276,113817691866574
57117474970952,113817691958249
57117508202136,113817725189249
57117508299137,113817725286249
57117541533572,113817758520499
57117541627322,113817758614249
57117574858544,113817791845286
57117574955508,113817791942249
57117608193730,113817825180286
57117608283693,113817825270249
57117641547290,113817858533661
57117641643878,113817858630249
57117674883503,113817891869824
57117674971928,113817891958249
57117708207258,113817925193661
57117708299848,113817925286249
57117741530493,113817958516286
57117741628456,113817958614249
57117774865868,113817991851499
57117774956618,113817991942249
57117808197217,113818025182749
57117808284717,113818025270249
57117841518684,113818058503999
57117841612934,113818058598249
57117874873661,113818091858786
57117874973125,113818091958249
57117908203674,113818125188661
57117908301262,113818125286249
57117941531150,113818158515999
57117941629400,113818158614249
57117974858670,113818191843324
57117974957596,113818191942249
57118008186267,113818225170624
57118008285892,113818225270249
57118041513690,113818258497949
57118041613991,113818258598249
57118074875702,113818291859786
57118074974166,113818291958249
57118108204352,113818325188286
57118108302316,113818325286249
57118141531790,113818358515574
57118141630466,113818358614249
57118174863063,113818391846661
57118174958652,113818391942249
57118208189066,113818425172374
57118208286942,113818425270249
57118241516665,113818458499699
57118241615216,113818458598249
57118274877755,113818491860536
57118274975469,113818491958249
57118308209954,113818525192574
57118308303629,113818525286249
57118341541165,113818558523624
57118341631790,113818558614249
57118374864901,113818591847199
57118374959951,113818591942249
57118408192399,113818625174536
57118408288112,113818625270249
57118441523598,113818658505574
57118441616273,113818658598249
57118474851095,113818691832911
57118474944434,113818691926249
57118508171881,113818725153536
57118508272595,113818725254249
57118541539167,113818758520661
57118541632756,113818758614249
57118574869203,113818791850536
57118574960917,113818791942249
57118608196747,113818825177874
57118608289123,113818825270249
57118641524448,113818858505199
57118641617500,113818858598249
57118674889377,113818891869786
57118674945840,113818891926249
57118708207382,113818925188036
57118708305593,113818925286249
57118741537975,113818958519124
57118741633101,113818958614249
57118774864412,113818991845036
57118774961626,113818991942249
57118808197350,113819025177449
57118808290151,113819025270249
57118841524894,113819058504786
57118841618355,113819058598249
57118874851746,113819091832124
57118874945872,113819091926249
57118908212947,113819125192949
57118908306248,113819125286249
57118941540660,113819158520286
57118941634624,113819158614249
57118974868373,113819191847624
57118974962999,113819191942249
57119008199374,113819225178249
57119008291375,113819225270249
57119041523077,113819258501624
57119041619703,113819258598249
57119074870340,113819291848749
57119074947840,113819291926249
57119108213335,113819325191699
57119108307885,113819325286249
57119141538327,113819358516499
57119141636078,113819358614249
57119174868181,113819391846161
57119174964270,113819391942249
57119208233912,113819425211699
57119208324462,113819425302249
57119241558854,113819458536449
57119241652654,113819458630249
57119274885008,113819491862411
57119274980847,113819491958249
57119308213488,113819525190699
57119308309039,113819525286249
57119341544517,113819558521536
57119341637231,113819558614249
57119374880673,113819591857499
57119374965423,113819591942249
57119408207990,113819625184624
57119408293615,113819625270249
57119441531344,113819658507786
57119441621807,113819658598249
57119474850036,113819691826286
57119474950000,113819691926249
57119508184766,113819725160824
57119508278192,113819725254249
57119541554459,113819758530324
57119541654384,113819758630249
57119574886798,113819791862536
57119574982511,113819791958249
57119608220102,113819825195911
57119608310440,113819825286249
57119641547369,113819858523249
57119641638369,113819858614249
57119674874767,113819891850574
57119674966443,113819891942249
57119708202616,113819925177911
57119708294956,113819925270249
57119741534167,113819958508949
57119741623468,113819958598249
57119774861908,113819991836286
57119774951871,113819991926249
57119808189391,113820025163624
57119808280017,113820025254249
57119841550526,113820058524449
57119841640327,113820058614249
57119874877988,113820091851786
57119874968452,113820091942249
57119908205451,113820125179124
57119908296577,113820125270249
57119941532949,113820158506449
57119941624750,113820158598249
57119974860530,113820191833749
57119974953030,113820191926249
57120008191745,113820225164824
57120008281170,113820225254249
57120041548943,113820258521911
57120041641281,113820258614249
57120074880227,113820291852999
57120074969477,113820291942249
57120108207748,113820325180324
57120108297673,113820325270249
57120141535250,113820358507624
57120141625875,113820358598249
57120174862807,113820391834949
57120174954108,113820391926249
57120208190413,113820425162286
57120208282377,113820425254249
57120241551495,113820458523124
57120241642620,113820458614249
57120274879020,113820491850449
57120274970820,113820491942249
57120308206720,113820525177949
57120308299020,113820525270249
57120341539129,113820558510199
57120341627179,113820558598249
57120374863950,113820591834949
57120374955250,113820591926249
57120408192437,113820625163249
57120408283438,113820625254249
57120441517412,113820658488036
57120441611625,113820658582249
57120474846099,113820691816536
57120474939813,113820691910249
57120508177125,113820725147375
57120508268000,113820725238249
57120541545387,113820758515449
57120541644188,113820758614249
57120574880111,113820791850199
57120574972159,113820791942249
57120608201979,113820825172449
57120608299780,113820825270249
57120641529841,113820858499786
57120641628305,113820858598249
57120674858866,113820891828286
57120674956830,113820891926249
57120708186573,113820925155574
57120708285248,113820925254249
57120741517802,113820958486661
57120741613391,113820958582249
57120774875142,113820991843749
57120774973643,113820991942249
57120808210501,113821025178949
57120808301801,113821025270249
57120841531909,113821058500199
57120841629960,113821058598249
57120874862183,113821091830324
57120874958109,113821091926249
57120908189841,113821125157824
57120908286267,113821125254249
57120941518772,113821158486536
57120941614485,113821158582249
57120974886205,113821191853874
57120974974580,113821191942249
57121008207075,113821225174536
57121008302789,113821225270249
57121041533446,113821258500699
57121041630997,113821258598249
57121074868621,113821291835699
57121074959171,113821291926249
57121108196023,113821325162999
57121108287273,113821325254249
57121141495170,113821358461911
57121141615509,113821358582249
57121174878702,113821391845124
57121174975828,113821391942249
57121208207601,113821425173824
57121208304026,113821425270249
57121241535136,113821458501161
57121241632225,113821458598249
57121274866373,113821491832199
57121274960423,113821491926249
57121308190158,113821525155786
57121308288621,113821525254249
57121341521232,113821558486874
57121341616605,113821558582249
57121374877883,113821591843949
57121374976183,113821591942249
57121408214578,113821625180324
57121408304504,113821625270249
57121441541274,113821658506699
57121441632825,113821658598249
57121474870307,113821691835411
57121474961146,113821691926249
57121508193503,113821725158286
57121508289467,113821725254249
57121541522948,113821758487411
57121541617787,113821758582249
57121574880758,113821791844949
57121574946059,113821791910249
57121608216289,113821825180324
57121608306215,113821825270249
57121641542977,113821858506749
57121641634478,113821858598249
57121674865864,113821891829374
57121674962740,113821891926249
57121708203645,113821925166911
57121708290983,113821925254249
57121741526484,113821958489574
57121741619160,113821958582249
57121774855089,113821991818036
57121774947302,113821991910249
57121808216077,113822025178911
57121808307415,113822025270249
57121841543577,113822058506249
57121841635578,113822058598249
57121874871027,113822091833536
57121874963740,113822091926249
57121908202285,113822125164624
57121908291911,113822125254249
57121941529762,113822158491911
57121941620100,113822158582249
57121974857298,113822191819249
57121974948299,113822191910249
57122008219129,113822225180824
57122008308554,113822225270249
57122041539220,113822258500749
57122041636721,113822258598249
57122074870012,113822291831374
57122074964887,113822291926249
57122108200773,113822325161949
57122108293073,113822325254249
57122141528300,113822358489286
57122141621263,113822358582249
57122174859423,113822391820324
57122174949349,113822391910249
57122208213666,113822425174286
57122208309630,113822425270249
57122241546714,113822458507036
57122241637928,113822458598249
57122274874618,113822491834699
57122274966168,113822491926249
57122308201485,113822525161624
57122308294111,113822525254249
57122341144346,113822558104161
57122341622438,113822558582249
57122374852511,113822591812074
57122374950686,113822591910249
57122408265033,113822625224411
57122408278871,113822625238249
57122441551180,113822658510374
57122441607055,113822658566249
57122474874739,113822691833749
57122474935239,113822691894249
57122508201836,113822725160661
57122508263424,113822725222249
57122541530308,113822758488949
57122541639609,113822758598249
57122574863917,113822791822374
57122574967793,113822791926249
57122608215889,113822825174161
57122608295977,113822825254249
57122641548286,113822858506374
57122641624162,113822858582249
57122674909296,113822891867199
57122675000346,113822891958249
57122708239155,113822925196874
57122708328531,113822925286249
57122741560415,113822958517949
57122741656715,113822958614249
57122774887924,113822991845249
57122774984924,113822991942249
57122808215474,113823025172574
57122808313149,113823025270249
57122841546649,113823058503661
57122841641238,113823058598249
57122874874158,113823091830949
57122874969459,113823091926249
57122908201716,113823125158286
57122908297680,113823125254249
57122941529262,113823158485624
57122941625888,113823158582249
57122974858323,113823191814536
57122974954036,113823191910249
57123008188325,113823225144411
57123008282164,113823225238249
57123041546844,113823258502699
57123041642395,113823258598249
57123074874331,113823291830036
57123074970545,113823291926249
57123108205519,113823325161074
57123108298695,113823325254249
57123141533021,113823358488411
57123141626859,113823358582249
57123174860607,113823391815749
57123174955108,113823391910249
57123208193548,113823425148374
57123208283424,113823425238249
57123241549637,113823458504324
57123241643563,113823458598249
57123274875903,113823491830499
57123274971653,113823491926250
57123308203368,113823525157824
57123308299795,113823525254249
57123341519009,113823558472999
57123341628259,113823558582249
57123374866458,113823591820324
57123374956383,113823591910249
57123408190253,113823625143949
57123408284554,113823625238249
57123441517974,113823658471499
57123441612725,113823658566249
57123474846845,113823691800199
57123474940895,113823691894249
57123508176891,113823725130074
57123508269066,113823725222249
57123541552774,113823758505786
57123541629237,113823758582249
57123574884045,113823791836874
57123574957421,113823791910249
57123608210798,113823825163411
57123608285636,113823825238249
57123641530924,113823858483324
57123641613850,113823858566249
57123674867298,113823891819449
57123674974098,113823891926249
57123708194814,113823925146787
57123708302277,113823925254249
57123741555831,113823958507624
57123741630456,113823958582249
57123774883330,113823991834949
57123774958630,113823991910249
57123808210887,113824025162286
57123808286851,113824025238249
57123841542256,113824058493324
57123841615181,113824058566249
57123874869705,113824091820661
57123874975294,113824091926249
57123908197206,113824125147999
57123908303456,113824125254249
57123941558193,113824158508824
57123941631619,113824158582249
57123974889405,113824191839874
57123974959780,113824191910249
57124008213173,113824225163499
57124008287923,113824225238249
57124041540629,113824258490824
57124041616054,113824258566249
57124074871916,113824291821874
57124074976292,113824291926249
57124108229279,113824325178999
57124108304529,113824325254249
57124141556805,113824358506324
57124141632730,113824358582249
57124174887947,113824391837374
57124174960822,113824391910249
57124208215363,113824425164699
57124208288914,113824425238249
57124241542787,113824458492036
57124241617000,113824458566249
57124274870146,113824491819324
57124274977071,113824491926249
57124308231092,113824525180199
57124308305142,113824525254249
57124341555916,113824558504749
57124341633418,113824558582249
57124374883962,113824591832074
57124374962137,113824591910249
57124408211487,113824625159411
57124408290326,113824625238249
57124441542714,113824658490449
57124441618514,113824658566249
57124474870239,113824691817786
57124474946703,113824691894250
57124508197765,113824725145124
57124508274891,113824725222249
57124541525279,113824758472449
57124541635079,113824758582249
57124574886304,113824791833286
57124574963268,113824791910249
57124608213831,113824825160624
57124608291456,113824825238249
57124641541344,113824858487949
57124641619645,113824858566249
57124674872582,113824891818999
57124674979833,113824891926249
57124708200099,113824925146324
57124708308024,113824925254249
57124741527636,113824958473661
57124741636224,113824958582249
57124774888674,113824991834499
57124774964424,113824991910249
57124808216196,113825025161824
57124808292621,113825025238249
57124841543683,113825058489124
57124841620809,113825058566249
57124874871196,113825091816449
57124874980997,113825091926249
57124908198722,113825125143786
57124908309185,113825125254249
57124941529951,113825158474824
57124941637377,113825158582249
57124974887268,113825191831949
57124974965569,113825191910249
57125008218477,113825225162999
57125008293727,113825225238249
57125041545903,113825258490324
57125041621828,113825258566249
57125074873421,113825291817661
57125074950009,113825291894249
57125108200832,113825325144999
57125108310083,113825325254249
57125141528350,113825358472324
57125141638275,113825358582249
57125174855862,113825391799661
57125174966452,113825391910249
57125208220811,113825425164199
57125208294861,113825425238249
57125241544594,113825458487824
57125241623019,113825458566249
57125274875842,113825491818874
57125274951217,113825491894249
57125308203388,113825525146199
57125308279439,113825525222249
57125341530966,113825558473536
57125341639679,113825558582249
57125374861441,113825591803824
57125374967866,113825591910249
57125408217590,113825625159786
57125408296053,113825625238249
57125441550190,113825658492199
57125441624240,113825658566249
57125474876752,113825691818574
57125474952427,113825691894249
57125508204489,113825725146124
57125508280614,113825725222249
57125541534551,113825758475999
57125541640802,113825758582249
57125574857938,113825791799199
57125574968989,113825791910249
57125608222875,113825825163949
57125608297176,113825825238249
57125641545525,113825858486412
57125641625363,113825858566249
57125674876958,113825891817661
57125674953546,113825891894249
57125708197229,113825925137749
57125708281729,113825925222249
57125741531070,113825958471374
57125741641945,113825958582249
57125774853682,113825991793786
57125774970145,113825991910249
57125808218670,113826025158574
57125808298345,113826025238249
57125841546206,113826058485911
57125841626544,113826058566249
57125874877430,113826091816949
57125874954730,113826091894249
57125908204910,113826125144286
57125908282873,113826125222249
57125941532384,113826158471624
57125941643010,113826158582249
57125974859938,113826191798911
57125974971277,113826191910249
57126008187508,113826225126249
57126008299508,113826225238249
57126041548387,113826258487074
57126041627563,113826258566249
57126074875851,113826291814411
57126074955690,113826291894249
57126108203388,113826325141749
57126108283888,113826325222249
57126141534721,113826358472786
57126141644184,113826358582249
57126174861989,113826391800124
57126174972112,113826391910249
57126208188977,113826425127449
57126208299779,113826425238249
57126241550336,113826458488286
57126241628300,113826458566249
57126274878195,113826491815624
57126274956821,113826491894249
57126308205927,113826525142949
57126308285227,113826525222249
57126341537059,113826558473999
57126341613310,113826558550249
57126374860851,113826591797624
57126374973477,113826591910249
57126408192082,113826625128661
57126408301670,113826625238249
57126441519613,113826658455999
57126441629864,113826658566249
57126474847132,113826691783324
57126474958058,113826691894249
57126508174626,113826725110624
57126508286251,113826725222249
57126541535694,113826758471499
57126541614445,113826758550249
57126574863187,113826791798786
57126574974651,113826791910249
57126608190767,113826825126124
57126608302892,113826825238249
57126641551883,113826858486999
57126641631134,113826858566249
57126674879404,113826891814286
57126674959368,113826891894250
57126708206920,113826925141624
57126708287545,113826925222249
57126741538086,113826958472661
57126741615675,113826958550249
57126774865675,113826991799999
57126774975926,113826991910249
57126808193191,113827025127324
57126808304117,113827025238249
57126841554219,113827058488161
57126841632308,113827058566249
57126874881748,113827091815499
57126874960498,113827091894249
57126908209264,113827125142824
57126908288689,113827125222249
57126941536688,113827158470161
57126941616776,113827158550249
57126974867651,113827191801199
57126974976702,113827191910249
57127008195282,113827225128536
57127008304995,113827225238249
57127041522729,113827258455874
57127041633106,113827258566249
57127074887488,113827291820199
57127074961538,113827291894249
57127108208816,113827325141286
57127108289779,113827325222249
57127141577345,113827358509574
57127141666020,113827358598249
57127174904885,113827391836874
57127174994261,113827391926249
57127208232451,113827425164199
57127208322502,113827425254249
57127241559959,113827458491536
57127241650672,113827458582249
57127274887323,113827491818874
57127274978699,113827491910249
57127308218584,113827525149911
57127308306923,113827525238249
57127341546117,113827558477249
57127341635118,113827558566249
57127374873637,113827591804574
57127374963312,113827591894249
57127408194668,113827625125411
57127408291507,113827625222249
57127441525701,113827658456249
57127441619701,113827658550249
57127474856932,113827691787286
57127474947896,113827691878249
57127508184252,113827725114411
57127508276090,113827725206249
57127541539410,113827758469374
57127541636285,113827758566249
57127574870641,113827791800411
57127574964480,113827791894249
57127608197961,113827825127536
57127608292674,113827825222249
57127641541559,113827858470949
57127641620860,113827858550249
57127674854173,113827891783374
57127674949049,113827891878249
57127708215247,113827925144199
57127708309298,113827925238249
57127741537639,113827958466449
57127741637439,113827958566249
57127774865331,113827991793999
57127774965581,113827991894249
57127808203022,113828025131536
57127808293736,113828025222249
57127841532146,113828058460449
57127841621947,113828058550249
57127874856193,113828091784286
57127874950156,113828091878249
57127908234756,113828125162786
57127908310219,113828125238249
57127941545106,113828158473074
57127941638281,113828158566249
57127974844249,113828191771999
57127974966502,113828191894249
57128008200937,113828225128162
57128008295025,113828225222250
